,ISG15,IFI6,ISG20,IFIT3,IFIT1,B2M,IFIT2,MT2A,RSAD2,IRF7
0,0.0,0.0,0.37775007,0.0,0.0,4.1653457,0.0,0.0,0.0,0.0
1,0.0,0.0,0.3785239,0.0,0.0,4.1656375,0.0,0.0,0.0,0.0
2,0.0,0.0,0.37929785,0.0,0.0,4.1659303,0.0,0.0,0.0,0.0
3,0.0,0.0,0.38007164,0.0,0.0,4.1662226,0.0,0.0,0.0,0.0
4,0.0,0.0,0.3808455,0.0,0.0,4.166515,0.0,0.0,0.0,0.0
5,0.0,0.0,0.38161927,0.0,0.0,4.1668077,0.0,0.0,0.0,0.0
6,0.0,0.0,0.38239312,0.0,0.0,4.1671,0.0,0.0,0.0,0.0
7,0.0,0.0,0.3831669,0.0,0.0,4.1673923,0.0,0.0,0.0,0.0
8,0.0,0.0,0.38394082,0.0,0.0,4.1676846,0.0,0.0,0.0,0.0
9,0.0,0.0,0.38471463,0.0,0.0,4.167977,0.0,0.0,0.0,0.0
10,0.0,0.0,0.3854884,0.0,0.0,4.168269,0.0,0.0,0.0,0.0
11,0.0,0.0,0.38626236,0.0,0.0,4.168562,0.0,0.0,0.0,0.0
12,0.0,0.0,0.38703617,0.0,0.0,4.168854,0.0,0.0,0.0,0.0
13,0.0,0.0,0.38781,0.0,0.0,4.1691465,0.0,0.0,0.0,0.0
14,0.0,0.0,0.38858378,0.0,0.0,4.1694393,0.0,0.0,0.0,0.0
15,0.0,0.0,0.3893578,0.0,0.0,4.169731,0.0,0.0,0.0,0.0
16,0.0,0.0,0.39013153,0.0,0.0,4.170024,0.0,0.0,0.0,0.0
17,0.0,0.0,0.39090532,0.0,0.0,4.170316,0.0,0.0,0.0,0.0
18,0.0,0.0,0.39167917,0.0,0.0,4.1706085,0.0,0.0,0.0,0.0
19,0.0,0.0,0.39245307,0.0,0.0,4.170901,0.0,0.0,0.0,0.0
20,0.0,0.0,0.39322692,0.0,0.0,4.1711926,0.0,0.0,0.0,0.0
21,0.0,0.0,0.39400077,0.0,0.0,4.171486,0.0,0.0,0.0,0.0
22,0.0,0.0,0.39477462,0.0,0.0,4.171778,0.0,0.0,0.0,0.0
23,0.0,0.0,0.39554852,0.0,0.0,4.17207,0.0,0.0,0.0,0.0
24,0.0,0.0,0.39632216,0.0,0.0,4.172363,0.0,0.0,0.0,0.0
25,0.0,0.0,0.3970963,0.0,0.0,4.1726556,0.0,0.0,0.0,0.0
26,0.0,0.0,0.39787117,0.0,0.0,4.1729503,0.0,0.0,0.0,0.0
27,0.0,0.0,0.39864606,0.0,0.0,4.173245,0.0,0.0,0.0,0.0
28,0.0,0.0,0.39942086,0.0,0.0,4.173539,0.0,0.0,0.0,0.0
29,0.0,0.0,0.40019554,0.0,0.0,4.173834,0.0,0.0,0.0,0.0
30,0.0,0.0,0.40097046,0.0,0.0,4.174128,0.0,0.0,0.0,0.0
31,0.0,0.0,0.40174526,0.0,0.0,4.1744223,0.0,0.0,0.0,0.0
32,0.0,0.0,0.4025203,0.0,0.0,4.1747165,0.0,0.0,0.0,0.0
33,0.0,0.0,0.40329498,0.0,0.0,4.175011,0.0,0.0,0.0,0.0
34,0.0,0.0,0.40406975,0.0,0.0,4.1753054,0.0,0.0,0.0,0.0
35,0.0,0.0,0.40484458,0.0,0.0,4.1756,0.0,0.0,0.0,0.0
36,0.0,0.0,0.40561938,0.0,0.0,4.1758943,0.0,0.0,0.0,0.0
37,0.0,0.0,0.40639427,0.0,0.0,4.1761894,0.0,0.0,0.0,0.0
38,0.0,0.0,0.40716913,0.0,0.0,4.1764827,0.0,0.0,0.0,0.0
39,0.0,0.0,0.40794393,0.0,0.0,4.1767783,0.0,0.0,0.0,0.0
40,0.0,0.0,0.4087187,0.0,0.0,4.1770725,0.0,0.0,0.0,0.0
41,0.0,0.0,0.4094936,0.0,0.0,4.1773667,0.0,0.0,0.0,0.0
42,0.0,0.0,0.41026834,0.0,0.0,4.177661,0.0,0.0,0.0,0.0
43,0.0,0.0,0.41104323,0.0,0.0,4.1779556,0.0,0.0,0.0,0.0
44,0.0,0.0,0.411818,0.0,0.0,4.17825,0.0,0.0,0.0,0.0
45,0.0,0.0,0.41259283,0.0,0.0,4.1785445,0.0,0.0,0.0,0.0
46,0.0,0.0,0.41336757,0.0,0.0,4.1788387,0.0,0.0,0.0,0.0
47,0.0,0.0,0.41414255,0.0,0.0,4.1791334,0.0,0.0,0.0,0.0
48,0.0,0.0,0.41491726,0.0,0.0,4.1794276,0.0,0.0,0.0,0.0
49,0.0,0.0,0.41569215,0.0,0.0,4.1797223,0.0,0.0,0.0,0.0
50,0.0,0.0,0.416467,0.0,0.0,4.1800165,0.0,0.0,0.0,0.0
51,0.0,0.0,0.41724184,0.0,0.0,4.180311,0.0,0.0,0.0,0.0
52,0.0,0.0,0.41801652,0.0,0.0,4.1806054,0.0,0.0,0.0,0.0
53,0.0,0.0,0.41878656,0.0,0.0,4.1808925,0.0,0.0,0.0,0.0
54,0.0,0.0,0.41955474,0.0,0.0,4.1811767,0.0,0.0,0.0,0.0
55,0.0,0.0,0.42032298,0.0,0.0,4.1814604,0.0,0.0,0.0,0.0
56,0.0,0.0,0.4210911,0.0,0.0,4.181745,0.0,0.0,0.0,0.0
57,0.0,0.0,0.42185923,0.0,0.0,4.1820297,0.0,0.0,0.0,0.0
58,0.0,0.0,0.4226275,0.0,0.0,4.1823134,0.0,0.0,0.0,0.0
59,0.0,0.0,0.4233955,0.0,0.0,4.1825976,0.0,0.0,0.0,0.0
60,0.0,0.0,0.42416382,0.0,0.0,4.1828814,0.0,0.0,0.0,0.0
61,0.0,0.0,0.42493185,0.0,0.0,4.183166,0.0,0.0,0.0,0.0
62,0.0,0.0,0.4257001,0.0,0.0,4.1834497,0.0,0.0,0.0,0.0
63,0.0,0.0,0.42646825,0.0,0.0,4.1837344,0.0,0.0,0.0,0.0
64,0.0,0.0,0.4272366,0.0,0.0,4.184018,0.0,0.0,0.0,0.0
65,0.0,0.0,0.4280046,0.0,0.0,4.1843023,0.0,0.0,0.0,0.0
66,0.0,0.0,0.42877284,0.0,0.0,4.1845875,0.0,0.0,0.0,0.0
67,0.0,0.0,0.42954114,0.0,0.0,4.184871,0.0,0.0,0.0,0.0
68,0.0,0.0,0.43030924,0.0,0.0,4.185155,0.0,0.0,0.0,0.0
69,0.0,0.0,0.43107736,0.0,0.0,4.185439,0.0,0.0,0.0,0.0
70,0.0,0.0,0.43184543,0.0,0.0,4.185724,0.0,0.0,0.0,0.0
71,0.0,0.0,0.43261385,0.0,0.0,4.186008,0.0,0.0,0.0,0.0
72,0.0,0.0,0.43338206,0.0,0.0,4.1862917,0.0,0.0,0.0,0.0
73,0.0,0.0,0.4341501,0.0,0.0,4.186576,0.0,0.0,0.0,0.0
74,0.0,0.0,0.43491796,0.0,0.0,4.186861,0.0,0.0,0.0,0.0
75,0.0,0.0,0.43568176,0.0,0.0,4.187147,0.0,0.0,0.0,0.0
76,0.0,0.0,0.43644568,0.0,0.0,4.1874347,0.0,0.0,0.0,0.0
77,0.0,0.0,0.43720943,0.0,0.0,4.1877213,0.0,0.0,0.0,0.0
78,0.0,0.0,0.43797326,0.0,0.0,4.1880083,0.0,0.0,0.0,0.0
79,0.0,0.0,0.43873706,0.0,0.0,4.1882954,0.0,0.0,0.0,0.0
80,0.0,0.0,0.43950075,0.0,0.0,4.1885824,0.0,0.0,0.0,0.0
81,0.0,0.0,0.4402644,0.0,0.0,4.1888685,0.0,0.0,0.0,0.0
82,0.0,0.0,0.44102824,0.0,0.0,4.189156,0.0,0.0,0.0,0.0
83,0.0,0.0,0.44179213,0.0,0.0,4.1894426,0.0,0.0,0.0,0.0
84,0.0,0.0,0.44255584,0.0,0.0,4.1897297,0.0,0.0,0.0,0.0
85,0.0,0.0,0.44332105,0.0,0.0,4.1900177,0.0,0.0,0.0,0.0
86,0.0,0.0,0.44408858,0.0,0.0,4.190306,0.0,0.0,0.0,0.0
87,0.0,0.0,0.44485596,0.0,0.0,4.190596,0.0,0.0,0.0,0.0
88,0.0,0.0,0.4456236,0.0,0.0,4.1908846,0.0,0.0,0.0,0.0
89,0.0,0.0,0.4463911,0.0,0.0,4.191173,0.0,0.0,0.0,0.0
90,0.0,0.0,0.44715852,0.0,0.0,4.191462,0.0,0.0,0.0,0.0
91,0.0,0.0,0.44792622,0.0,0.0,4.1917515,0.0,0.0,0.0,0.0
92,0.0,0.0,0.44869363,0.0,0.0,4.19204,0.0,0.0,0.0,0.0
93,0.0,0.0,0.4494515,0.0,0.0,4.192315,0.0,0.0,0.0,0.0
94,0.0,0.0,0.4501969,0.0,0.0,4.192572,0.0,0.0,0.0,0.0
95,0.0,0.0,0.45094213,0.0,0.0,4.192829,0.0,0.0,0.0,0.0
96,0.0,0.0,0.4516877,0.0,0.0,4.1930866,0.0,0.0,0.0,0.0
97,0.0,0.0,0.45243347,0.0,0.0,4.193344,0.0,0.0,0.0,0.0
98,0.0,0.0,0.45317978,0.0,0.0,4.1936016,0.0,0.0,0.0,0.0
99,0.0,0.0,0.4539262,0.0,0.0,4.1938596,0.0,0.0,0.0,0.0
100,0.0,0.0,0.45467252,0.0,0.0,4.194118,0.0,0.0,0.0,0.0
101,0.0,0.0,0.45541897,0.0,0.0,4.1943765,0.0,0.0,0.0,0.0
102,0.0,0.0,0.45616537,0.0,0.0,4.1946344,0.0,0.0,0.0,0.0
103,0.0,0.0,0.45691454,0.0,0.0,4.1948957,0.0,0.0,0.0,0.0
104,0.0,0.0,0.45766404,0.0,0.0,4.1951575,0.0,0.0,0.0,0.0
105,0.0,0.0,0.45841342,0.0,0.0,4.195419,0.0,0.0,0.0,0.0
106,0.0,0.0,0.4591627,0.0,0.0,4.1956806,0.0,0.0,0.0,0.0
107,0.0,0.0,0.45991212,0.0,0.0,4.1959424,0.0,0.0,0.0,0.0
108,0.0,0.0,0.46066147,0.0,0.0,4.196203,0.0,0.0,0.0,0.0
109,0.0,0.0,0.46141088,0.0,0.0,4.196465,0.0,0.0,0.0,0.0
110,0.0,0.0,0.46216014,0.0,0.0,4.196726,0.0,0.0,0.0,0.0
111,0.0,0.0,0.46291018,0.0,0.0,4.19699,0.0,0.0,0.0,0.0
112,0.0,0.0,0.46366033,0.0,0.0,4.197254,0.0,0.0,0.0,0.0
113,0.0,0.0,0.46441036,0.0,0.0,4.197518,0.0,0.0,0.0,0.0
114,0.0,0.0,0.46516043,0.0,0.0,4.197781,0.0,0.0,0.0,0.0
115,0.0,0.0,0.4659105,0.0,0.0,4.1980453,0.0,0.0,0.0,0.0
116,0.0,0.0,0.46666044,0.0,0.0,4.198309,0.0,0.0,0.0,0.0
117,0.0,0.0,0.46741062,0.0,0.0,4.198574,0.0,0.0,0.0,0.0
118,0.0,0.0,0.4681614,0.0,0.0,4.198841,0.0,0.0,0.0,0.0
119,0.0,0.0,0.4689122,0.0,0.0,4.199108,0.0,0.0,0.0,0.0
120,0.0,0.0,0.4696631,0.0,0.0,4.1993756,0.0,0.0,0.0,0.0
121,0.0,0.0,0.47041386,0.0,0.0,4.1996436,0.0,0.0,0.0,0.0
122,0.0,0.0,0.47116464,0.0,0.0,4.199911,0.0,0.0,0.0,0.0
123,0.0,0.0,0.47191733,0.0,0.0,4.200181,0.0,0.0,0.0,0.0
124,0.0,0.0,0.47267073,0.0,0.0,4.2004514,0.0,0.0,0.0,0.0
125,0.0,0.0,0.47342405,0.0,0.0,4.2007213,0.0,0.0,0.0,0.0
126,0.0,0.0,0.4741773,0.0,0.0,4.2009916,0.0,0.0,0.0,0.0
127,0.0,0.0,0.47493067,0.0,0.0,4.201263,0.0,0.0,0.0,0.0
128,0.0,0.0,0.47568405,0.0,0.0,4.2015333,0.0,0.0,0.0,0.0
129,0.0,0.0,0.47643661,0.0,0.0,4.2018023,0.0,0.0,0.0,0.0
130,0.0,0.0,0.47718656,0.0,0.0,4.202067,0.0,0.0,0.0,0.0
131,0.0,0.0,0.47793645,0.0,0.0,4.202332,0.0,0.0,0.0,0.0
132,0.0,0.0,0.4786865,0.0,0.0,4.202597,0.0,0.0,0.0,0.0
133,0.0,0.0,0.4794364,0.0,0.0,4.202862,0.0,0.0,0.0,0.0
134,0.0,0.0,0.48018634,0.0,0.0,4.2031274,0.0,0.0,0.0,0.0
135,0.0,0.0,0.4809364,0.0,0.0,4.203392,0.0,0.0,0.0,0.0
136,0.0,0.0,0.48168656,0.0,0.0,4.2036576,0.0,0.0,0.0,0.0
137,0.0,0.0,0.48243663,0.0,0.0,4.2039223,0.0,0.0,0.0,0.0
138,0.0,0.0,0.4831867,0.0,0.0,4.2041874,0.0,0.0,0.0,0.0
139,0.0,0.0,0.48393673,0.0,0.0,4.204453,0.0,0.0,0.0,0.0
140,0.0,0.0,0.4846868,0.0,0.0,4.2047186,0.0,0.0,0.0,0.0
141,0.0,0.0,0.4854369,0.0,0.0,4.204983,0.0,0.0,0.0,0.0
142,0.0,0.0,0.48618692,0.0,0.0,4.2052484,0.0,0.0,0.0,0.0
143,0.0,0.0,0.48693714,0.0,0.0,4.2055135,0.0,0.0,0.0,0.0
144,0.0,0.0,0.4876875,0.0,0.0,4.2057786,0.0,0.0,0.0,0.0
145,0.0,0.0,0.48844102,0.0,0.0,4.206048,0.0,0.0,0.0,0.0
146,0.0,0.0,0.4891925,0.0,0.0,4.206314,0.0,0.0,0.0,0.0
147,0.0,0.0,0.4899433,0.0,0.0,4.2065783,0.0,0.0,0.0,0.0
148,0.0,0.0,0.4906941,0.0,0.0,4.206843,0.0,0.0,0.0,0.0
149,0.0,0.0,0.49144512,0.0,0.0,4.2071075,0.0,0.0,0.0,0.0
150,0.0,0.0,0.49219573,0.0,0.0,4.2073736,0.0,0.0,0.0,0.0
151,0.0,0.0,0.49294674,0.0,0.0,4.207638,0.0,0.0,0.0,0.0
152,0.0,0.0,0.49368662,0.0,0.0,4.2078896,0.0,0.0,0.0,0.0
153,0.0,0.0,0.49442035,0.0,0.0,4.2081327,0.0,0.0,0.0,0.0
154,0.0,0.0,0.49515432,0.0,0.0,4.2083774,0.0,0.0,0.0,0.0
155,0.0,0.0,0.49588776,0.0,0.0,4.208621,0.0,0.0,0.0,0.0
156,0.0,0.0,0.49662158,0.0,0.0,4.208865,0.0,0.0,0.0,0.0
157,0.0,0.0,0.49735522,0.0,0.0,4.2091093,0.0,0.0,0.0,0.0
158,0.0,0.0,0.49808922,0.0,0.0,4.2093534,0.0,0.0,0.0,0.0
159,0.0,0.0,0.4988231,0.0,0.0,4.209599,0.0,0.0,0.0,0.0
160,0.0,0.0,0.49955708,0.0,0.0,4.2098446,0.0,0.0,0.0,0.0
161,0.0,0.0,0.5002911,0.0,0.0,4.21009,0.0,0.0,0.0,0.0
162,0.0,0.0,0.5010251,0.0,0.0,4.210335,0.0,0.0,0.0,0.0
163,0.0,0.0,0.50175893,0.0,0.0,4.210581,0.0,0.0,0.0,0.0
164,0.0,0.0,0.50249296,0.0,0.0,4.210827,0.0,0.0,0.0,0.0
165,0.0,0.0,0.50322694,0.0,0.0,4.2110724,0.0,0.0,0.0,0.0
166,0.0,0.0,0.5039611,0.0,0.0,4.2113175,0.0,0.0,0.0,0.0
167,0.0,0.0,0.5046949,0.0,0.0,4.2115636,0.0,0.0,0.0,0.0
168,0.0,0.0,0.5054288,0.0,0.0,4.21181,0.0,0.0,0.0,0.0
169,0.0,0.0,0.5061624,0.0,0.0,4.2120566,0.0,0.0,0.0,0.0
170,0.0,0.0,0.50689626,0.0,0.0,4.212303,0.0,0.0,0.0,0.0
171,0.0,0.0,0.5076302,0.0,0.0,4.2125497,0.0,0.0,0.0,0.0
172,0.0,0.00066533685,0.50836396,0.0,0.0,4.212796,0.0,0.0,0.0,0.00034055114
173,0.0,0.001473695,0.5090979,0.0,0.0,4.2130427,0.0,0.0,0.0,0.00075247884
174,0.0,0.0022817254,0.5098317,0.0,0.0,4.213289,0.0,0.0,0.0,0.0011641681
175,0.0,0.0030896962,0.51056564,0.0,0.0,4.2135353,0.0,0.0,0.0,0.0015759468
176,0.0,0.0038980842,0.5112993,0.0,0.0,4.213782,0.0,0.0,0.0,0.0019876063
177,0.0,0.004706055,0.5120332,0.0,0.0,4.214028,0.0,0.0,0.0,0.0023993254
178,0.0,0.0055143833,0.5127672,0.0,0.0,4.2142754,0.0,0.0,0.0,0.0028111339
179,0.0,0.0063225925,0.5135009,0.0,0.0,4.2145214,0.0,0.0,0.0,0.0032229125
180,0.0,0.007130593,0.5142347,0.0,0.0,4.214768,0.0,0.0,0.0,0.0036345422
181,0.0,0.007939011,0.51496875,0.0,0.0,4.215015,0.0,0.0,0.0,0.0040464103
182,0.0,0.00874725,0.5157025,0.0,0.0,4.2152615,0.0,0.0,0.0,0.00445804
183,0.0,0.009558797,0.5164391,0.0,0.0,4.215512,0.0,0.0,0.0,0.004868567
184,0.0,0.010370463,0.51717556,0.0,0.0,4.2157626,0.0,0.0,0.0,0.0052790344
185,0.0,0.011182159,0.5179121,0.0,0.0,4.2160134,0.0,0.0,0.0,0.0056895614
186,0.0,0.011993796,0.5186485,0.0,0.0,4.2162642,0.0,0.0,0.0,0.0061000288
187,0.0,0.012805104,0.519385,0.0,0.0,4.2165146,0.0,0.0,0.0,0.0065104067
188,0.0,0.0136170685,0.52012146,0.0,0.0,4.216766,0.0,0.0,0.0,0.006920904
189,0.0,0.014428675,0.5208579,0.0,0.0,4.2170157,0.0,0.0,0.0,0.0073313415
190,0.0,0.015240431,0.5215943,0.0,0.0,4.2172675,0.0,0.0,0.0,0.007741928
191,0.0,0.01604867,0.52232766,0.0,0.0,4.217514,0.0,0.0,0.0,0.008153588
192,0.0,0.016854763,0.5230587,0.0,0.0,4.2177587,0.0,0.0,0.0,0.0085657835
193,0.0,0.017660528,0.52378976,0.0,0.0,4.2180023,0.0,0.0,0.0,0.008978099
194,0.0,0.01846674,0.5245209,0.0,0.0,4.2182465,0.0,0.0,0.0,0.009390473
195,0.0,0.019272953,0.5252519,0.0,0.0,4.218491,0.0,0.0,0.0,0.009802908
196,0.0,0.020078689,0.5259831,0.0,0.0,4.218736,0.0,0.0,0.0,0.010215253
197,0.0,0.020884871,0.5267142,0.0,0.0,4.218981,0.0,0.0,0.0,0.010627598
198,0.0,0.021690786,0.5274451,0.0,0.0,4.219225,0.0,0.0,0.0,0.011039883
199,0.0,0.02249682,0.52817637,0.0,0.0,4.219469,0.0,0.0,0.0,0.011452347
200,0.0,0.023302972,0.5289074,0.0,0.0,4.219714,0.0,0.0,0.0,0.011864603
201,0.0,0.024108857,0.5296384,0.0,0.0,4.2199583,0.0,0.0,0.0,0.0122769475
202,0.0,0.02491507,0.53036946,0.0,0.0,4.220202,0.0,0.0,0.0,0.012689263
203,0.0,0.025720924,0.5311006,0.0,0.0,4.2204466,0.0,0.0,0.0,0.013101608
204,0.0,0.026526928,0.53183174,0.0,0.0,4.220691,0.0,0.0,0.0,0.013514042
205,0.0,0.027333051,0.53256273,0.0,0.0,4.2209353,0.0,0.0,0.0,0.013926297
206,0.0,0.028139085,0.5332939,0.0,0.0,4.2211795,0.0,0.0,0.0,0.014338821
207,0.0,0.028945237,0.5340251,0.0,0.0,4.221425,0.0,0.0,0.0,0.014751077
208,0.0,0.029750913,0.53475606,0.0,0.0,4.2216687,0.0,0.0,0.0,0.015163422
209,0.0,0.030556917,0.5354868,0.0,0.0,4.221908,0.0,0.0,0.0,0.015575677
210,0.0,0.031362325,0.53621745,0.0,0.0,4.222147,0.0,0.0,0.0,0.015988141
211,0.0,0.03216815,0.5369484,0.0,0.0,4.222387,0.0,0.0,0.0,0.016400397
212,0.0,0.032973796,0.5376791,0.0,0.0,4.2226267,0.0,0.0,0.0,0.016812652
213,0.0,0.033779353,0.53840995,0.0,0.0,4.222866,0.0,0.0,0.0,0.017225057
214,0.0,0.03458497,0.5391407,0.0,0.0,4.223105,0.0,0.0,0.0,0.017637312
215,0.0,0.035390824,0.5398715,0.0,0.0,4.223345,0.0,0.0,0.0,0.018049777
216,0.0,0.03619638,0.54060215,0.0,0.0,4.2235847,0.0,0.0,0.0,0.018462032
217,0.0,0.037002057,0.54133296,0.0,0.0,4.223824,0.0,0.0,0.0,0.018874258
218,0.0,0.037807643,0.5420637,0.0,0.0,4.2240634,0.0,0.0,0.0,0.019286692
219,0.0,0.03861323,0.54279447,0.0,0.0,4.224303,0.0,0.0,0.0,0.019698977
220,0.0,0.039418846,0.5435252,0.0,0.0,4.224542,0.0,0.0,0.0,0.020111263
221,0.0,0.0402247,0.54425603,0.0,0.0,4.2247815,0.0,0.0,0.0,0.020523638
222,0.0,0.041030258,0.54498696,0.0,0.0,4.225021,0.0,0.0,0.0,0.020935982
223,0.0,0.041835874,0.5457176,0.0,0.0,4.2252603,0.0,0.0,0.0,0.021348238
224,0.0,0.04264164,0.5464484,0.0,0.0,4.2254996,0.0,0.0,0.0,0.021760613
225,0.0,0.043447226,0.547179,0.0,0.0,4.225739,0.0,0.0,0.0,0.022172898
226,0.0,0.044252872,0.54790986,0.0,0.0,4.225979,0.0,0.0,0.0,0.022585183
227,0.0,0.04505816,0.54864097,0.0,0.0,4.2262187,0.0,0.0,0.0,0.022996664
228,0.0,0.045863092,0.54937196,0.0,0.0,4.226458,0.0,0.0,0.0,0.023407698
229,0.0,0.046668887,0.55010325,0.0,0.0,4.226698,0.0,0.0,0.0,0.023819149
230,0.0,0.047475517,0.5508346,0.0,0.0,4.2269387,0.0,0.0,0.0,0.024230689
231,0.0,0.048284113,0.5515684,0.0,0.0,4.227182,0.0,0.0,0.0,0.024644047
232,0.0,0.04909289,0.5523024,0.0,0.0,4.227425,0.0,0.0,0.0,0.025057465
233,0.0,0.049901456,0.5530364,0.0,0.0,4.227668,0.0,0.0,0.0,0.025470793
234,0.0,0.05071017,0.5537703,0.0,0.0,4.2279115,0.0,0.0,0.0,0.0258843
235,0.0,0.051519096,0.5545042,0.0,0.0,4.2281547,0.0,0.0,0.0,0.026297629
236,0.0,0.05232781,0.5552382,0.0,0.0,4.228398,0.0,0.0,0.0,0.026711017
237,0.0,0.053136438,0.5559723,0.0,0.0,4.228641,0.0,0.0,0.0,0.027124554
238,0.0,0.053945333,0.5567062,0.0,0.0,4.2288847,0.0,0.0,0.0,0.027538031
239,0.0,0.05475399,0.5574402,0.0,0.0,4.229128,0.0,0.0,0.0,0.02795124
240,0.0,0.055562913,0.55817413,0.0,0.0,4.229371,0.0,0.0,0.0,0.028364748
241,0.0,0.05637178,0.5589082,0.0,0.0,4.229614,0.0,0.0,0.0,0.028778195
242,0.0,0.057180315,0.55964226,0.0,0.0,4.229857,0.0,0.0,0.0,0.029191554
243,0.0,0.05798915,0.56037605,0.0,0.0,4.2301006,0.0,0.0,0.0,0.029605001
244,0.0,0.058797896,0.56111,0.0,0.0,4.230344,0.0,0.0,0.0,0.030018419
245,0.0,0.059606582,0.56184417,0.0,0.0,4.2305865,0.0,0.0,0.0,0.030431807
246,0.0,0.060415387,0.5625781,0.0,0.0,4.2308297,0.0,0.0,0.0,0.030845255
247,0.0,0.061223984,0.56331205,0.0,0.0,4.2310734,0.0,0.0,0.0,0.031258643
248,0.0,0.062030673,0.56404424,0.0,0.0,4.231314,0.0,0.0,0.0,0.03167221
249,0.0,0.062830746,0.5647713,0.0,0.0,4.23155,0.0,0.0,0.0,0.03208658
250,0.0,0.06363106,0.5654981,0.0,0.0,4.231785,0.0,0.0,0.0,0.032500982
251,0.0,0.06443137,0.5662252,0.0,0.0,4.232021,0.0,0.0,0.0,0.032915473
252,0.0012225509,0.06523174,0.56695205,0.0,0.0,4.2322555,0.0,0.0,0.0,0.033329874
253,0.002562821,0.06603202,0.56767905,0.0,0.0,4.2324905,0.0,0.0,0.0,0.033744305
254,0.003902793,0.066832095,0.56840605,0.0,0.0,4.232726,0.0,0.0,0.0,0.034158677
255,0.0052431226,0.067632526,0.5691329,0.0,0.0,4.232961,0.0,0.0,0.0,0.03457308
256,0.006582916,0.06843269,0.56985986,0.0,0.0,4.2331963,0.0,0.0,0.0,0.03498748
257,0.007922947,0.06923279,0.57058674,0.0,0.0,4.2334313,0.0,0.0,0.0,0.03540188
258,0.009263337,0.07003322,0.57131374,0.0,0.0,4.2336674,0.0,0.0,0.0,0.035816282
259,0.01060313,0.07083318,0.5720407,0.0,0.0,4.233902,0.0,0.0,0.0,0.036230624
260,0.011945784,0.071635544,0.57277,0.0,0.0,4.2341394,0.0,0.0,0.0,0.0366427
261,0.013289094,0.07243833,0.57349986,0.0,0.0,4.234379,0.0,0.0,0.0,0.037054062
262,0.0146327615,0.07324126,0.5742299,0.0,0.0,4.234617,0.0,0.0,0.0,0.037465572
263,0.015976131,0.07404402,0.57495993,0.0,0.0,4.234856,0.0,0.0,0.0,0.037876874
264,0.01731944,0.074846864,0.5756899,0.0,0.0,4.2350945,0.0,0.0,0.0,0.038288385
265,0.01866299,0.07564971,0.5764199,0.0,0.0,4.235333,0.0,0.0,0.0,0.038699746
266,0.020006299,0.07645249,0.57714987,0.0,0.0,4.235571,0.0,0.0,0.0,0.039111227
267,0.021349609,0.0772554,0.5778797,0.0,0.0,4.2358103,0.0,0.0,0.0,0.03952253
268,0.02269286,0.078058034,0.5786098,0.0,0.0,4.236048,0.0,0.0,0.0,0.03993377
269,0.024030328,0.0788545,0.5793393,0.0,0.0,4.2362833,0.0,0.0,0.0,0.04034117
270,0.025368392,0.079651535,0.58006907,0.0,0.0,4.2365184,0.0,0.0,0.0,0.040748775
271,0.02670461,0.080447346,0.58079875,0.0,0.0,4.236752,0.0,0.0,0.0,0.041156977
272,0.028034627,0.08123851,0.58152866,0.0,0.0,4.2369823,0.0,0.0,0.0,0.041568547
273,0.029364705,0.08202943,0.5822586,0.0,0.0,4.237212,0.0,0.0,0.0,0.04198003
274,0.030694544,0.082820565,0.58298874,0.0,0.0,4.2374425,0.0,0.0,0.0,0.0423916
275,0.032024562,0.08361155,0.5837188,0.0,0.0,4.2376723,0.0,0.0,0.0,0.04280311
276,0.033354342,0.08440274,0.5844488,0.0,0.0,4.2379026,0.0,0.0,0.0,0.04321471
277,0.03468448,0.08519387,0.58517873,0.0,0.0,4.238132,0.0,0.0,0.0,0.04362622
278,0.036014378,0.085984975,0.5859088,0.0,0.0,4.2383623,0.0,0.0,0.0,0.04403779
279,0.037346482,0.08677757,0.58664036,0.0,0.0,4.2385926,0.0,0.0,0.0,0.04444766
280,0.038678765,0.08757004,0.58737195,0.0,0.0,4.238823,0.0,0.0,0.0,0.044857323
281,0.040011287,0.08836278,0.58810353,0.0,0.0,4.239054,0.0,0.0,0.0,0.045267224
282,0.04134363,0.089155495,0.58883524,0.0,0.0,4.2392845,0.0,0.0,0.0,0.045676976
283,0.04267615,0.0899483,0.5895669,0.0,0.0,4.239515,0.0,0.0,0.0,0.04608679
284,0.044008195,0.09074083,0.5902984,0.0,0.0,4.2397456,0.0,0.0,0.0,0.04649666
285,0.045340538,0.09153351,0.5910303,0.0,0.0,4.239976,0.0,0.0,0.0,0.046906292
286,0.04667312,0.092326075,0.5917617,0.0,0.0,4.2402067,0.0,0.0,0.0,0.047316313
287,0.048004746,0.09311792,0.5924932,0.0,0.0,4.2404366,0.0,0.0,0.0,0.047725856
288,0.049336493,0.09390935,0.59322447,0.0,0.0,4.240665,0.0,0.0,0.0,0.048135668
289,0.050667882,0.094700426,0.59395695,0.0,0.0,4.2408943,0.0,0.0,0.0,0.04854563
290,0.051999032,0.09549141,0.59468955,0.0,0.0,4.241123,0.0,0.0,0.0,0.04895538
291,0.05333036,0.096282244,0.59542215,0.0,0.0,4.241352,0.0,0.0,0.0,0.04936531
292,0.05466175,0.097073525,0.59615487,0.0,0.0,4.2415814,0.0,0.0,0.0,0.049775213
293,0.05599338,0.09786448,0.59688735,0.0,0.0,4.2418103,0.0,0.0,0.0,0.050185233
294,0.057324708,0.09865561,0.59762,0.0,0.0,4.2420397,0.0,0.0,0.0,0.050595134
295,0.058655858,0.099446714,0.59835255,0.0,0.0,4.2422686,0.0,0.0,0.0,0.051005006
296,0.059987366,0.10023782,0.59908515,0.0,0.0,4.242498,0.0,0.0,0.0,0.051414937
297,0.061318815,0.10102883,0.5998177,0.0,0.0,4.242727,0.0,0.0,0.0,0.051824808
298,0.062651455,0.10182083,0.6005505,0.0,0.0,4.242956,0.0,0.0,0.0,0.05223325
299,0.06398469,0.102613,0.60128325,0.0,0.0,4.243186,0.0,0.0,0.0,0.05264154
300,0.06531757,0.10340536,0.60201603,0.0,0.0,4.2434154,0.0,0.0,0.0,0.053049654
301,0.06665093,0.10419753,0.60274875,0.0,0.0,4.2436447,0.0,0.0,0.0,0.053457946
302,0.067983866,0.10498971,0.60348153,0.0,0.0,4.2438745,0.0,0.0,0.0,0.05386606
303,0.069316864,0.10578188,0.6042143,0.0,0.0,4.2441044,0.0,0.0,0.0,0.05427423
304,0.07064998,0.10657412,0.604947,0.0,0.0,4.2443333,0.0,0.0,0.0,0.054682404
305,0.071982324,0.107366234,0.6056796,0.0,0.0,4.2445626,0.0,0.0,0.0,0.05508992
306,0.07331222,0.10815838,0.60641193,0.0,0.0,4.2447896,0.0,0.0,0.0,0.055494457
307,0.07464212,0.10895082,0.60714436,0.0,0.0,4.245017,0.0,0.0,0.0,0.055898935
308,0.07597244,0.10974327,0.60787684,0.0,0.0,4.2452445,0.0,0.0,0.0,0.05630365
309,0.07730222,0.11053532,0.6086092,0.0,0.0,4.245472,0.0,0.0,0.0,0.056708127
310,0.07863206,0.11132762,0.6093414,0.0,0.0,4.245699,0.0,0.0,0.0,0.057112604
311,0.079962134,0.11211994,0.6100738,0.0,0.0,4.245926,0.0,0.0,0.0,0.0575172
312,0.08129203,0.11291218,0.6108061,0.0,0.0,4.2461534,0.0,0.0,0.0,0.057921648
313,0.08262193,0.11370435,0.6115385,0.0,0.0,4.24638,0.0,0.0,0.0,0.058326215
314,0.08395201,0.11449671,0.6122711,0.0,0.0,4.246608,0.0,0.0,0.0,0.05873075
315,0.08528173,0.11528885,0.6130032,0.0,0.0,4.246835,0.0,0.0,0.0,0.05913523
316,0.08661163,0.11608109,0.6137357,0.0,0.0,4.2470627,0.0,0.0,0.0,0.05953972
317,0.087941706,0.11687338,0.614468,0.0,0.0,4.2472897,0.0,0.0,0.0,0.0599443
318,0.089271545,0.11766574,0.6152004,0.0,0.0,4.2475166,0.0,0.0,0.0,0.060348883
319,0.09060168,0.11845812,0.61593276,0.0,0.0,4.2477446,0.0,0.0,0.0,0.060753405
320,0.09193689,0.11925173,0.6166668,0.0,0.0,4.247976,0.0,0.0,0.0,0.06116061
321,0.093272924,0.12004581,0.61740094,0.0,0.0,4.248207,0.0,0.0,0.0,0.06156817
322,0.094608724,0.12083951,0.61813515,0.0,0.0,4.2484384,0.0,0.0,0.0,0.061975658
323,0.09594482,0.12163353,0.6188693,0.0,0.0,4.2486696,0.0,0.0,0.0,0.062383264
324,0.09728074,0.12242761,0.6196037,0.0,0.0,4.2489014,0.0,0.0,0.0,0.06279084
325,0.0986166,0.12322149,0.62033784,0.0,0.0,4.249133,0.0,0.0,0.0,0.06319845
326,0.0999527,0.12401539,0.6210721,0.0,0.0,4.2493644,0.0,0.0,0.0,0.063605964
327,0.10128862,0.124809295,0.62180626,0.0,0.0,4.249596,0.0,0.0,0.0,0.06401357
328,0.102624774,0.12560326,0.62254065,0.0,0.0,4.2498274,0.0,0.0,0.0,0.06442116
329,0.10396063,0.12639722,0.6232748,0.0,0.0,4.2500587,0.0,0.0,0.0,0.06482881
330,0.10529655,0.1271911,0.624009,0.0,0.0,4.2502904,0.0,0.0,0.0,0.065236196
331,0.10663253,0.12798515,0.6247433,0.0,0.0,4.2505217,0.0,0.0,0.0,0.06564385
332,0.10796851,0.12877911,0.62547755,0.0,0.0,4.250753,0.0,0.0,0.0,0.066051394
333,0.109305024,0.1295735,0.6262121,0.0,0.0,4.250985,0.0,0.0,0.0,0.06645961
334,0.11064178,0.13036832,0.62694705,0.0,0.0,4.2512174,0.0,0.0,0.0,0.0668682
335,0.11197835,0.13116291,0.62768185,0.0,0.0,4.2514496,0.0,0.0,0.0,0.067276895
336,0.113315344,0.1319578,0.6284168,0.0,0.0,4.251682,0.0,0.0,0.0,0.067685574
337,0.11465222,0.13275257,0.6291517,0.0,0.0,4.2519135,0.0,0.0,0.0,0.068094194
338,0.11598879,0.13354728,0.6298866,0.0,0.0,4.2521467,0.0,0.0,0.0,0.06850293
339,0.11732578,0.1343421,0.6306215,0.0,0.0,4.252379,0.0,0.0,0.0,0.06891161
340,0.1186623,0.13513654,0.6313564,0.0,0.0,4.25261,0.0,0.0,0.0,0.06932028
341,0.11999911,0.13593146,0.6320914,0.0,0.0,4.252843,0.0,0.0,0.0,0.06972891
342,0.12133604,0.13672635,0.63282645,0.0,0.0,4.253075,0.0,0.0,0.0,0.07013765
343,0.122672856,0.13752112,0.63356113,0.0,0.0,4.2533073,0.0,0.0,0.0,0.07054627
344,0.12400961,0.13831589,0.634296,0.0,0.0,4.2535396,0.0,0.0,0.0,0.07095489
345,0.12534702,0.13911057,0.63503134,0.0,0.0,4.2537723,0.0,0.0,0.0,0.07136464
346,0.12668699,0.13990569,0.63576746,0.0,0.0,4.254007,0.0,0.0,0.0,0.071777254
347,0.1280269,0.14070079,0.6365036,0.0,0.0,4.2542415,0.0,0.0,0.0,0.072190076
348,0.12935895,0.14149311,0.6372344,0.0,0.0,4.254474,0.0,0.0,0.0,0.07260451
349,0.13067722,0.14228043,0.63795626,0.0,0.0,4.2547026,0.0,0.0,0.0,0.07302156
350,0.13199592,0.14306778,0.63867795,0.0,0.0,4.2549314,0.0,0.0,0.0,0.073438615
351,0.13330454,0.14385036,0.6393943,0.0,0.0,4.255154,0.0,0.0,0.0,0.07385521
352,0.13459069,0.14462262,0.6400979,0.0,0.0,4.2553663,0.0,0.0,0.0,0.07427108
353,0.13587707,0.14539525,0.6408015,0.0,0.0,4.255578,0.0,0.0,0.0,0.07468709
354,0.13716352,0.1461677,0.64150524,0.0,0.0,4.2557893,0.0,0.0,0.0,0.075103045
355,0.13844973,0.14694026,0.6422089,0.0,0.0,4.256001,0.0,0.0,0.0,0.075519025
356,0.13973612,0.14771286,0.6429126,0.0,0.0,4.2562127,0.0,0.0,0.0,0.07593498
357,0.1410225,0.14848533,0.64361626,0.0,0.0,4.256425,0.0,0.0,0.0,0.07635096
358,0.14230883,0.14925787,0.6443199,0.0,0.0,4.256636,0.0,0.0,0.0,0.07676692
359,0.14359498,0.15003034,0.6450235,0.0,0.0,4.2568474,0.0,0.0,0.0,0.0771828
360,0.14488143,0.15080294,0.6457272,0.0,0.0,4.2570596,0.0,0.0,0.0,0.077598825
361,0.1461677,0.15157536,0.64643085,0.0,0.0,4.2572713,0.0,0.0,0.0,0.07801464
362,0.14745408,0.15234777,0.6471344,0.0,0.0,4.257483,0.0,0.0,0.0,0.07843061
363,0.14873803,0.15311395,0.6478373,0.0,0.0,4.2576966,0.0,0.0,0.0,0.07884219
364,0.15001911,0.1538737,0.64853895,0.0,0.0,4.257911,0.0,0.0,0.0,0.079248786
365,0.15129918,0.15463313,0.64924026,0.0,0.0,4.258127,0.0,0.0,0.0,0.079655394
366,0.15257925,0.15539248,0.6499415,0.0,0.0,4.2583423,0.0,0.0,0.0,0.08006182
367,0.15385926,0.15615182,0.65064275,0.0,0.0,4.2585573,0.0,0.0,0.0,0.08046836
368,0.15513945,0.15691106,0.65134406,0.0,0.0,4.2587724,0.0,0.0,0.0,0.08087474
369,0.15641999,0.15767094,0.65204555,0.0,0.0,4.258989,0.0,0.0,0.0,0.08128163
370,0.1577009,0.15843122,0.6527474,0.0,0.0,4.259205,0.0,0.0,0.0,0.08168897
371,0.15898186,0.1591916,0.653449,0.0,0.0,4.2594213,0.0,0.0,0.0,0.08209613
372,0.16026294,0.15995194,0.6541508,0.0,0.0,4.259638,0.0,0.0,0.0,0.08250353
373,0.16154385,0.16071227,0.6548525,0.0,0.0,4.259854,0.0,0.0,0.0,0.082910806
374,0.16282481,0.16147262,0.6555543,0.0,0.0,4.2600703,0.0,0.0,0.0,0.083318084
375,0.16410583,0.16223295,0.656256,0.0,0.0,4.2602863,0.0,0.0,0.0,0.08372544
376,0.16538662,0.16299321,0.6569577,0.0,0.0,4.2605033,0.0,0.0,0.0,0.08413255
377,0.1666683,0.16374142,0.65765584,0.0,0.0,4.2607203,0.0,0.0,0.0,0.08453067
378,0.16795063,0.16447182,0.6583487,0.0,0.0,4.260938,0.0,0.0,0.0,0.08491522
379,0.16923279,0.16520242,0.6590415,0.0,0.0,4.261156,0.0,0.0,0.0,0.08529979
380,0.17051524,0.16593282,0.65973425,0.0,0.0,4.2613745,0.0,0.0,0.0,0.08568436
381,0.17179757,0.16666335,0.66042703,0.0,0.0,4.2615924,0.0,0.0,0.0,0.08606891
382,0.17307991,0.16739365,0.6611199,0.0,0.0,4.261811,0.0,0.0,0.0,0.08645356
383,0.17436221,0.16812424,0.6618127,0.0,0.0,4.262028,0.0,0.0,0.0,0.086838156
384,0.17564458,0.16885453,0.66250557,0.0,0.0,4.262247,0.0,0.0,0.0,0.087222695
385,0.17692679,0.16958506,0.6631983,0.0,0.0,4.2624645,0.0,0.0,0.0,0.08760725
386,0.17820913,0.17031562,0.6638912,0.0,0.0,4.2626824,0.0,0.0,0.0,0.08799179
387,0.1794914,0.17104599,0.66458404,0.0,0.0,4.2629013,0.0,0.0,0.0,0.08837646
388,0.18077385,0.17177652,0.66527677,0.0,0.0,4.263119,0.0,0.0,0.0,0.08876106
389,0.18205363,0.17250495,0.6659677,0.0,0.0,4.2633314,0.0,0.0,0.0,0.089141294
390,0.1833325,0.173232,0.66665745,0.0,0.0,4.26354,0.0,0.0,0.0,0.08951917
391,0.1846109,0.1739592,0.66734713,0.0,0.0,4.2637486,0.0,0.0,0.0,0.08989695
392,0.18587884,0.17468145,0.668034,0.0,0.0,4.263958,0.0,0.0,0.0,0.0902704
393,0.18714535,0.17540284,0.66872,0.0,0.0,4.264167,0.0,0.0,0.0,0.09064293
394,0.18841136,0.17612436,0.6694063,0.0,0.0,4.264376,0.0,0.0,0.0,0.09101555
395,0.18967772,0.17684565,0.67009234,0.0,0.0,4.264585,0.0,0.0,0.0,0.091388196
396,0.1909439,0.1775669,0.67077863,0.0,0.0,4.264795,0.0,0.0,0.0,0.091760725
397,0.19220996,0.17828819,0.6714648,0.0,0.0,4.2650037,0.0,0.0,0.0,0.09213321
398,0.19347605,0.1790095,0.672151,0.0,0.0,4.265213,0.0,0.0,0.0,0.09250581
399,0.19474226,0.17973095,0.67283714,0.0,0.0,4.265422,0.0,0.0,0.0,0.0928784
400,0.19600838,0.18045229,0.6735233,0.0,0.0,4.2656317,0.0,0.0,0.0,0.09325093
401,0.19727457,0.18117338,0.67420936,0.0,0.0,4.2658405,0.0,0.0,0.0,0.09362349
402,0.19854313,0.18189555,0.6748978,0.0,0.0,4.266052,0.0,0.0,0.0,0.09399596
403,0.19981197,0.18261774,0.6755861,0.0,0.0,4.266264,0.0,0.0,0.0,0.09436841
404,0.2010805,0.1833398,0.6762744,0.0,0.0,4.266476,0.0,0.0,0.0,0.09474081
405,0.2023493,0.18406174,0.6769629,0.0,0.0,4.266688,0.0,0.0,0.0,0.095113486
406,0.20361823,0.18478338,0.67765296,0.0,0.0,4.2669,0.0,0.0,0.0,0.09548777
407,0.20488685,0.18550494,0.6783427,0.0,0.0,4.2671127,0.0,0.0,0.0,0.095862076
408,0.20615608,0.18622647,0.67903286,0.0,0.0,4.267326,0.0,0.0,0.0,0.09623635
409,0.20742506,0.1869484,0.6797228,0.0,0.0,4.267538,0.0,0.0,0.0,0.096610636
410,0.20869464,0.1876734,0.6804129,0.0,0.0,4.2677517,0.0,0.0,0.0,0.09698501
411,0.20996416,0.18839823,0.6811029,0.0,0.0,4.267966,0.0,0.0,0.0,0.09735942
412,0.21123388,0.18912318,0.6817929,0.0,0.0,4.26818,0.0,0.0,0.0,0.09773356
413,0.21250325,0.18984811,0.6824829,0.0,0.0,4.268393,0.0,0.0,0.0,0.09810792
414,0.21377295,0.19057277,0.6831729,0.0,0.0,4.268607,0.0,0.0,0.0,0.09848216
415,0.21504271,0.19129795,0.6838629,0.0,0.0,4.2688212,0.0,0.0,0.0,0.09885651
416,0.21631241,0.19202286,0.684553,0.0,0.0,4.2690353,0.0,0.0,0.0,0.099230856
417,0.21758163,0.1927476,0.6852429,0.0,0.0,4.269249,0.0,0.0,0.0,0.09960505
418,0.21885139,0.19347258,0.6859332,0.0,0.0,4.269462,0.0,0.0,0.0,0.09997934
419,0.22012097,0.1941975,0.6866232,0.0,0.0,4.269676,0.0,0.0,0.0,0.10035367
420,0.22139084,0.19492252,0.6873132,0.0,0.0,4.26989,0.0,0.0,0.0,0.10072802
421,0.22266036,0.19564743,0.68800324,0.0,0.0,4.270104,0.0,0.0,0.0,0.10110229
422,0.22392988,0.19637235,0.68869317,0.0,0.0,4.270317,0.0,0.0,0.0,0.101476535
423,0.22519949,0.19709697,0.68938327,0.0,0.0,4.2705307,0.0,0.0,0.0,0.10185084
424,0.22646901,0.19782197,0.6900732,0.0,0.0,4.270745,0.0,0.0,0.0,0.1022252
425,0.22773874,0.19854712,0.69076324,0.0,0.0,4.2709584,0.0,0.0,0.0,0.10259956
426,0.22900832,0.19927193,0.6914532,0.0,0.0,4.2711725,0.0,0.0,0.0,0.10297379
427,0.23027778,0.19999671,0.69214326,0.0,0.0,4.2713866,0.0,0.0,0.0,0.103348
428,0.23154747,0.20072177,0.69283336,0.0,0.0,4.2716,0.0,0.0,0.0,0.103722334
429,0.23281717,0.20144661,0.69352335,0.0,0.0,4.2718134,0.0,0.0,0.0,0.10409665
430,0.23408675,0.20217161,0.69421333,0.0,0.0,4.272027,0.0,0.0,0.0,0.10447103
431,0.23535627,0.20289649,0.6949034,0.0,0.0,4.2722416,0.0,0.0,0.0,0.104845375
432,0.23662516,0.2036204,0.6955928,0.0,0.0,4.272454,0.0,0.0,0.0,0.105219245
433,0.23788059,0.20432961,0.6962726,0.0,0.0,4.272655,0.0,0.0,0.0,0.10558793
434,0.23913634,0.2050386,0.69695246,0.0,0.0,4.2728567,0.0,0.0,0.0,0.105956435
435,0.24039209,0.20574799,0.69763225,0.0,0.0,4.273058,0.0,0.0,0.0,0.10632503
436,0.24164754,0.20645699,0.69831204,0.0,0.0,4.2732587,0.0,0.0,0.0,0.106693685
437,0.24290326,0.20716625,0.69899195,0.0,0.0,4.273461,0.0,0.0,0.0,0.10706228
438,0.24415883,0.2078754,0.6996718,0.0,0.0,4.2736616,0.0,0.0,0.0,0.107430905
439,0.24541453,0.20858456,0.7003515,0.0,0.0,4.273863,0.0,0.0,0.0,0.107799605
440,0.24667019,0.2092938,0.7010314,0.0,0.0,4.274065,0.0,0.0,0.0,0.108168155
441,0.2479259,0.21000294,0.7017113,0.0,0.0,4.274266,0.0,0.0,0.0,0.10853684
442,0.24918142,0.21071227,0.702391,0.0,0.0,4.274467,0.0,0.0,0.0,0.108905405
443,0.25043702,0.21142125,0.7030709,0.0,0.0,4.274668,0.0,0.0,0.0,0.109274
444,0.2516925,0.21213046,0.7037507,0.0,0.0,4.27487,0.0,0.0,0.0,0.109642655
445,0.25294822,0.21283966,0.7044306,0.0,0.0,4.2750707,0.0,0.0,0.0,0.11001119
446,0.25420383,0.2135489,0.70511025,0.0,0.0,4.2752724,0.0,0.0,0.0,0.110379875
447,0.2554595,0.21425787,0.7057903,0.0,0.0,4.2754736,0.0,0.0,0.0,0.11074847
448,0.25671506,0.21496716,0.7064699,0.0,0.0,4.2756753,0.0,0.0,0.0,0.111117065
449,0.25797093,0.21567634,0.70714986,0.0,0.0,4.275876,0.0,0.0,0.0,0.111485735
450,0.25922635,0.21638545,0.7078296,0.0,0.0,4.2760773,0.0,0.0,0.0,0.111854345
451,0.26048195,0.21709472,0.7085095,0.0,0.0,4.2762794,0.0,0.0,0.0,0.11222297
452,0.26173782,0.21780397,0.7091893,0.0,0.0,4.2764807,0.0,0.0,0.0,0.112591594
453,0.26299313,0.21851304,0.7098691,0.0,0.0,4.2766814,0.0,0.0,0.0,0.11296007
454,0.2642489,0.21922228,0.710549,0.0,0.0,4.276883,0.0,0.0,0.0,0.113328785
455,0.2655045,0.21993135,0.7112287,0.0,0.0,4.2770844,0.0,0.0,0.0,0.113697425
456,0.2667601,0.2206406,0.71190876,0.0,0.0,4.2772856,0.0,0.0,0.0,0.11406605
457,0.2680159,0.22134972,0.71258855,0.0,0.0,4.277487,0.0,0.0,0.0,0.11443463
458,0.26927137,0.22205883,0.71326816,0.0,0.0,4.2776885,0.0,0.0,0.0,0.11480327
459,0.27052703,0.22276811,0.7139481,0.0,0.0,4.2778897,0.0,0.0,0.0,0.11517188
460,0.27178264,0.22347735,0.714628,0.0,0.0,4.278091,0.0,0.0,0.0,0.115540564
461,0.27303845,0.22418644,0.71530765,0.0,0.0,4.278292,0.0,0.0,0.0,0.115909204
462,0.274294,0.22489545,0.7159875,0.0,0.0,4.2784934,0.0,0.0,0.0,0.11627774
463,0.2755497,0.22560462,0.7166676,0.0,0.0,4.2786946,0.0,0.0,0.0,0.116646364
464,0.2768064,0.22631478,0.71734995,0.0,0.0,4.2788973,0.0,0.0,0.0,0.1170156
465,0.27806333,0.22702448,0.7180323,0.0,0.0,4.2790995,0.0,0.0,0.0,0.11738463
466,0.2793203,0.2277344,0.7187146,0.0,0.0,4.279302,0.0,0.0,0.0,0.117753804
467,0.28057712,0.2284444,0.71939695,0.0,0.0,4.2795043,0.0,0.0,0.0,0.118122965
468,0.28183398,0.22915435,0.7200793,0.0,0.0,4.279707,0.0,0.0,0.0,0.11849198
469,0.2830906,0.22986406,0.7207616,0.0,0.0,4.279909,0.0,0.0,0.0,0.118861124
470,0.2843476,0.23057413,0.721444,0.0,0.0,4.280111,0.0,0.0,0.0,0.11923036
471,0.2856049,0.23128188,0.7221241,0.0,0.0,4.28031,0.0,0.0,0.0,0.11960141
472,0.2868626,0.23198886,0.72280306,0.0,0.0,4.2805076,0.0,0.0,0.0,0.119973645
473,0.28811976,0.23269543,0.72348195,0.0,0.0,4.2807035,0.0,0.0,0.0,0.12034571
474,0.2893773,0.23340221,0.72416073,0.0,0.0,4.2809005,0.0,0.0,0.0,0.12071797
475,0.2906349,0.234109,0.7248398,0.0,0.0,4.2810974,0.0,0.0,0.0,0.12109029
476,0.2918914,0.23481461,0.725518,0.0,0.0,4.281293,0.0,0.0,0.0,0.121462375
477,0.29314497,0.23551656,0.7261941,0.0,0.0,4.281488,0.0,0.0,0.0,0.12183395
478,0.29439867,0.2362183,0.7268702,0.0,0.0,4.281681,0.0,0.0,0.0,0.122205436
479,0.29565245,0.23692274,0.72754693,0.0,0.0,4.281876,0.0,0.0,0.0,0.12257552
480,0.29690632,0.23762757,0.72822404,0.0,0.0,4.282071,0.0,0.0,0.0,0.1229455
481,0.29816052,0.23833239,0.728901,0.0,0.0,4.2822657,0.0,0.0,0.0,0.12331544
482,0.29941455,0.23903714,0.72957814,0.0,0.0,4.2824607,0.0,0.0,0.0,0.123685315
483,0.3006687,0.23974198,0.7302551,0.0,0.0,4.282656,0.0,0.0,0.0,0.12405527
484,0.3019225,0.24044661,0.730932,0.0,0.0,4.282851,0.0,0.0,0.0,0.12442523
485,0.3031766,0.24115153,0.7316091,0.0,0.0,4.2830467,0.0,0.0,0.0,0.1247952
486,0.3044308,0.24185635,0.7322861,0.0,0.0,4.283241,0.0,0.0,0.0,0.1251651
487,0.3056849,0.24256112,0.7329632,0.0,0.0,4.283436,0.0,0.0,0.0,0.12553516
488,0.30693966,0.24326628,0.73364043,0.0,0.0,4.283632,0.0,0.0,0.0,0.12590544
489,0.3081946,0.24397129,0.7343176,0.0,0.0,4.283826,0.0,0.0,0.0,0.12627581
490,0.30944994,0.24467632,0.7349949,0.0,0.0,4.2840223,0.0,0.0,0.0,0.12664628
491,0.31070617,0.24538185,0.7356725,0.0,0.0,4.284218,0.0,0.0,0.0,0.12701705
492,0.31196648,0.24608827,0.7363506,0.0,0.0,4.2844152,0.0,0.0,0.0,0.12738861
493,0.31322688,0.2467947,0.7370289,0.0,0.0,4.2846127,0.0,0.0,0.0,0.12776008
494,0.3144867,0.24750096,0.737707,0.0,0.0,4.28481,0.0,0.0,0.0,0.12813145
495,0.31574684,0.24820739,0.7383852,0.0,0.0,4.2850075,0.0,0.0,0.0,0.12850311
496,0.31700706,0.24891385,0.7390634,0.0,0.0,4.285205,0.0,0.0,0.0,0.12887466
497,0.31826723,0.24962029,0.7397415,0.0,0.0,4.2854023,0.0,0.0,0.0,0.12924618
498,0.31952745,0.25032666,0.7404196,0.0,0.0,4.2855997,0.0,0.0,0.0,0.12961769
499,0.32078755,0.25103307,0.7410978,0.0,0.0,4.2857966,0.0,0.0,0.0,0.12998915
500,0.3220477,0.25173944,0.74177605,0.0,0.0,4.285994,0.0,0.0,0.0,0.1303607
501,0.32330787,0.2524457,0.7424542,0.0,0.0,4.286191,0.0,0.0,0.0,0.13073224
502,0.3245681,0.25315225,0.74313235,0.0,0.0,4.286388,0.0,0.0,0.0,0.1311038
503,0.32582822,0.2538587,0.74381053,0.0,0.0,4.2865863,0.0,0.0,0.0,0.13147525
504,0.3270883,0.25456494,0.74448866,0.0,0.0,4.2867827,0.0,0.0,0.0,0.13184686
505,0.32834864,0.25527143,0.7451669,0.0,0.0,4.2869806,0.0,0.0,0.0,0.1322183
506,0.3296088,0.25597775,0.74584496,0.0,0.0,4.2871785,0.0,0.0,0.0,0.13258982
507,0.33086875,0.25668415,0.7465232,0.0,0.0,4.2873755,0.0,0.0,0.0,0.13296133
508,0.33212912,0.25739056,0.74720144,0.0,0.0,4.2875724,0.0,0.0,0.0,0.13333286
509,0.33338916,0.25809687,0.7478795,0.0,0.0,4.28777,0.0,0.0,0.0,0.13370436
510,0.33464938,0.25880325,0.7485578,0.0,0.0,4.287967,0.0,0.0,0.0,0.13407588
511,0.3359095,0.25950983,0.74923587,0.0,0.0,4.288164,0.0,0.0,0.0,0.13444743
512,0.3371696,0.26021612,0.74991405,0.0,0.0,4.288362,0.0,0.0,0.0,0.13481891
513,0.33842993,0.26092267,0.75059223,0.0,0.0,4.288559,0.0,0.0,0.0,0.1351905
514,0.33968997,0.261629,0.7512704,0.0,0.0,4.2887564,0.0,0.0,0.0,0.13556194
515,0.34095013,0.2623352,0.7519488,0.0,0.0,4.288954,0.0,0.0,0.0,0.13593352
516,0.34221035,0.26304173,0.7526268,0.0,0.0,4.289151,0.0,0.0,0.0,0.13630506
517,0.34347057,0.26374814,0.75330496,0.0,0.0,4.289349,0.0,0.0,0.0,0.13667662
518,0.34473222,0.2644558,0.75398314,0.0,0.0,4.2895484,0.0,0.0,0.0,0.13704723
519,0.34599534,0.26516455,0.7546609,0.0,0.0,4.2897506,0.0,0.0,0.0,0.13741702
520,0.34725836,0.26587343,0.7553388,0.0,0.0,4.289952,0.0,0.0,0.0,0.1377869
521,0.34852156,0.26658225,0.7560166,0.0,0.0,4.2901535,0.0,0.0,0.0,0.13815658
522,0.34978467,0.26729125,0.75669456,0.0,0.0,4.290355,0.0,0.0,0.0,0.1385265
523,0.35104793,0.26800007,0.7573725,0.0,0.0,4.2905574,0.0,0.0,0.0,0.13889635
524,0.35231093,0.26870883,0.7580502,0.0,0.0,4.290759,0.0,0.0,0.0,0.13926606
525,0.35357398,0.2694176,0.75872815,0.0,0.0,4.2909613,0.0,0.0,0.0,0.13963583
526,0.35483706,0.27012685,0.75940645,0.0,0.0,4.2911625,0.0,0.0,0.0,0.14000563
527,0.35609978,0.2708359,0.76008517,0.0,0.0,4.291364,0.0,0.0,0.0,0.14037524
528,0.35736284,0.2715455,0.7607639,0.0,0.0,4.2915664,0.0,0.0,0.0,0.14074501
529,0.35862583,0.27225465,0.7614428,0.0,0.0,4.2917686,0.0,0.0,0.0,0.14111465
530,0.3598886,0.27296388,0.7621213,0.0,0.0,4.2919703,0.0,0.0,0.0,0.14148426
531,0.36115146,0.27367324,0.76280016,0.0,0.0,4.2921715,0.0,0.0,0.0,0.14185399
532,0.36241448,0.27438253,0.7634789,0.0,0.0,4.2923737,0.0,0.0,0.0,0.1422237
533,0.36367717,0.27509186,0.7641577,0.0,0.0,4.2925754,0.0,0.0,0.0,0.14259332
534,0.36494023,0.2758011,0.76483643,0.0,0.0,4.2927775,0.0,0.0,0.0,0.142963
535,0.36620307,0.27651048,0.7655151,0.0,0.0,4.292979,0.0,0.0,0.0,0.14333266
536,0.36745736,0.27721456,0.7661902,0.0,0.0,4.293175,0.0,0.0,0.0,0.14369874
537,0.36870277,0.27791288,0.7668616,0.0,0.0,4.2933645,0.0,0.0,0.0,0.14406076
538,0.3699479,0.27861142,0.7675328,0.0,0.0,4.2935543,0.0,0.0,0.0,0.14442271
539,0.37119314,0.27930978,0.768204,0.0,0.0,4.293743,0.0,0.0,0.0,0.1447847
540,0.37243837,0.28000814,0.7688753,0.0,0.0,4.2939324,0.0,0.0,0.0,0.14514664
541,0.3736836,0.28070664,0.76954645,0.0,0.0,4.294122,0.0,0.0,0.0,0.14550875
542,0.3749288,0.28140515,0.7702179,0.0,0.0,4.294312,0.0,0.0,0.0,0.14587072
543,0.376168,0.28210035,0.7708859,0.0,0.0,4.2945,0.0,0.0,0.0,0.14623086
544,0.37740183,0.28279278,0.7715508,0.0,0.0,4.2946863,0.0,0.0,0.0,0.14658904
545,0.37863532,0.28348544,0.77221733,0.0,0.0,4.2948713,0.0,0.0,0.0,0.14694756
546,0.37986958,0.28417876,0.77288514,0.0,0.0,4.295058,0.0,0.0,0.0,0.14730594
547,0.38110587,0.28487313,0.77355397,0.0,0.0,4.2952456,0.0,0.0,0.0,0.14766428
548,0.3823437,0.285568,0.7742237,0.0,0.0,4.295435,0.0,0.0,0.0,0.14802267
549,0.3835815,0.28626287,0.7748934,0.0,0.0,4.295624,0.0,0.0,0.0,0.14838114
550,0.3848192,0.2869576,0.7755632,0.0,0.0,4.2958126,0.0,0.0,0.0,0.14873959
551,0.386057,0.2876525,0.7762328,0.0,0.0,4.296002,0.0,0.0,0.0,0.14909813
552,0.38729483,0.28834736,0.7769027,0.0,0.0,4.2961907,0.0,0.0,0.0,0.14945665
553,0.38853282,0.28904217,0.7775723,0.0,0.0,4.2963796,0.0,0.0,0.0,0.14981504
554,0.38977057,0.2897372,0.77824193,0.0,0.0,4.2965684,0.0,0.0,0.0,0.15017356
555,0.3910081,0.29043192,0.77891165,0.0,0.0,4.2967577,0.0,0.0,0.0,0.15053202
556,0.392246,0.29112712,0.7795813,0.0,0.0,4.296947,0.0,0.0,0.0,0.15089042
557,0.39348382,0.29182178,0.7802512,0.0,0.0,4.2971354,0.0,0.0,0.0,0.1512489
558,0.39472175,0.29251665,0.7809208,0.0,0.0,4.2973247,0.0,0.0,0.0,0.15160741
559,0.39595932,0.2932115,0.78159046,0.0,0.0,4.297514,0.0,0.0,0.0,0.1519658
560,0.3971972,0.2939063,0.78226024,0.0,0.0,4.2977023,0.0,0.0,0.0,0.15232424
561,0.398435,0.29460123,0.7829298,0.0,0.0,4.2978916,0.0,0.0,0.0,0.15268277
562,0.39967275,0.295296,0.7835996,0.0,0.0,4.298081,0.0,0.0,0.0,0.15304115
563,0.40091044,0.29599097,0.7842692,0.0,0.0,4.2982697,0.0,0.0,0.0,0.1533997
564,0.4021485,0.2966859,0.78493893,0.0,0.0,4.2984586,0.0,0.0,0.0,0.15375823
565,0.403386,0.29738072,0.78560865,0.0,0.0,4.298648,0.0,0.0,0.0,0.15411662
566,0.40462375,0.29807553,0.78627837,0.0,0.0,4.298836,0.0,0.0,0.0,0.15447502
567,0.40586108,0.29877144,0.7869505,0.0,0.0,4.2990227,0.0,0.0,0.0,0.15483114
568,0.40709814,0.29946825,0.787625,0.0,0.0,4.299205,0.0,0.0,0.0,0.15518495
569,0.40833464,0.30016518,0.78829944,0.0,0.0,4.2993865,0.0,0.0,0.0,0.15553865
570,0.40957153,0.30086195,0.7889741,0.0,0.0,4.2995687,0.0,0.0,0.0,0.15589258
571,0.41080838,0.30155864,0.78964853,0.0,0.0,4.2997513,0.0,0.0,0.0,0.1562463
572,0.41204473,0.30225545,0.7903229,0.0,0.0,4.299933,0.0,0.0,0.0,0.15660009
573,0.41328174,0.30295217,0.7909975,0.0,0.0,4.3001156,0.0,0.0,0.0,0.1569539
574,0.41451865,0.303649,0.79167193,0.0,0.0,4.3002973,0.0,0.0,0.0,0.15730771
575,0.41575524,0.30434588,0.7923465,0.0,0.0,4.3004794,0.0,0.0,0.0,0.15766151
576,0.4169919,0.30504248,0.79302084,0.0,0.0,4.3006616,0.0,0.0,0.0,0.15801518
577,0.41822878,0.30573943,0.7936954,0.0,0.0,4.3008437,0.0,0.0,0.0,0.15836906
578,0.41946563,0.3064362,0.79437,0.0,0.0,4.3010254,0.0,0.0,0.0,0.15872294
579,0.42070234,0.30713302,0.7950444,0.0,0.0,4.3012075,0.0,0.0,0.0,0.15907666
580,0.42193907,0.3078298,0.7957189,0.0,0.0,4.301389,0.0,0.0,0.0,0.1594305
581,0.42317575,0.30852658,0.79639345,0.0,0.0,4.301572,0.0,0.0,0.0,0.15978424
582,0.4244125,0.3092233,0.7970679,0.0,0.0,4.301754,0.0,0.0,0.0,0.16013807
583,0.42564917,0.30991998,0.79774225,0.0,0.0,4.3019357,0.0,0.0,0.0,0.16049185
584,0.42688608,0.31061676,0.7984169,0.0,0.0,4.302118,0.0,0.0,0.0,0.1608456
585,0.4281228,0.31131363,0.79909134,0.0,0.0,4.3023,0.0,0.0,0.0,0.16119945
586,0.42935944,0.3120104,0.79976594,0.0,0.0,4.3024826,0.0,0.0,0.0,0.16155326
587,0.43059632,0.3127072,0.80044025,0.0,0.0,4.3026643,0.0,0.0,0.0,0.16190699
588,0.431833,0.31340393,0.8011148,0.0,0.0,4.3028464,0.0,0.0,0.0,0.16226086
589,0.4330697,0.31410086,0.8017893,0.0,0.0,4.303028,0.0,0.0,0.0,0.16261458
590,0.43430662,0.31479767,0.8024639,0.0,0.0,4.3032103,0.0,0.0,0.0,0.16296843
591,0.4355432,0.31549436,0.8031383,0.0,0.0,4.3033934,0.0,0.0,0.0,0.16332223
592,0.43677992,0.31619132,0.80381274,0.0,0.0,4.3035746,0.0,0.0,0.0,0.16367604
593,0.43801683,0.316888,0.80448735,0.0,0.0,4.3037567,0.0,0.0,0.0,0.16402984
594,0.4392535,0.31758472,0.80516183,0.0,0.0,4.3039393,0.0,0.0,0.0,0.16438362
595,0.4404904,0.31828153,0.8058363,0.0,0.0,4.304121,0.0,0.0,0.0,0.16473737
596,0.44172698,0.31897843,0.8065106,0.0,0.0,4.304303,0.0,0.0,0.0,0.16509116
597,0.4429638,0.3196751,0.80718523,0.0,0.0,4.304485,0.0,0.0,0.0,0.16544501
598,0.4442007,0.32037193,0.8078597,0.0,0.0,4.3046675,0.0,0.0,0.0,0.16579884
599,0.44543734,0.32106876,0.80853426,0.0,0.0,4.304849,0.0,0.0,0.0,0.16615261
600,0.44667417,0.3217656,0.8092088,0.0,0.0,4.3050313,0.0,0.0,0.0,0.16650641
601,0.4479108,0.3224624,0.80988324,0.0,0.0,4.305214,0.0,0.0,0.0,0.16686015
602,0.44914752,0.32315904,0.81055766,0.0,0.0,4.3053956,0.0,0.0,0.0,0.16721393
603,0.45038435,0.32385585,0.81123215,0.0,0.0,4.3055778,0.0,0.0,0.0,0.16756773
604,0.45162123,0.32455274,0.8119067,0.0,0.0,4.30576,0.0,0.0,0.0,0.16792157
605,0.4528579,0.32524943,0.8125812,0.0,0.0,4.305942,0.0,0.0,0.0,0.16827542
606,0.4540947,0.32594627,0.8132556,0.0,0.0,4.3061237,0.0,0.0,0.0,0.16862918
607,0.45533141,0.326643,0.8139301,0.0,0.0,4.3063064,0.0,0.0,0.0,0.16898292
608,0.45656782,0.32733998,0.81460494,0.0,0.0,4.3064885,0.0,0.0,0.0,0.16933605
609,0.4578045,0.3280368,0.8152797,0.0,0.0,4.306671,0.0,0.0,0.0,0.16968906
610,0.45904103,0.32873374,0.81595474,0.0,0.0,4.3068533,0.0,0.0,0.0,0.17004198
611,0.46027726,0.32943073,0.8166296,0.0,0.0,4.3070354,0.0,0.0,0.0,0.17039481
612,0.4615139,0.33012772,0.8173047,0.0,0.0,4.3072176,0.0,0.0,0.0,0.17074776
613,0.46275055,0.3308246,0.81797963,0.0,0.0,4.3074007,0.0,0.0,0.0,0.17110074
614,0.46398678,0.3315216,0.81865466,0.0,0.0,4.307583,0.0,0.0,0.0,0.17145358
615,0.465223,0.33221835,0.81932914,0.0,0.0,4.307765,0.0,0.0,0.0,0.17180642
616,0.46641517,0.33288896,0.81997925,0.0,0.0,4.307926,0.0,0.0,0.0,0.1721486
617,0.46760693,0.3335596,0.82062924,0.0,0.0,4.308088,0.0,0.0,0.0,0.17249073
618,0.46879908,0.33423024,0.8212792,0.0,0.0,4.3082495,0.0,0.0,0.0,0.17283294
619,0.469991,0.33490095,0.82192904,0.0,0.0,4.3084116,0.0,0.0,0.0,0.17317528
620,0.47118297,0.33557138,0.8225789,0.0,0.0,4.3085723,0.0,0.0,0.0,0.17351758
621,0.47237504,0.33624193,0.8232288,0.0,0.0,4.308734,0.0,0.0,0.0,0.17385997
622,0.47356611,0.33691317,0.8238787,0.0,0.0,4.3088965,0.0,0.0,0.0,0.17419942
623,0.4747563,0.33758512,0.8245288,0.0,0.0,4.309058,0.0,0.0,0.0,0.17453615
624,0.47594655,0.33825707,0.8251788,0.0,0.0,4.3092203,0.0,0.0,0.0,0.17487302
625,0.4771371,0.338929,0.82582897,0.0,0.0,4.3093824,0.0,0.0,0.0,0.17520979
626,0.47832754,0.33960083,0.82647896,0.0,0.0,4.3095455,0.0,0.0,0.0,0.17554665
627,0.47951755,0.34027267,0.8271291,0.0,0.0,4.309707,0.0,0.0,0.0,0.17588344
628,0.4807079,0.34094465,0.82777905,0.0,0.0,4.30987,0.0,0.0,0.0,0.17622025
629,0.4818984,0.3416164,0.8284291,0.0,0.0,4.3100333,0.0,0.0,0.0,0.1765571
630,0.4830887,0.34228843,0.8290791,0.0,0.0,4.310195,0.0,0.0,0.0,0.17689398
631,0.48427927,0.34296042,0.82972944,0.0,0.0,4.310358,0.0,0.0,0.0,0.17723088
632,0.4854747,0.34363434,0.8303811,0.0,0.0,4.310521,0.0,0.0,0.0,0.17756829
633,0.4866704,0.34430844,0.831033,0.0,0.0,4.3106856,0.0,0.0,0.0,0.17790578
634,0.48786616,0.34498245,0.83168495,0.0,0.0,4.3108506,0.0,0.0,0.0,0.1782432
635,0.48906177,0.34565645,0.8323366,0.0,0.0,4.311014,0.0,0.0,0.0,0.17858072
636,0.49025786,0.34633073,0.83298886,0.0,0.0,4.3111796,0.0,0.0,0.0,0.17891592
637,0.49145406,0.34700513,0.8336411,0.0,0.0,4.3113446,0.0,0.0,0.0,0.17925069
638,0.49265003,0.3476793,0.83429325,0.0,0.0,4.311511,0.0,0.0,0.0,0.17958558
639,0.4938464,0.34835362,0.83494556,0.0,0.0,4.3116755,0.0,0.0,0.0,0.1799205
640,0.49504408,0.3490283,0.8355988,0.0,0.0,4.311843,0.0,0.0,0.0,0.18025643
641,0.49624202,0.34970295,0.836252,0.0,0.0,4.31201,0.0,0.0,0.0,0.18059257
642,0.49744004,0.35037738,0.83690524,0.0,0.0,4.3121767,0.0,0.0,0.0,0.1809288
643,0.49863824,0.35105217,0.8375586,0.0,0.0,4.3123436,0.0,0.0,0.0,0.18126501
644,0.49983624,0.35172677,0.8382118,0.0,0.0,4.312511,0.0,0.0,0.0,0.18160118
645,0.50103545,0.3524005,0.8388646,0.0,0.0,4.312679,0.0,0.0,0.0,0.18193774
646,0.5022345,0.353074,0.8395174,0.0,0.0,4.312847,0.0,0.0,0.0,0.18227424
647,0.50343376,0.35374758,0.84017026,0.0,0.0,4.3130145,0.0,0.0,0.0,0.18261084
648,0.5046329,0.35442114,0.8408231,0.0,0.0,4.3131833,0.0,0.0,0.0,0.18294737
649,0.50583225,0.3550947,0.8414759,0.0,0.0,4.3133507,0.0,0.0,0.0,0.18328385
650,0.5070317,0.35576817,0.84212875,0.0,0.0,4.313519,0.0,0.0,0.0,0.18362041
651,0.5082308,0.35644177,0.84278166,0.0,0.0,4.313688,0.0,0.0,0.0,0.18395704
652,0.50942993,0.3571152,0.84343445,0.0,0.0,4.3138556,0.0,0.0,0.0,0.1842935
653,0.51062965,0.35778844,0.8440873,0.0,0.0,4.314024,0.0,0.0,0.0,0.18463014
654,0.51183355,0.35845885,0.844741,0.0,0.0,4.3141932,0.0,0.0,0.0,0.18496807
655,0.51303756,0.35912934,0.84539485,0.0,0.0,4.3143616,0.0,0.0,0.0,0.18530579
656,0.51424146,0.3597998,0.8460487,0.0,0.0,4.314531,0.0,0.0,0.0,0.18564358
657,0.5154455,0.36047053,0.8467027,0.0,0.0,4.3146996,0.0,0.0,0.0,0.18598127
658,0.5166503,0.36114186,0.84735763,0.0,0.0,4.314869,0.0,0.0,0.0,0.18631853
659,0.51785547,0.36181352,0.8480124,0.0,0.0,4.315038,0.0,0.0,0.0,0.18665585
660,0.5190604,0.36248502,0.84866744,0.0,0.0,4.315208,0.0,0.0,0.0,0.18699321
661,0.52026546,0.36315653,0.8493222,0.0,0.0,4.3153777,0.0,0.0,0.0,0.1873305
662,0.52147055,0.36382812,0.84997725,0.0,0.0,4.3155475,0.0,0.0,0.0,0.18766777
663,0.52267534,0.36449957,0.8506321,0.0,0.0,4.3157167,0.0,0.0,0.0,0.18800497
664,0.5238801,0.36517096,0.8512868,0.0,0.0,4.315886,0.0,0.0,0.0,0.18834224
665,0.52508533,0.36584264,0.8519418,0.0,0.0,4.3160553,0.0,0.0,0.0,0.1886796
666,0.5262902,0.36651418,0.8525966,0.0,0.0,4.3162246,0.0,0.0,0.0,0.18901685
667,0.52749515,0.3671857,0.8532516,0.0,0.0,4.3163934,0.0,0.0,0.0,0.18935412
668,0.5287001,0.36785713,0.8539066,0.0,0.0,4.3165636,0.0,0.0,0.0,0.1896914
669,0.52990496,0.36852857,0.8545613,0.0,0.0,4.3167334,0.0,0.0,0.0,0.19002871
670,0.53111017,0.36920017,0.85521626,0.0,0.0,4.316903,0.0,0.0,0.0,0.19036601
671,0.53231514,0.36987168,0.8558712,0.0,0.0,4.317072,0.0,0.0,0.0,0.19070326
672,0.53352004,0.37054342,0.856526,0.0,0.0,4.3172417,0.0,0.0,0.0,0.19104062
673,0.5347248,0.3712147,0.85718083,0.0,0.0,4.3174114,0.0,0.0,0.0,0.1913778
674,0.5359299,0.37188625,0.8578358,0.0,0.0,4.317581,0.0,0.0,0.0,0.19171508
675,0.53713495,0.37255788,0.8584907,0.0,0.0,4.31775,0.0,0.0,0.0,0.19205245
676,0.53833985,0.37322918,0.85914546,0.0,0.0,4.3179197,0.0,0.0,0.0,0.19238974
677,0.53954476,0.3739007,0.8598004,0.0,0.0,4.318089,0.0,0.0,0.0,0.19272707
678,0.5407496,0.37457228,0.86045533,0.00011795759,0.0,4.318258,0.0,0.0,0.0,0.19306423
679,0.54195464,0.37524366,0.86111027,0.0009212792,0.0,4.318428,0.0,0.0,0.0,0.19340158
680,0.54315966,0.37591535,0.8617651,0.0017244816,0.0,4.3185973,0.0,0.0,0.0,0.19373886
681,0.5443646,0.37658674,0.86241996,0.0025275946,0.0,4.318767,0.0,0.0,0.0,0.19407614
682,0.5455696,0.3772583,0.8630749,0.0033307374,0.0,4.318937,0.0,0.0,0.0,0.19441348
683,0.5467743,0.37792993,0.8637298,0.0041339397,0.0,4.319106,0.0,0.0,0.0,0.19475076
684,0.54797935,0.37860134,0.86438453,0.004936993,0.0,4.3192754,0.0,0.0,0.0,0.19508797
685,0.5491843,0.37927276,0.8650394,0.005740136,0.0,4.3194447,0.0,0.0,0.0,0.19542524
686,0.55038935,0.3799444,0.8656943,0.006543398,0.0,4.3196144,0.0,0.0,0.0,0.19576257
687,0.5515944,0.38061592,0.8663493,0.00734666,0.0,4.319784,0.0,0.0,0.0,0.19609971
688,0.5527993,0.3812874,0.86700416,0.008149803,0.0,4.3199534,0.0,0.0,0.0,0.19643705
689,0.55400413,0.38195887,0.867659,0.008952796,0.0,4.320123,0.0,0.0,0.0,0.19677441
690,0.5552094,0.3826304,0.86831385,0.009756148,0.0,4.3202925,0.0,0.0,0.0,0.19711171
691,0.5564141,0.3833019,0.86896896,0.01055944,0.0,4.320462,0.0,0.0,0.0,0.19744894
692,0.55761915,0.38397333,0.8696238,0.011362404,0.0,4.3206306,0.0,0.0,0.0,0.19778618
693,0.558824,0.3846449,0.8702786,0.012165576,0.0,4.320801,0.0,0.0,0.0,0.19812347
694,0.5600292,0.38531643,0.87093353,0.012968808,0.0,4.32097,0.0,0.0,0.0,0.19846077
695,0.561231,0.38598344,0.8715879,0.013767481,0.0,4.32114,0.0,0.0,0.0,0.19879766
696,0.56242806,0.38664788,0.87223965,0.014561921,0.0,4.321306,0.0,0.0,0.0,0.19913411
697,0.5636224,0.38731298,0.8728891,0.015354812,0.0,4.3214717,0.0,0.0,0.0,0.19947097
698,0.5648165,0.38797793,0.8735385,0.016147614,0.0,4.3216367,0.0,0.0,0.0,0.19980758
699,0.5660106,0.38864297,0.87418795,0.016940653,0.0,4.3218017,0.0,0.0,0.0,0.20014422
700,0.567205,0.38930804,0.8748374,0.017733634,0.0,4.321966,0.0,0.0,0.0,0.200481
701,0.5683999,0.38997328,0.87548685,0.01852715,0.0,4.3221307,0.0,0.0,0.0,0.20081729
702,0.56959534,0.39063868,0.87613636,0.019321263,0.0,4.322296,0.0,0.0,0.0,0.20115373
703,0.57079065,0.39130405,0.8767861,0.020115316,0.0,4.3224607,0.0,0.0,0.0,0.2014901
704,0.5719859,0.39196914,0.8774357,0.02090934,0.0,4.3226266,0.0,0.0,0.0,0.20182644
705,0.5731814,0.3926346,0.8780853,0.021703273,0.0,4.3227916,0.0,0.0,0.0,0.2021629
706,0.5743782,0.39330024,0.87873524,0.02249682,0.0,4.322957,0.0,0.0,0.0,0.20249996
707,0.5755748,0.39396602,0.8793851,0.023290753,0.0,4.323123,0.0,0.0,0.0,0.20283698
708,0.57676977,0.39463028,0.88003427,0.024083942,0.0,4.323288,0.0,0.0,0.0,0.20317101
709,0.57796335,0.3952938,0.8806828,0.024876744,0.0,4.323451,0.0,0.0,0.0,0.20350331
710,0.57915705,0.39595723,0.88133144,0.025669515,0.0,4.3236146,0.0,0.0,0.0,0.20383559
711,0.5803509,0.3966207,0.88198,0.026462525,0.0,4.3237786,0.0,0.0,0.0,0.20416784
712,0.5815447,0.39728418,0.8826287,0.027255535,0.0,4.3239427,0.0,0.0,0.0,0.20450006
713,0.5827383,0.39794755,0.8832773,0.028048337,0.0,4.3241067,0.0,0.0,0.0,0.20483232
714,0.5839319,0.39861095,0.8839258,0.028841019,0.0,4.3242702,0.0,0.0,0.0,0.20516445
715,0.58512574,0.39927447,0.8845744,0.029634058,0.0,4.3244343,0.0,0.0,0.0,0.20549662
716,0.5863194,0.39993787,0.88522303,0.030427009,0.0,4.324598,0.0,0.0,0.0,0.20582883
717,0.5875131,0.40060145,0.88587165,0.03121996,0.0,4.324762,0.0,0.0,0.0,0.20616119
718,0.588707,0.4012649,0.88652027,0.03201282,0.0,4.324926,0.0,0.0,0.0,0.20649345
719,0.5899004,0.4019283,0.8871689,0.03280571,0.0,4.32509,0.0,0.0,0.0,0.20682561
720,0.59109426,0.4025918,0.8878174,0.03359866,0.0,4.3252535,0.0,0.0,0.0,0.20715784
721,0.592288,0.40325525,0.8884661,0.034391552,0.0,4.325417,0.0,0.0,0.0,0.20749012
722,0.59348166,0.4039187,0.8891146,0.035184443,0.0,4.3255806,0.0,0.0,0.0,0.20782237
723,0.5946755,0.4045822,0.8897631,0.035977304,0.0,4.3257446,0.0,0.0,0.0,0.20815459
724,0.5958691,0.4052456,0.890412,0.036770165,0.0,4.3259087,0.0,0.0,0.0,0.20848681
725,0.5970627,0.40590897,0.89106035,0.037562966,0.0,4.3260727,0.0,0.0,0.0,0.20881894
726,0.59825647,0.40657252,0.89170897,0.038355917,0.0,4.3262362,0.0,0.0,0.0,0.20915124
727,0.5994503,0.40723607,0.8923576,0.039148897,0.0,4.3264003,0.0,0.0,0.0,0.20948353
728,0.600644,0.4078994,0.8930061,0.039941877,0.0,4.326564,0.0,0.0,0.0,0.20981573
729,0.60183764,0.4085629,0.8936548,0.04073465,0.0,4.3267274,0.0,0.0,0.0,0.21014795
730,0.6030314,0.40922633,0.8943034,0.04152739,0.0,4.3268914,0.0,0.0,0.0,0.21048018
731,0.6042252,0.40988988,0.89495206,0.04232061,0.0,4.3270555,0.0,0.0,0.0,0.21081242
732,0.6054191,0.41055423,0.89560163,0.04311323,0.0,4.3272204,0.0,0.0,0.0,0.21114491
733,0.60661316,0.41121924,0.896252,0.043905735,0.0,4.3273864,0.0,0.0,0.0,0.21147743
734,0.6078073,0.411884,0.8969022,0.044698417,0.0,4.3275514,0.0,0.0,0.0,0.21181002
735,0.6090014,0.41254908,0.89755243,0.04549104,0.0,4.327717,0.0,0.0,0.0,0.21214266
736,0.6101956,0.41321406,0.8982028,0.046283722,0.0,4.3278832,0.0,0.0,0.0,0.21247517
737,0.61138976,0.41387916,0.8988533,0.047076285,0.0,4.328049,0.0,0.0,0.0,0.21280782
738,0.61258376,0.414544,0.89950335,0.04786873,0.0,4.328214,0.0,0.0,0.0,0.21314043
739,0.6137778,0.415209,0.90015376,0.04866138,0.0,4.3283796,0.0,0.0,0.0,0.21347307
740,0.61497205,0.415874,0.90080404,0.049453944,0.0,4.328546,0.0,0.0,0.0,0.21380563
741,0.61616623,0.41653892,0.90145445,0.050246656,0.0,4.328711,0.0,0.0,0.0,0.21413825
742,0.6173603,0.41720396,0.9021047,0.05103928,0.0,4.328877,0.0,0.0,0.0,0.21447083
743,0.61855376,0.41786885,0.9027549,0.051831156,0.0,4.329043,0.0,0.0,0.0,0.21480338
744,0.6197468,0.41853356,0.903405,0.052622825,0.0,4.3292093,0.0,0.0,0.0,0.21513592
745,0.62093973,0.4191985,0.904055,0.053414583,0.0,4.3293753,0.0,0.0,0.0,0.21546827
746,0.6221329,0.4198634,0.9047049,0.054206192,0.0,4.3295417,0.0,0.0,0.0,0.21580085
747,0.6233209,0.42052853,0.9053526,0.054997176,0.0,4.3297033,0.0,0.0,0.0,0.21613368
748,0.6245086,0.42119354,0.9060002,0.05578816,0.0,4.329864,0.0,0.0,0.0,0.21646665
749,0.6256962,0.4218586,0.9066476,0.056579113,0.0,4.3300247,0.0,0.0,0.0,0.21679935
750,0.6268839,0.42252377,0.9072951,0.05736983,0.0,4.3301854,0.0,0.0,0.0,0.21713236
751,0.62807167,0.42318895,0.90794253,0.0581609,0.0,4.330347,0.0,0.0,0.0,0.21746522
752,0.6292594,0.42385408,0.9085902,0.058951914,0.0,4.330508,0.0,0.0,0.0,0.21779817
753,0.63044715,0.42451897,0.90923774,0.05974281,0.0,4.3306684,0.0,0.0,0.0,0.21813104
754,0.6316355,0.42518425,0.9098854,0.060533702,0.0,4.33083,0.0,0.0,0.0,0.21846399
755,0.6328254,0.42584947,0.91053367,0.061324418,0.0,4.330992,0.0,0.0,0.0,0.21879724
756,0.6340153,0.4265148,0.91118217,0.062115252,0.0,4.3311543,0.0,0.0,0.0,0.21913056
757,0.6352052,0.4271801,0.91183037,0.06290585,0.0,4.331317,0.0,0.0,0.0,0.21946377
758,0.6363952,0.42784554,0.9124788,0.06369668,0.0,4.331479,0.0,0.0,0.0,0.21979712
759,0.6375851,0.42851087,0.9131272,0.06448749,0.0,4.331641,0.0,0.0,0.0,0.22013037
760,0.638775,0.42917615,0.91377556,0.06527811,0.0,4.331804,0.0,0.0,0.0,0.2204636
761,0.63996494,0.42984143,0.91442394,0.06606898,0.0,4.331966,0.0,0.0,0.0,0.22079688
762,0.64115494,0.43050686,0.9150724,0.06685978,0.0,4.3321276,0.0,0.0,0.0,0.22113022
763,0.6423451,0.4311723,0.91572076,0.0676505,0.0,4.33229,0.0,0.0,0.0,0.2214635
764,0.643535,0.43183762,0.9163691,0.06844136,0.0,4.332453,0.0,0.0,0.0,0.22179678
765,0.6447247,0.43250287,0.9170174,0.06923193,0.0,4.3326144,0.0,0.0,0.0,0.22213003
766,0.6458903,0.43315482,0.9176536,0.070007294,0.0,4.332771,0.0,0.0,0.0,0.22246166
767,0.6470534,0.43380553,0.9182886,0.07078102,0.0,4.3329263,0.0,0.0,0.0,0.22279325
768,0.6482166,0.4344563,0.91892374,0.07155466,0.0,4.3330812,0.0,0.0,0.0,0.2231247
769,0.64937997,0.43510693,0.91955876,0.07232845,0.0,4.333236,0.0,0.0,0.0,0.22345632
770,0.65054274,0.43575752,0.9201938,0.07310206,0.0,4.3333917,0.0,0.0,0.0,0.22378767
771,0.651706,0.43640813,0.9208289,0.073875695,0.0,4.3335466,0.0,0.0,0.0,0.22411922
772,0.6528691,0.4370589,0.92146385,0.07464954,0.0,4.333702,0.0,0.0,0.0,0.22445065
773,0.6540322,0.4377096,0.9220989,0.07542309,0.0,4.333857,0.0,0.0,0.0,0.22478214
774,0.6551954,0.43836024,0.92273396,0.07619685,0.0,4.3340125,0.0,0.0,0.0,0.22511373
775,0.65635836,0.43901086,0.923369,0.07697052,0.0,4.3341675,0.0,0.0,0.0,0.22544509
776,0.6575214,0.43966147,0.9240039,0.07774413,0.0,4.334323,0.0,0.0,0.0,0.22577663
777,0.65868455,0.44031218,0.92463905,0.078517884,0.0,4.3344774,0.0,0.0,0.0,0.22610807
778,0.6598478,0.440963,0.9252741,0.07929158,0.0,4.3346334,0.0,0.0,0.0,0.22643971
779,0.66101086,0.4416136,0.92590904,0.08006528,0.0,4.334788,0.0,0.0,0.0,0.22677118
780,0.662174,0.44226417,0.926544,0.08083898,0.0,4.3349433,0.0,0.0,0.0,0.22710264
781,0.6633371,0.44291484,0.9271791,0.08161259,0.0,4.3350983,0.0,0.0,0.0,0.22743404
782,0.66450024,0.44356567,0.9278141,0.082386285,0.0,4.335254,0.0,0.0,0.0,0.2277655
783,0.6656633,0.4442162,0.9284493,0.08315995,0.0,4.335409,0.0,0.0,0.0,0.22809708
784,0.6668263,0.44486693,0.9290843,0.08393362,0.0,4.335564,0.0,0.0,0.0,0.2284286
785,0.6679895,0.4455175,0.92971927,0.08470735,0.0,4.3357196,0.0,0.0,0.0,0.22876006
786,0.6691526,0.4461683,0.9303543,0.08548099,0.0,4.3358746,0.0,0.0,0.0,0.22909161
787,0.6703156,0.4468189,0.9309894,0.0862546,0.0,4.3360295,0.0,0.0,0.0,0.22942297
788,0.67147875,0.44746962,0.9316243,0.087028295,0.0,4.336185,0.0,0.0,0.0,0.22975451
789,0.672642,0.44812024,0.9322594,0.08780205,0.0,4.3363404,0.0,0.0,0.0,0.23008606
790,0.6738049,0.44877088,0.9328943,0.08857566,0.0,4.3364954,0.0,0.0,0.0,0.23041746
791,0.6749681,0.44942164,0.9335294,0.08934939,0.0,4.336651,0.0,0.0,0.0,0.23074901
792,0.67612803,0.4500693,0.934163,0.09012142,0.0,4.336799,0.0,0.0,0.0,0.23107734
793,0.6772879,0.4507169,0.9347965,0.09089336,0.0,4.3369465,0.0,0.0,0.0,0.23140556
794,0.6784497,0.4513626,0.93543065,0.0916667,0.0,4.3370953,0.0,0.0,0.0,0.23173083
795,0.6796122,0.45200822,0.9360651,0.09244025,0.0,4.3372445,0.0,0.0,0.0,0.23205583
796,0.68077415,0.4526538,0.9366994,0.09321374,0.0,4.3373933,0.0,0.0,0.0,0.23238075
797,0.6819364,0.45329925,0.9373338,0.093987286,0.0,4.3375425,0.0,0.0,0.0,0.23270567
798,0.6830987,0.45394474,0.937968,0.094760776,0.0,4.3376913,0.0,0.0,0.0,0.23303065
799,0.684261,0.45459035,0.93860257,0.095534444,0.0,4.337841,0.0,0.0,0.0,0.23335563
800,0.6854233,0.45523587,0.9392369,0.09630799,0.0,4.33799,0.0,0.0,0.0,0.2336806
801,0.68658537,0.45588145,0.93987143,0.09708145,0.0,4.338139,0.0,0.0,0.0,0.23400542
802,0.6877477,0.45652694,0.9405057,0.09785506,0.0,4.338288,0.0,0.0,0.0,0.23433043
803,0.68890995,0.45717257,0.94114006,0.09862861,0.0,4.3384376,0.0,0.0,0.0,0.23465541
804,0.6900722,0.45781806,0.94177437,0.09940204,0.0,4.3385863,0.0,0.0,0.0,0.2349803
805,0.69123447,0.45846358,0.9424088,0.10017565,0.0,4.3387356,0.0,0.0,0.0,0.2353053
806,0.6923966,0.4591092,0.9430431,0.10094908,0.0,4.338885,0.0,0.0,0.0,0.23563018
807,0.69355893,0.45975474,0.9436774,0.10172275,0.0,4.339034,0.0,0.0,0.0,0.23595524
808,0.69472116,0.46040022,0.94431186,0.102496326,0.0,4.3391833,0.0,0.0,0.0,0.23628019
809,0.69588345,0.46104595,0.9449462,0.103269815,0.0,4.339332,0.0,0.0,0.0,0.2366051
810,0.69704574,0.46169147,0.9455806,0.104043484,0.0,4.3394814,0.0,0.0,0.0,0.23693003
811,0.6982079,0.46233684,0.9462149,0.104816854,0.0,4.3396306,0.0,0.0,0.0,0.237255
812,0.6993701,0.4629824,0.94684935,0.10559049,0.0,4.3397794,0.0,0.0,0.0,0.2375799
813,0.70053256,0.46362805,0.9474837,0.10636401,0.0,4.3399286,0.0,0.0,0.0,0.23790485
814,0.7016947,0.4642736,0.94811815,0.10713756,0.0,4.340078,0.0,7.107854e-05,0.0,0.2382298
815,0.702857,0.46491912,0.94875246,0.10791111,0.0,4.340227,0.0,0.0005824417,0.0,0.23855488
816,0.7040191,0.4655645,0.94938684,0.10868454,0.0,4.340376,0.0,0.0010938048,0.0,0.23887974
817,0.70518166,0.4662101,0.9500214,0.10945836,0.0,4.340525,0.0,0.001605168,0.0,0.23920465
818,0.7063465,0.46685642,0.9506595,0.11023316,0.0,4.3406787,0.0,0.0021150708,0.0,0.23952973
819,0.7075117,0.4675026,0.9512976,0.11100826,0.0,4.340831,0.0,0.0026251227,0.0,0.23985463
820,0.7086768,0.4681489,0.9519358,0.11178321,0.0,4.340984,0.0,0.0031351596,0.0,0.2401798
821,0.7098417,0.46879488,0.95257396,0.112558156,0.0,4.341136,0.0,0.0036451072,0.0,0.24050476
822,0.71100676,0.46944106,0.9532119,0.113333106,0.0,4.341289,0.0,0.0041550547,0.0,0.24082975
823,0.7121719,0.47008723,0.95385,0.114108145,0.0,4.341441,0.0,0.0046651214,0.0,0.2411548
824,0.71333677,0.4707335,0.9544883,0.114883184,0.0,4.3415933,0.0,0.005175039,0.0,0.24147975
825,0.7145019,0.4713797,0.9551263,0.115658015,0.0,4.341746,0.0,0.005685106,0.0,0.24180481
826,0.71566707,0.4720258,0.95576465,0.11643314,0.0,4.341899,0.0,0.006195113,0.0,0.24212982
827,0.7168319,0.4726721,0.95640254,0.117208034,0.0,4.3420515,0.0,0.0067050457,0.0,0.2424549
828,0.7179971,0.47331813,0.9570406,0.11798298,0.0,4.3422046,0.0,0.0072150677,0.0,0.24277985
829,0.71916217,0.47396445,0.9576788,0.11875799,0.0,4.3423567,0.0,0.0077251047,0.0,0.24310485
830,0.7203273,0.47461078,0.9583169,0.11953309,0.0,4.3425097,0.0,0.008235052,0.0,0.24342993
831,0.7214922,0.4752568,0.95895493,0.12030783,0.0,4.342662,0.0,0.008745,0.0,0.24375485
832,0.72265756,0.47590327,0.95959353,0.121082634,0.0,4.342815,0.0,0.009254754,0.0,0.24407986
833,0.7238232,0.4765504,0.96023273,0.12185687,0.0,4.342968,0.0,0.009763971,0.0,0.24440506
834,0.7249889,0.47719765,0.96087193,0.12263116,0.0,4.3431225,0.0,0.010273173,0.0,0.24473003
835,0.72615457,0.47784474,0.9615113,0.12340534,0.0,4.3432755,0.0,0.010782346,0.0,0.24505499
836,0.72732013,0.4784918,0.96215063,0.12417942,0.0,4.343429,0.0,0.011291429,0.0,0.24537998
837,0.72848606,0.47913906,0.96279,0.12495369,0.0,4.3435826,0.0,0.011800706,0.0,0.24570513
838,0.72965175,0.47978622,0.96342915,0.12572795,0.0,4.343736,0.0,0.012309805,0.0,0.24603017
839,0.73081744,0.4804334,0.96406865,0.12650216,0.0,4.3438897,0.0,0.012819096,0.0,0.24635518
840,0.73198307,0.4810806,0.9647078,0.12727618,0.0,4.3440437,0.0,0.01332818,0.0,0.2466802
841,0.7331488,0.48172778,0.9653472,0.12805048,0.0,4.3441973,0.0,0.013837352,0.0,0.24700528
842,0.7343145,0.48237488,0.9659863,0.1288245,0.0,4.344351,0.0,0.01434654,0.0,0.24733026
843,0.7354802,0.48302197,0.9666256,0.1295987,0.0,4.3445044,0.0,0.014855757,0.0,0.24765523
844,0.7366459,0.48366916,0.96726495,0.13037284,0.0,4.3446574,0.0,0.01536487,0.0,0.2479803
845,0.7378117,0.48431635,0.96790427,0.1311472,0.0,4.3448114,0.0,0.015874073,0.0,0.24830529
846,0.73897743,0.48496348,0.9685435,0.1319215,0.0,4.3449645,0.0,0.016383275,0.0,0.24863036
847,0.740143,0.4856106,0.96918285,0.13269547,0.0,4.345118,0.0,0.016892314,0.0,0.24895543
848,0.7413088,0.4862578,0.96982205,0.13346973,0.0,4.345272,0.0,0.017401487,0.0,0.24928048
849,0.74247444,0.48690504,0.9704614,0.13424394,0.0,4.3454256,0.0,0.017910734,0.0,0.24960554
850,0.74364007,0.48755234,0.9711008,0.13501827,0.0,4.345579,0.0,0.01842007,0.0,0.24993062
851,0.7448057,0.4881996,0.9717401,0.13579237,0.0,4.3457327,0.0,0.018929258,0.0,0.25025558
852,0.7459712,0.48884678,0.97237957,0.13656656,0.0,4.345886,0.0,0.0194384,0.0,0.2505809
853,0.74713683,0.48949412,0.9730189,0.13734096,0.0,4.3460402,0.0,0.019947663,0.0,0.250906
854,0.7483025,0.49014148,0.97365826,0.1381153,0.0,4.3461943,0.0,0.02045694,0.0,0.2512311
855,0.74946815,0.49078876,0.9742975,0.13888955,0.0,4.346348,0.0,0.020966202,0.0,0.2515562
856,0.7506337,0.49143595,0.97493684,0.13966367,0.0,4.3465014,0.0,0.021475405,0.0,0.2518812
857,0.7517994,0.49208334,0.9755762,0.14043793,0.0,4.3466544,0.0,0.021984637,0.0,0.2522063
858,0.75296485,0.49273056,0.9762155,0.14121228,0.0,4.346809,0.0,0.022493877,0.0,0.25253147
859,0.75415725,0.49339944,0.9768747,0.14200766,0.0,4.346958,0.0,0.023016691,0.0,0.25286683
860,0.75542223,0.4941265,0.9775885,0.14286044,0.0,4.3470964,0.0,0.023576751,0.0,0.25322983
861,0.7566875,0.4948539,0.97830224,0.14371371,0.0,4.347235,0.0,0.024136826,0.0,0.25359288
862,0.75795233,0.49558097,0.9790159,0.14456666,0.0,4.3473735,0.0,0.024696767,0.0,0.2539558
863,0.7592175,0.49630824,0.97972965,0.14541961,0.0,4.3475122,0.0,0.025256842,0.0,0.2543189
864,0.76048267,0.49703544,0.98044336,0.14627261,0.0,4.3476505,0.0,0.025816828,0.0,0.254682
865,0.7617476,0.49776268,0.98115706,0.14712569,0.0,4.3477883,0.0,0.026376888,0.0,0.25504506
866,0.76301277,0.49848992,0.98187065,0.14797875,0.0,4.3479276,0.0,0.026936904,0.0,0.25540814
867,0.76427746,0.49921706,0.98258424,0.1488317,0.0,4.348066,0.0,0.027496904,0.0,0.25577116
868,0.7655426,0.4999444,0.98329794,0.14968476,0.0,4.348204,0.0,0.028056942,0.0,0.25613418
869,0.7668078,0.50067157,0.9840117,0.15053779,0.0,4.348342,0.0,0.028616942,0.0,0.25649723
870,0.76807296,0.50139886,0.9847255,0.1513908,0.0,4.348481,0.0,0.029177025,0.0,0.2568603
871,0.76933795,0.5021261,0.9854391,0.15224382,0.0,4.348619,0.0,0.02973701,0.0,0.25722325
872,0.77060294,0.5028533,0.98615277,0.1530967,0.0,4.3487577,0.0,0.030297019,0.0,0.2575864
873,0.771868,0.50358045,0.9868664,0.15394977,0.0,4.348896,0.0,0.030857041,0.0,0.25794938
874,0.77313316,0.50430775,0.98758024,0.1548028,0.0,4.3490343,0.0,0.031417094,0.0,0.25831243
875,0.7743983,0.5050351,0.9882939,0.15565589,0.0,4.349173,0.0,0.0319772,0.0,0.25867552
876,0.7756633,0.5057622,0.98900765,0.15650883,0.0,4.3493114,0.0,0.032537088,0.0,0.25903863
877,0.77692825,0.5064895,0.98972136,0.15736185,0.0,4.3494496,0.0,0.033097193,0.0,0.2594016
878,0.77819335,0.5072167,0.990435,0.15821487,0.0,4.349588,0.0,0.033657193,0.0,0.2597646
879,0.77945894,0.5079443,0.99114895,0.15906808,0.0,4.3497267,0.0,0.03421686,0.0,0.26012745
880,0.7807269,0.5086734,0.99186444,0.15992256,0.0,4.349869,0.0,0.03477695,0.0,0.26048946
881,0.7819964,0.5094036,0.992581,0.16077782,0.0,4.350013,0.0,0.035337582,0.0,0.26085165
882,0.78326553,0.5101333,0.9932972,0.16163282,0.0,4.3501573,0.0,0.03589818,0.0,0.26121348
883,0.7845349,0.51086354,0.9940137,0.1624882,0.0,4.350301,0.0,0.03645882,0.0,0.26157537
884,0.78580403,0.51159346,0.99473006,0.16334336,0.0,4.350445,0.0,0.03701943,0.0,0.26193738
885,0.7870735,0.5123235,0.99544644,0.16419867,0.0,4.3505893,0.0,0.037580147,0.0,0.2622993
886,0.7883427,0.5130534,0.996163,0.16505378,0.0,4.3507338,0.0,0.038140714,0.0,0.26266125
887,0.7896121,0.5137834,0.99687934,0.16590887,0.0,4.3508773,0.0,0.0387014,0.0,0.26302326
888,0.7908813,0.51451355,0.99759567,0.1667642,0.0,4.3510213,0.0,0.039261937,0.0,0.26338527
889,0.7921506,0.5152435,0.9983121,0.16761932,0.0,4.3511653,0.0,0.03982261,0.0,0.26374713
890,0.79342127,0.51597446,0.9990294,0.16847637,0.0,4.3513117,0.0,0.040382884,0.0,0.26410824
891,0.79469335,0.5167064,0.9997478,0.16933537,0.0,4.3514595,0.0,0.040942863,0.0,0.26446837
892,0.79596555,0.5174384,1.0004662,0.17019433,0.0,4.3516083,0.0,0.041502953,0.0,0.26482838
893,0.7972373,0.51817024,1.0011845,0.17105308,0.0,4.3517556,0.0,0.042062715,0.0,0.26518843
894,0.7985095,0.5189023,1.0019028,0.17191204,0.0,4.3519044,0.0,0.04262273,0.0,0.26554847
895,0.7997817,0.5196343,1.0026212,0.17277093,0.0,4.352052,0.0,0.04318267,0.0,0.2659086
896,0.80105376,0.5203662,1.0033396,0.17362988,0.0,4.3522,0.0,0.043742664,0.0,0.26626867
897,0.80232584,0.5210982,1.0040581,0.17448884,0.0,4.352349,0.0,0.044302657,0.0,0.26662865
898,0.8035977,0.52183,1.0047762,0.17534772,0.0,4.3524966,0.0,0.044862494,0.0,0.26698872
899,0.8048699,0.52256215,1.0054948,0.17620662,0.0,4.352645,0.0,0.045422457,0.0,0.26734877
900,0.80614185,0.523294,1.006213,0.17706552,0.0,4.3527937,0.0,0.04598239,0.0,0.26770878
901,0.8074141,0.5240261,1.0069315,0.17792451,0.0,4.3529415,0.0,0.046542443,0.0,0.26806894
902,0.808686,0.524758,1.0076498,0.17878336,0.0,4.353089,0.0,0.04710228,0.0,0.26842898
903,0.8099582,0.52548987,1.0083681,0.17964236,0.0,4.353237,0.0,0.047662243,0.0,0.26878902
904,0.81123024,0.5262219,1.0090865,0.18050125,0.0,4.353386,0.0,0.04822216,0.0,0.26914912
905,0.81250226,0.52695394,1.0098048,0.18136016,0.0,4.3535337,0.0,0.048782185,0.0,0.2695092
906,0.8137745,0.5276859,1.0105233,0.18221918,0.0,4.353682,0.0,0.049342155,0.0,0.26986927
907,0.8150465,0.5284178,1.0112417,0.18307808,0.0,4.3538303,0.0,0.04990214,0.0,0.27022937
908,0.8163183,0.5291496,1.01196,0.1839369,0.0,4.353978,0.0,0.050461903,0.0,0.27058926
909,0.8175906,0.52988166,1.0126781,0.18479583,0.0,4.3541265,0.0,0.051021896,0.0,0.27094936
910,0.8188627,0.5306135,1.0133967,0.1856548,0.0,4.3542743,0.0,0.051581845,0.0,0.27130947
911,0.8201348,0.53134567,1.0141151,0.18651378,0.0,4.354423,0.0,0.05214189,0.0,0.27166963
912,0.8214071,0.5320775,1.0148335,0.18737268,0.0,4.354571,0.0,0.0527018,0.0,0.27202958
913,0.8226788,0.53280944,1.0155518,0.18823153,0.0,4.354719,0.0,0.053261712,0.0,0.2723896
914,0.8239509,0.5335413,1.0162702,0.18909037,0.0,4.354867,0.0,0.053821623,0.0,0.27274963
915,0.82522297,0.53427345,1.0169885,0.18994942,0.0,4.3550158,0.0,0.054381624,0.0,0.27310973
916,0.8264952,0.5350054,1.017707,0.19080827,0.0,4.3551636,0.0,0.054941535,0.0,0.27346995
917,0.8277674,0.53573734,1.0184253,0.19166723,0.0,4.355312,0.0,0.05550149,0.0,0.27382982
918,0.8290398,0.5364687,1.0191447,0.19252649,0.0,4.355461,0.0,0.056059897,0.0,0.2741902
919,0.83031285,0.5371996,1.019865,0.19338572,0.0,4.3556104,0.0,0.056617446,0.0,0.27455065
920,0.831586,0.5379307,1.0205853,0.19424537,0.0,4.35576,0.0,0.05717495,0.0,0.27491105
921,0.8328592,0.5386618,1.0213056,0.19510469,0.0,4.35591,0.0,0.057732522,0.0,0.27527153
922,0.8341324,0.5393928,1.0220258,0.19596416,0.0,4.3560586,0.0,0.05829005,0.0,0.2756319
923,0.83540535,0.54012376,1.0227462,0.1968235,0.0008212924,4.356209,0.0,0.05884745,0.0,0.27599242
924,0.83666813,0.54085076,1.0234647,0.19767615,0.00167346,4.3563595,0.0,0.059397966,0.0,0.27635205
925,0.83791393,0.5415715,1.0241804,0.19851781,0.0025232434,4.356512,0.0,0.059936896,0.0,0.27671066
926,0.83915955,0.5422921,1.0248959,0.19935933,0.003373146,4.356664,0.0,0.06047579,0.0,0.27706915
927,0.8404054,0.54301286,1.0256116,0.20020112,0.0042232275,4.356817,0.0,0.06101477,0.0,0.27742776
928,0.8416499,0.54373276,1.0263257,0.20103979,0.0050712526,4.35697,0.0,0.06155228,0.0,0.27778548
929,0.8428899,0.5444506,1.0270336,0.20186666,0.0059129596,4.357122,0.0,0.062083617,0.0,0.27813983
930,0.8441297,0.5451684,1.0277412,0.2026935,0.006754577,4.357276,0.0,0.062615074,0.0,0.27849415
931,0.8453695,0.54588604,1.028449,0.20352037,0.007596165,4.357429,0.0,0.06314644,0.0,0.27884847
932,0.8466095,0.5466039,1.0291567,0.20434715,0.008437753,4.357582,0.0,0.06367784,0.0,0.27920273
933,0.8478493,0.5473219,1.0298644,0.205174,0.0092793405,4.3577356,0.0,0.06420927,0.0,0.27955702
934,0.84908926,0.5480396,1.0305722,0.20600079,0.0101207495,4.3578887,0.0,0.06474058,0.0,0.27991128
935,0.85032904,0.54875743,1.0312798,0.20682758,0.010962397,4.358042,0.0,0.06527201,0.0,0.28026563
936,0.8515688,0.54947525,1.0319877,0.20765445,0.011803806,4.3581953,0.0,0.06580336,0.0,0.28061983
937,0.8528088,0.5501932,1.0326954,0.20848122,0.012645483,4.358348,0.0,0.06633484,0.0,0.28097424
938,0.8540487,0.5509108,1.0334033,0.20930815,0.01348713,4.358502,0.0,0.06686625,0.0,0.2813285
939,0.8552885,0.5516287,1.0341109,0.21013483,0.014328748,4.3586545,0.0,0.0673976,0.0,0.2816827
940,0.8565283,0.5523464,1.0348186,0.21096165,0.015170127,4.358808,0.0,0.0679289,0.0,0.282037
941,0.8577682,0.5530642,1.0355265,0.21178865,0.016011745,4.358961,0.0,0.06846039,0.0,0.28239134
942,0.85900795,0.553782,1.0362339,0.21261524,0.016853362,4.3591146,0.0,0.06899177,0.0,0.28274566
943,0.86024797,0.55449975,1.0369419,0.21344212,0.017694741,4.3592677,0.0,0.069523185,0.0,0.28309992
944,0.861488,0.55521756,1.0376496,0.21426892,0.01853633,4.359421,0.0,0.0700546,0.0,0.28345424
945,0.86272764,0.55593526,1.0383573,0.21509576,0.019377857,4.359574,0.0,0.070585914,0.0,0.28380847
946,0.8639674,0.55665314,1.0390651,0.21592258,0.020219415,4.3597264,0.0,0.07111733,0.0,0.28416276
947,0.86520743,0.5573709,1.0397729,0.21674937,0.021060944,4.35988,0.0,0.07164874,0.0,0.2845171
948,0.86644715,0.5580888,1.0404805,0.21757624,0.021902561,4.3600335,0.0,0.0721801,0.0,0.28487137
949,0.8676869,0.55880654,1.0411882,0.21840292,0.022744,4.3601866,0.0,0.07271142,0.0,0.2852255
950,0.868927,0.5595244,1.041896,0.21922994,0.023585647,4.36034,0.0,0.07324292,0.0,0.2855799
951,0.8701668,0.5602422,1.0426039,0.2200568,0.024427265,4.3604937,0.0,0.07377437,0.0,0.28593415
952,0.8714066,0.56096005,1.0433114,0.22088349,0.025268942,4.3606467,0.0,0.074305676,0.0,0.2862885
953,0.8726466,0.56167775,1.0440192,0.22171037,0.02611041,4.3607993,0.0,0.07483712,0.0,0.28664282
954,0.8738862,0.5623956,1.0447271,0.22253713,0.02695185,4.360953,0.0,0.07536845,0.0,0.28699705
955,0.8751261,0.5631134,1.0454347,0.2233638,0.027793288,4.361106,0.0,0.07589982,0.0,0.28735137
956,0.876366,0.5638312,1.0461425,0.22419074,0.028634846,4.3612595,0.0,0.07643127,0.0,0.2877057
957,0.87760586,0.5645489,1.0468502,0.22501752,0.029476523,4.361413,0.0,0.07696271,0.0,0.28805992
958,0.87884575,0.5652667,1.0475583,0.22584456,0.030317813,4.361565,0.0,0.07749427,0.0,0.2884146
959,0.88008547,0.56598425,1.0482669,0.2266716,0.031158864,4.3617177,0.0,0.07802605,0.0,0.2887694
960,0.88132524,0.56670207,1.0489755,0.22749877,0.032000065,4.3618703,0.0,0.07855781,0.0,0.28912428
961,0.88256526,0.5674197,1.0496838,0.22832593,0.032841206,4.362023,0.0,0.079089664,0.0,0.28947932
962,0.8838049,0.5681373,1.0503925,0.22915296,0.033682287,4.362175,0.0,0.079621375,0.0,0.2898341
963,0.88504475,0.56885505,1.051101,0.22998005,0.034523338,4.362328,0.0,0.08015324,0.0,0.29018915
964,0.88628435,0.5695725,1.0518094,0.23080708,0.03536445,4.36248,0.0,0.08068496,0.0,0.29054385
965,0.88752407,0.57029027,1.052518,0.23163411,0.03620562,4.3626323,0.0,0.08121669,0.0,0.29089892
966,0.88876384,0.5710079,1.0532265,0.23246141,0.037046492,4.362785,0.0,0.081748575,0.0,0.2912537
967,0.89000386,0.5717256,1.0539349,0.23328845,0.037887692,4.362938,0.0,0.08228041,0.0,0.29160866
968,0.8912437,0.5724433,1.0546435,0.23411553,0.038728863,4.36309,0.0,0.08281215,0.0,0.29196355
969,0.8924831,0.57316077,1.055352,0.23494253,0.039569855,4.3632417,0.0,0.08334385,0.0,0.2923183
970,0.89372313,0.5738785,1.0560606,0.23576969,0.040410966,4.3633947,0.0,0.083875686,0.0,0.2926733
971,0.89496297,0.57459635,1.056769,0.23659697,0.041252315,4.3635473,0.0,0.08440752,0.0,0.29302818
972,0.8962028,0.5753138,1.0574775,0.23742385,0.042093277,4.3636994,0.0,0.08493927,0.0,0.2933831
973,0.89744246,0.57603157,1.058186,0.23825103,0.04293433,4.363852,0.0,0.085471116,0.0,0.293738
974,0.8986821,0.5767492,1.0588946,0.23907806,0.04377541,4.3640046,0.0,0.08600286,0.0,0.29409286
975,0.89992213,0.57746685,1.059603,0.23990518,0.04461646,4.3641567,0.0,0.08653465,0.0,0.29444775
976,0.90116185,0.57818437,1.0603116,0.2407323,0.04545757,4.36431,0.0,0.087066405,0.0,0.29480264
977,0.90240175,0.5789021,1.0610201,0.24155942,0.046298683,4.364462,0.0,0.087598294,0.0,0.29515758
978,0.90364134,0.5796199,1.0617287,0.24238658,0.047139704,4.3646145,0.0,0.08813006,0.0,0.29551244
979,0.9048811,0.5803375,1.062437,0.2432135,0.047980994,4.364767,0.0,0.088661894,0.0,0.29586735
980,0.90612096,0.58105516,1.0631456,0.24404067,0.048821986,4.3649197,0.0,0.08919364,0.0,0.29622224
981,0.9073608,0.5817728,1.0638541,0.24486771,0.049663007,4.365072,0.0,0.08972542,0.0,0.29657722
982,0.9086007,0.58249056,1.0645627,0.24569505,0.050504267,4.3652244,0.0,0.09025727,0.0,0.29693207
983,0.9098403,0.58320814,1.0652711,0.24652202,0.0513452,4.365377,0.0,0.090788975,0.0,0.2972869
984,0.9110801,0.5839257,1.0659797,0.24734905,0.052186728,4.3655295,0.0,0.09132082,0.0,0.29764187
985,0.9123199,0.58464336,1.0666883,0.2481761,0.05302754,4.3656816,0.0,0.09185254,0.0,0.29799667
986,0.9135598,0.5853611,1.0673969,0.24900319,0.05386865,4.3658338,0.0,0.09238438,0.0,0.29835156
987,0.9147997,0.58607876,1.0681052,0.24983029,0.054709733,4.365987,0.0,0.092916176,0.0,0.29870656
988,0.91603935,0.5867964,1.0688139,0.25065738,0.055550873,4.366139,0.0,0.0934479,0.0,0.29906148
989,0.91728103,0.5875169,1.0695214,0.2514862,0.05639234,4.366292,0.0,0.09397442,0.0,0.29941475
990,0.91852295,0.58823764,1.0702287,0.25231516,0.05723396,4.366443,0.0,0.094500504,0.0,0.29976785
991,0.91976494,0.58895814,1.0709362,0.25314397,0.058075428,4.3665957,0.0,0.09502661,0.0,0.300121
992,0.92100686,0.5896788,1.0716438,0.25397298,0.058917046,4.366748,0.0,0.09555278,0.0,0.30047423
993,0.92224884,0.5903996,1.0723512,0.2548019,0.059758723,4.3669,0.0,0.09607893,0.0,0.30082726
994,0.92349076,0.59112024,1.0730587,0.25563076,0.060600042,4.367052,0.0,0.09660517,0.0,0.30118048
995,0.9247327,0.5918408,1.0737662,0.25645953,0.06144184,4.367204,0.0,0.09713123,0.0,0.30153364
996,0.925975,0.5925617,1.0744736,0.25728852,0.062283456,4.367357,0.0,0.09765742,0.0,0.30188692
997,0.92721665,0.59328234,1.0751812,0.25811744,0.063125074,4.3675094,0.0,0.09818351,0.0,0.30224007
998,0.9284585,0.5940029,1.0758886,0.2589462,0.06396663,4.367661,0.0,0.09870964,0.0,0.3025931
999,0.9297006,0.5947237,1.0765961,0.25977522,0.06480816,4.367813,0.0,0.099235855,0.0,0.30294633
1000,0.9309424,0.5954442,1.0773036,0.26060408,0.06564981,4.3679647,0.0,0.09976193,0.0,0.3032995
1001,0.93218434,0.5961648,1.078011,0.26143292,0.066491365,4.3681173,0.0,0.10028805,0.0,0.30365267
1002,0.9334265,0.5968855,1.0787187,0.2622619,0.067332864,4.3682694,0.0,0.10081425,0.0,0.3040057
1003,0.9346683,0.5976063,1.079426,0.26309082,0.06817454,4.3684216,0.0,0.10134038,0.0,0.30435902
1004,0.93591034,0.59832704,1.0801336,0.26391974,0.06901598,4.3685737,0.0,0.10186655,0.0,0.30471212
1005,0.9371524,0.59904766,1.080841,0.2647487,0.069857806,4.368726,0.0,0.10239269,0.0,0.3050654
1006,0.9383942,0.5997683,1.0815483,0.26557744,0.070699126,4.3688784,0.0,0.10291878,0.0,0.3054185
1007,0.93963605,0.6004889,1.0822558,0.26640642,0.07154083,4.3690295,0.0,0.103444874,0.0,0.30577162
1008,0.94087815,0.60120964,1.0829635,0.2672353,0.07238224,4.3691826,0.0,0.10397106,0.0,0.3061248
1009,0.94212013,0.60193044,1.0836711,0.26806426,0.07322389,4.369334,0.0,0.10449721,0.0,0.306478
1010,0.94336206,0.602651,1.0843785,0.26889312,0.074065626,4.369487,0.0,0.1050234,0.0,0.30683115
1011,0.9446045,0.6033723,1.0850861,0.26972175,0.07490733,4.3696404,0.0,0.10554966,0.0,0.30718443
1012,0.9458477,0.6040942,1.0857941,0.27055058,0.075749844,4.369795,0.0,0.10607627,0.0,0.3075381
1013,0.9470906,0.6048162,1.0865021,0.2713793,0.076592445,4.3699493,0.0,0.10660283,0.0,0.30789164
1014,0.94833374,0.6055381,1.0872102,0.27220806,0.07743496,4.3701043,0.0,0.10712932,0.0,0.30824518
1015,0.9495767,0.60625994,1.087918,0.27303675,0.07827735,4.3702583,0.0,0.10765587,0.0,0.30859882
1016,0.95082,0.6069817,1.088626,0.27386534,0.07911986,4.370413,0.0,0.108182415,0.0,0.30895233
1017,0.9520631,0.6077037,1.089334,0.2746941,0.07996252,4.370567,0.0,0.10870896,0.0,0.30930582
1018,0.95330596,0.60842544,1.090042,0.27552277,0.080804825,4.3707223,0.0,0.10923543,0.0,0.30965948
1019,0.9545491,0.6091475,1.09075,0.27635145,0.08164737,4.3708763,0.0,0.10976201,0.0,0.31001303
1020,0.955792,0.60986924,1.0914578,0.2771802,0.0824897,4.3710313,0.0,0.11028853,0.0,0.3103665
1021,0.9570333,0.61058664,1.0921633,0.2780074,0.0833312,4.371182,0.0,0.110815376,0.0,0.3107175
1022,0.95827425,0.61130404,1.0928688,0.27883464,0.084172726,4.371334,0.0,0.11134225,0.0,0.3110684
1023,0.9595063,0.6120183,1.0935718,0.27965763,0.08500862,4.3714824,0.0,0.111862354,0.0,0.3114165
1024,0.96072876,0.6127293,1.0942721,0.2804761,0.0858382,4.371627,0.0,0.11237514,0.0,0.3117612
1025,0.9619513,0.6134403,1.0949726,0.28129444,0.08666757,4.3717723,0.0,0.112887904,0.0,0.31210586
1026,0.9631738,0.61415124,1.095673,0.2821128,0.087497085,4.3719187,0.0,0.11340064,0.0,0.3124506
1027,0.96439624,0.61486244,1.0963734,0.28293133,0.08832699,4.372063,0.0,0.11391336,0.0,0.3127953
1028,0.965619,0.6155735,1.097074,0.2837497,0.08915639,4.372209,0.0,0.11442606,0.0,0.31314003
1029,0.96684134,0.6162845,1.0977745,0.28456822,0.08998588,4.3723536,0.0,0.11493887,0.0,0.31348467
1030,0.96806395,0.6169944,1.0984744,0.2853868,0.09081465,4.3724985,0.0,0.11545088,0.0,0.31382892
1031,0.96928656,0.6177043,1.0991743,0.28620508,0.091643125,4.372643,0.0,0.11596284,0.0,0.31417313
1032,0.9705093,0.61841416,1.099874,0.28702363,0.09247178,4.372787,0.0,0.11647485,0.0,0.3145175
1033,0.9717318,0.6191241,1.100574,0.28784212,0.0933007,4.3729324,0.0,0.11698688,0.0,0.31486177
1034,0.9729544,0.61983407,1.1012738,0.28866065,0.09412925,4.373077,0.0,0.11749889,0.0,0.31520593
1035,0.9741769,0.62054396,1.1019738,0.28947905,0.09495795,4.3732204,0.0,0.11801098,0.0,0.31555024
1036,0.9753994,0.62125385,1.1026735,0.2902975,0.09578657,4.373366,0.0,0.11852287,0.0,0.3158945
1037,0.97666276,0.6219918,1.1033987,0.29114473,0.09664479,4.3735023,0.0,0.11905238,0.0,0.3162524
1038,0.9780109,0.62278795,1.1041757,0.29205182,0.0975638,4.373623,0.0,0.11961817,0.0,0.3166389
1039,0.9793587,0.62358403,1.1049527,0.2929587,0.09848273,4.373744,0.0,0.12018395,0.0,0.3170253
1040,0.9807067,0.6243802,1.1057298,0.29386574,0.09940185,4.3738647,0.0,0.12074963,0.0,0.31741175
1041,0.9820547,0.6251764,1.106507,0.29477268,0.10032076,4.373985,0.0,0.12131539,0.0,0.3177982
1042,0.9834025,0.6259724,1.107284,0.29567948,0.101239696,4.3741055,0.0,0.12188109,0.0,0.3181846
1043,0.9847506,0.6267685,1.1080611,0.2965865,0.102158636,4.374226,0.0,0.12244682,0.0,0.3185711
1044,0.9860984,0.6275647,1.1088383,0.29749358,0.103077844,4.3743467,0.0,0.123012714,0.0,0.31895754
1045,0.9874464,0.6283608,1.1096151,0.29840046,0.103996724,4.3744674,0.0,0.12357839,0.0,0.31934395
1046,0.9887943,0.62915695,1.1103923,0.29930738,0.10491574,4.374589,0.0,0.12414409,0.0,0.31973034
1047,0.9901423,0.6299529,1.1111695,0.3002143,0.10583474,4.374709,0.0,0.12470986,0.0,0.32011682
1048,0.99149024,0.630749,1.1119459,0.30112004,0.10675363,4.3748283,0.0,0.12527475,0.0,0.32050207
1049,0.99283785,0.6315447,1.1127213,0.302024,0.107672274,4.3749456,0.0,0.12583855,0.0,0.32088575
1050,0.9941855,0.6323403,1.113497,0.30292782,0.10859078,4.375063,0.0,0.12640229,0.0,0.32126945
1051,0.9955445,0.6331461,1.1142781,0.3038399,0.10952003,4.3751745,0.0,0.12697017,0.0,0.32165685
1052,0.996907,0.6339551,1.1150608,0.3047544,0.11045268,4.3752837,0.0,0.12753923,0.0,0.3220456
1053,0.99826974,0.6347642,1.1158435,0.3056689,0.111385405,4.375393,0.0,0.12810847,0.0,0.32243434
1054,0.9996323,0.63557315,1.1166264,0.30658332,0.112318054,4.3755026,0.0,0.12867755,0.0,0.322823
1055,1.000995,0.6363821,1.1174092,0.30749786,0.11325072,4.375612,0.0,0.12924674,0.0,0.3232117
1056,1.0023576,0.63719136,1.118192,0.3084123,0.11418338,4.3757205,0.0,0.12981592,0.0,0.32360035
1057,1.0037204,0.63800025,1.1189748,0.3093269,0.115116134,4.3758297,0.0,0.13038498,0.0,0.3239891
1058,1.0050827,0.6388093,1.1197575,0.31024128,0.11604892,4.375939,0.0,0.13095415,0.0,0.32437775
1059,1.0064455,0.6396184,1.1205404,0.31115586,0.116981655,4.3760486,0.0,0.13152331,0.0,0.3247665
1060,1.0078081,0.64042735,1.1213232,0.3120704,0.1179142,4.3761573,0.0,0.13209245,0.0,0.3251552
1061,1.0091708,0.6412365,1.1221058,0.31298494,0.11884683,4.376267,0.0,0.13266155,0.0,0.32554388
1062,1.0105335,0.6420454,1.1228888,0.3138994,0.11977966,4.376376,0.0,0.13323078,0.0,0.32593265
1063,1.011896,0.64285445,1.1236715,0.3148139,0.12071228,4.3764853,0.0,0.13379985,0.0,0.3263212
1064,1.0132587,0.6436634,1.1244544,0.3157283,0.121644914,4.3765945,0.0,0.13436896,0.0,0.3267099
1065,1.0146211,0.6444725,1.1252371,0.31664288,0.1225778,4.3767037,0.0,0.13493814,0.0,0.3270986
1066,1.0159839,0.64528155,1.1260197,0.31755745,0.12351024,4.3768125,0.0,0.1355073,0.0,0.3274874
1067,1.0173466,0.6460906,1.1268028,0.3184719,0.12444322,4.376922,0.0,0.13607644,0.0,0.32787606
1068,1.0187092,0.64689946,1.1275855,0.3193863,0.12537563,4.3770313,0.0,0.13664556,0.0,0.32826477
1069,1.0200719,0.64770854,1.1283683,0.3203009,0.12630844,4.3771405,0.0,0.13721468,0.0,0.32865348
1070,1.0214343,0.6485176,1.1291512,0.32121545,0.12724106,4.3772497,0.0,0.13778389,0.0,0.32904214
1071,1.022797,0.64932656,1.129934,0.32212996,0.12817383,4.377359,0.0,0.13835305,0.0,0.32943094
1072,1.0241597,0.65013564,1.1307168,0.32304448,0.12910646,4.377468,0.0,0.13892217,0.0,0.32981965
1073,1.0255182,0.65094215,1.1314987,0.3239562,0.13003604,4.3775744,0.0,0.13949096,0.0,0.3302077
1074,1.0268685,0.65174335,1.1322784,0.32486242,0.13095933,4.3776746,0.0,0.1400591,0.0,0.33059487
1075,1.0282189,0.6525446,1.1330584,0.32576883,0.13188256,4.377776,0.0,0.14062735,0.0,0.33098194
1076,1.0295694,0.6533458,1.1338384,0.32667518,0.13280556,4.3778753,0.0,0.14119546,0.0,0.33136898
1077,1.0309196,0.65414727,1.134618,0.32758158,0.13372877,4.377976,0.0,0.14176369,0.0,0.33175603
1078,1.0322701,0.65494835,1.1353981,0.32848793,0.13465199,4.378076,0.0,0.14233182,0.0,0.33214322
1079,1.0336208,0.6557497,1.1361779,0.32939428,0.1355753,4.3781767,0.0,0.14290005,0.0,0.33253026
1080,1.0349711,0.656551,1.136958,0.33030063,0.13649848,4.3782773,0.0,0.14346823,0.0,0.33291745
1081,1.0363215,0.6573523,1.1377379,0.33120698,0.13742152,4.3783774,0.0,0.14403635,0.0,0.33330446
1082,1.0376718,0.65815365,1.1385176,0.33211333,0.13834468,4.3784776,0.0,0.14460453,0.0,0.33369154
1083,1.0390222,0.6589549,1.1392975,0.33301982,0.13926792,4.3785777,0.0,0.1451728,0.0,0.33407867
1084,1.0403727,0.65975624,1.1400776,0.3339261,0.1401911,4.3786783,0.0,0.1457409,0.0,0.33446577
1085,1.0417231,0.6605574,1.1408573,0.33483246,0.1411142,4.3787785,0.0,0.14630905,0.0,0.3348528
1086,1.0430734,0.6613587,1.1416373,0.33573884,0.14203736,4.3788795,0.0,0.14687726,0.0,0.33523992
1087,1.0444238,0.66216004,1.1424172,0.33664507,0.14296058,4.3789797,0.0,0.14744547,0.0,0.33562702
1088,1.0457743,0.66296136,1.1431972,0.3375515,0.1438837,4.37908,0.0,0.14801364,0.0,0.33601406
1089,1.0471247,0.66376257,1.1439772,0.33845788,0.14480707,4.3791804,0.0,0.14858177,0.0,0.33640122
1090,1.0484753,0.6645639,1.1447569,0.33936426,0.14573026,4.3792806,0.0,0.14915003,0.0,0.3367883
1091,1.0498254,0.6653651,1.1455368,0.34027058,0.14665343,4.3793807,0.0,0.14971812,0.0,0.33717534
1092,1.0511761,0.6661664,1.1463168,0.341177,0.14757651,4.3794813,0.0,0.15028635,0.0,0.33756247
1093,1.0525277,0.6669682,1.1470985,0.3420838,0.14849985,4.3795834,0.0,0.15085411,0.0,0.33795023
1094,1.0538797,0.66777015,1.1478806,0.34299073,0.14942326,4.379685,0.00069734454,0.15142198,0.0,0.33833805
1095,1.055232,0.66857207,1.1486624,0.34389788,0.1503464,4.379787,0.0015752614,0.15198976,0.0,0.33872595
1096,1.056584,0.669374,1.1494447,0.34480476,0.15126976,4.379889,0.0024531186,0.15255754,0.0,0.33911362
1097,1.057936,0.6701759,1.1502266,0.3457116,0.15219295,4.3799906,0.003330931,0.15312536,0.0,0.33950147
1098,1.0592835,0.67097974,1.1510069,0.3466143,0.15311371,4.380092,0.004205093,0.15369202,0.0,0.33989045
1099,1.060631,0.6717843,1.1517856,0.34751624,0.15403403,4.380192,0.0050768107,0.15425879,0.0,0.3402792
1100,1.061979,0.6725885,1.1525636,0.34841824,0.15495397,4.3802896,0.0059476644,0.15482539,0.0,0.3406675
1101,1.0633233,0.6733938,1.1533397,0.34931862,0.15587112,4.380386,0.0068190694,0.15538986,0.0,0.34105295
1102,1.0646676,0.6741991,1.1541159,0.35021895,0.15678833,4.3804803,0.0076906234,0.15595423,0.0,0.3414386
1103,1.0660119,0.67500436,1.1548921,0.35111928,0.15770563,4.380575,0.008562058,0.15651852,0.0,0.3418241
1104,1.067356,0.6758096,1.1556683,0.35201952,0.15862262,4.38067,0.009433404,0.15708287,0.0,0.34220964
1105,1.0687003,0.6766149,1.1564445,0.35291982,0.15953977,4.3807654,0.0103048235,0.15764724,0.0,0.34259513
1106,1.0700444,0.6774202,1.1572208,0.35382015,0.16045702,4.380861,0.011176258,0.15821151,0.0,0.34298062
1107,1.0713885,0.6782253,1.1579968,0.3547203,0.16137412,4.3809547,0.012047559,0.15877584,0.0,0.3433662
1108,1.0727327,0.67903054,1.1587732,0.35562062,0.1622913,4.3810506,0.012919068,0.15934026,0.0,0.34375185
1109,1.0740768,0.6798359,1.1595492,0.35652092,0.16320847,4.381145,0.013790429,0.15990458,0.0,0.34413728
1110,1.0754212,0.6806412,1.1603254,0.35742122,0.16412567,4.3812404,0.014661968,0.16046895,0.0,0.34452274
1111,1.0767653,0.68144643,1.1611016,0.35832155,0.16504289,4.3813353,0.015533388,0.16103326,0.0,0.3449083
1112,1.0781095,0.6822517,1.161878,0.3592217,0.16596001,4.3814306,0.016404688,0.16159761,0.0,0.3452938
1113,1.0794538,0.68305707,1.1626542,0.3601221,0.16687733,4.381526,0.017276272,0.16216202,0.0,0.34567946
1114,1.0807979,0.68386227,1.1634302,0.36102235,0.16779444,4.381621,0.018147662,0.16272628,0.0,0.34606493
1115,1.0821421,0.6846676,1.1642065,0.36192268,0.16871172,4.381716,0.019019052,0.16329071,0.0,0.34645057
1116,1.0834863,0.68547285,1.1649828,0.36282304,0.16962886,4.3818107,0.019890428,0.16385502,0.0,0.34683603
1117,1.0848305,0.6862781,1.165759,0.36372328,0.17054608,4.3819056,0.020761847,0.16441935,0.0,0.34722152
1118,1.0861753,0.68708384,1.1665353,0.36462352,0.17146255,4.382002,0.02163355,0.16498373,0.0,0.3476075
1119,1.0875204,0.6878901,1.1673117,0.36552352,0.17237827,4.3820987,0.022505179,0.16554797,0.0,0.34799403
1120,1.0888658,0.68869627,1.1680882,0.36642367,0.17329448,4.3821955,0.023376897,0.16611223,0.0,0.34838045
1121,1.090211,0.6895027,1.1688647,0.36732382,0.17421016,4.3822927,0.02424869,0.1666765,0.0,0.34876686
1122,1.0915564,0.6903089,1.1696413,0.36822397,0.17512617,4.38239,0.025120467,0.16724086,0.0,0.34915322
1123,1.0929016,0.69111526,1.1704177,0.36912408,0.17604214,4.382487,0.025992215,0.16780515,0.0,0.34953967
1124,1.0942466,0.6919213,1.1711941,0.37002432,0.17695814,4.3825836,0.026863739,0.16836964,0.0,0.34992602
1125,1.09559,0.69272685,1.1719697,0.37092486,0.17787418,4.38268,0.027734756,0.16893514,0.0,0.35031208
1126,1.0969337,0.6935327,1.1727455,0.37182564,0.17879054,4.382776,0.0286057,0.16950074,0.0,0.3506982
1127,1.0982772,0.6943383,1.1735213,0.3727261,0.17970653,4.382872,0.029476717,0.17006615,0.0,0.35108438
1128,1.0996206,0.69514394,1.1742969,0.3736267,0.18062276,4.382968,0.030347675,0.17063153,0.0,0.35147032
1129,1.1009642,0.69594955,1.1750729,0.3745274,0.18153879,4.3830643,0.031218499,0.17119698,0.0,0.35185647
1130,1.1022972,0.6967515,1.175841,0.37542418,0.1824474,4.383155,0.03208588,0.17175844,0.0,0.35224026
1131,1.1036267,0.6975521,1.1766067,0.37631994,0.18335363,4.383244,0.03295204,0.17231846,0.0,0.35262313
1132,1.1049565,0.69835263,1.1773722,0.37721553,0.18425995,4.383333,0.03381817,0.17287849,0.0,0.35300612
1133,1.106286,0.6991539,1.1781375,0.37811303,0.18516667,4.3834224,0.034683317,0.17343886,0.0,0.35338858
1134,1.1076164,0.6999554,1.1789036,0.3790119,0.18607411,4.3835115,0.035546735,0.1739991,0.0,0.3537709
1135,1.1089482,0.7007566,1.1796703,0.37991062,0.18698213,4.3836007,0.03640926,0.17455843,0.0,0.35415375
1136,1.1102798,0.7015575,1.180437,0.3808092,0.18788975,4.38369,0.03727147,0.17511769,0.0,0.3545364
1137,1.1116118,0.70235884,1.1812038,0.38170803,0.18879738,4.3837786,0.03813395,0.17567708,0.0,0.35491937
1138,1.1129435,0.7031599,1.1819704,0.3826065,0.18970524,4.3838677,0.038996264,0.17623633,0.0,0.35530204
1139,1.1142752,0.703961,1.1827369,0.3835051,0.19061296,4.3839564,0.039858595,0.17679566,0.0,0.35568476
1140,1.115607,0.704762,1.1835036,0.38440388,0.19152054,4.384045,0.040720955,0.17735496,0.0,0.35606766
1141,1.1169386,0.70556325,1.1842704,0.38530254,0.19242844,4.384134,0.04158333,0.17791429,0.0,0.35645044
1142,1.1182704,0.7063644,1.1850369,0.38620114,0.1933361,4.384223,0.04244572,0.1784736,0.0,0.3568331
1143,1.1196022,0.7071655,1.1858037,0.3870997,0.19424379,4.384312,0.043308064,0.17903303,0.0,0.35721594
1144,1.1209337,0.70796645,1.1865704,0.38799822,0.19515139,4.384401,0.04417029,0.17959218,0.0,0.35759875
1145,1.1222657,0.7087678,1.1873369,0.388897,0.1960593,4.38449,0.0450328,0.18015155,0.0,0.35798156
1146,1.1235974,0.70956874,1.1881037,0.38979572,0.1969671,4.3845787,0.04589519,0.18071094,0.0,0.35836437
1147,1.1249292,0.7103698,1.1888704,0.39069426,0.19787468,4.384668,0.046757534,0.18127023,0.0,0.35874715
1148,1.1262609,0.7111709,1.189637,0.39159298,0.19878241,4.384757,0.047619894,0.18182963,0.0,0.35912994
1149,1.1275927,0.71197206,1.1904036,0.39249152,0.19969013,4.3848457,0.04848227,0.18238889,0.0,0.35951272
1150,1.1289245,0.7127732,1.1911705,0.39339024,0.20059794,4.3849344,0.049344555,0.18294822,0.0,0.35989556
1151,1.130256,0.7135742,1.191937,0.39428884,0.20150562,4.385023,0.05020696,0.18350752,0.0,0.36027825
1152,1.1315876,0.7143754,1.1927037,0.39518735,0.20241345,4.385112,0.05106932,0.18406686,0.0,0.360661
1153,1.1329195,0.7151766,1.1934702,0.39608604,0.20332119,4.3852015,0.051931605,0.18462616,0.0,0.3610438
1154,1.1342512,0.7159775,1.194237,0.3969847,0.20422886,4.38529,0.05279395,0.18518546,0.0,0.36142662
1155,1.135583,0.71677864,1.1950036,0.39788336,0.20513654,4.3853793,0.05365637,0.18574485,0.0,0.36180937
1156,1.1369148,0.71757984,1.1957703,0.398782,0.20604421,4.3854675,0.05451876,0.1863041,0.0,0.36219227
1157,1.1382508,0.7183821,1.1965417,0.3996824,0.20695531,4.385555,0.055381224,0.18686673,0.0,0.36257434
1158,1.1395906,0.7191857,1.1973174,0.4005843,0.20786956,4.385639,0.056243792,0.18743236,0.0,0.3629559
1159,1.1409304,0.71998924,1.198093,0.40148634,0.20878398,4.385723,0.057106435,0.187998,0.0,0.36333737
1160,1.1422701,0.7207927,1.1988688,0.40238836,0.20969808,4.3858085,0.05796902,0.18856362,0.0,0.3637188
1161,1.14361,0.72159624,1.1996444,0.40329033,0.2106124,4.385893,0.058831602,0.18912932,0.0,0.3641004
1162,1.1449499,0.72239995,1.2004201,0.40419245,0.21152663,4.3859773,0.0596942,0.18969493,0.0,0.3644819
1163,1.1462896,0.72320336,1.2011957,0.40509427,0.21244076,4.3860617,0.0605568,0.19026056,0.0,0.36486337
1164,1.1476296,0.7240069,1.2019714,0.40599623,0.21335503,4.3861465,0.061419368,0.19082613,0.0,0.3652449
1165,1.1489693,0.7248105,1.2027471,0.40689823,0.2142693,4.3862305,0.06228198,0.19139181,0.0,0.36562645
1166,1.1503093,0.7256145,1.2035227,0.40780026,0.21518439,4.386317,0.0631454,0.19195718,0.0,0.36600786
1167,1.1516498,0.72641957,1.2042983,0.4087021,0.21610112,4.386403,0.064010635,0.19252199,0.0,0.36638924
1168,1.1529903,0.7272247,1.2050738,0.40960404,0.21701807,4.38649,0.06487596,0.19308698,0.0,0.36677065
1169,1.154331,0.72802985,1.2058494,0.410506,0.21793517,4.3865767,0.065741286,0.19365193,0.0,0.36715204
1170,1.1556712,0.7288349,1.2066249,0.4114079,0.21885182,4.386663,0.06660654,0.19421686,0.0,0.3675333
1171,1.1570117,0.72964,1.2074003,0.41230977,0.21976873,4.38675,0.06747183,0.19478178,0.0,0.36791465
1172,1.1583524,0.7304453,1.2081759,0.41321167,0.22068575,4.3868365,0.06833717,0.19534671,0.0,0.3682961
1173,1.159705,0.7312614,1.2089615,0.41412202,0.22161472,4.386921,0.06921242,0.19591773,0.0,0.36868176
1174,1.1610713,0.73208916,1.2097582,0.41504136,0.22255704,4.3870025,0.07009865,0.1964955,0.0,0.36907217
1175,1.1624374,0.7329172,1.2105546,0.4159609,0.22349963,4.387084,0.070985064,0.19707322,0.0,0.36946273
1176,1.1638038,0.7337454,1.2113512,0.4168805,0.2244421,4.387165,0.07187134,0.19765107,0.0,0.3698533
1177,1.1651701,0.7345734,1.2121478,0.4177999,0.22538443,4.387246,0.07275766,0.19822884,0.0,0.37024382
1178,1.1665361,0.7354014,1.2129444,0.41871938,0.22632694,4.3873277,0.07364392,0.19880664,0.0,0.37063426
1179,1.1679024,0.7362294,1.213741,0.41963893,0.22726947,4.3874087,0.074530184,0.19938432,0.0,0.3710248
1180,1.1692686,0.73705745,1.2145375,0.4205584,0.22821197,4.387491,0.07541652,0.19996211,0.0,0.37141544
1181,1.170635,0.7378856,1.2153343,0.42147797,0.22915426,4.387572,0.07630287,0.20053999,0.0,0.37180588
1182,1.1720291,0.7387337,1.2161502,0.42241788,0.23011823,4.3876486,0.077206686,0.2011312,0.0,0.37220687
1183,1.1734881,0.7396289,1.2170113,0.42340508,0.23113173,4.3877106,0.0781509,0.20175363,0.0,0.3726324
1184,1.1749475,0.74052405,1.2178724,0.42439237,0.23214543,4.387773,0.079095215,0.20237607,0.0,0.3730579
1185,1.1764066,0.74141943,1.2187335,0.42537966,0.23315912,4.387836,0.08003938,0.20299846,0.0,0.37348336
1186,1.177866,0.74231464,1.219595,0.42636704,0.23417285,4.387898,0.08098386,0.20362097,0.0,0.373909
1187,1.1793251,0.74321,1.2204561,0.42735434,0.23518646,4.387961,0.08192819,0.20424345,0.0,0.3743345
1188,1.1807845,0.74410516,1.2213173,0.42834157,0.23620027,4.3880234,0.082872465,0.20486593,0.0,0.37476
1189,1.1822431,0.7450006,1.2221782,0.42932793,0.2372134,4.388086,0.083816424,0.20548886,0.0,0.3751861
1190,1.1836987,0.74589694,1.2230387,0.43030772,0.23822223,4.388143,0.0847581,0.20611653,0.0,0.37561697
1191,1.1851541,0.74679345,1.2238994,0.43128747,0.23923136,4.3882003,0.08569974,0.20674412,0.0,0.37604806
1192,1.1866095,0.7476897,1.2247598,0.43226713,0.24024032,4.3882575,0.08664128,0.20737168,0.0,0.3764789
1193,1.188065,0.74858606,1.2256203,0.43324664,0.24124917,4.388315,0.08758287,0.20799918,0.0,0.3769099
1194,1.1895204,0.7494825,1.2264807,0.4342264,0.24225828,4.3883724,0.08852455,0.20862687,0.0,0.37734073
1195,1.1909758,0.75037897,1.2273412,0.43520606,0.24326715,4.388429,0.08946611,0.2092544,0.0,0.37777174
1196,1.1924314,0.75127536,1.2282019,0.43618575,0.24427626,4.388487,0.090407774,0.20988196,0.0,0.37820268
1197,1.193887,0.7521717,1.2290623,0.43716556,0.24528518,4.388544,0.09134942,0.21050957,0.0,0.37863362
1198,1.1953423,0.7530681,1.229923,0.4381451,0.24629417,4.388602,0.092291,0.2111372,0.0,0.3790645
1199,1.1967976,0.7539644,1.2307835,0.43912476,0.24730307,4.388659,0.09323263,0.21176478,0.0,0.37949544
1200,1.1982533,0.75486094,1.2316438,0.4401046,0.24831226,4.3887157,0.09417431,0.21239235,0.0,0.37992638
1201,1.1997086,0.7557572,1.2325042,0.4410841,0.24932118,4.388774,0.09511578,0.21301986,0.0,0.38035735
1202,1.201164,0.75665355,1.2333648,0.44206378,0.25033003,4.388831,0.09605746,0.21364747,0.0,0.3807882
1203,1.2026194,0.75755,1.2342254,0.44304353,0.2513391,4.3888884,0.09699902,0.21427503,0.0,0.38121912
1204,1.2040749,0.75844634,1.235086,0.44402316,0.2523482,4.388945,0.097940534,0.2149026,0.0,0.38165003
1205,1.2055304,0.7593428,1.2359464,0.44500285,0.25335717,4.3890023,0.09888224,0.21553022,0.0,0.38208103
1206,1.2069857,0.76023906,1.2368068,0.4459824,0.25436604,4.3890595,0.09982386,0.21615776,0.0,0.3825119
1207,1.2084413,0.76113546,1.2376672,0.44696212,0.25537497,4.389117,0.10076544,0.21678537,0.0,0.38294286
1208,1.2098968,0.76203185,1.2385278,0.44794175,0.25638387,4.3891745,0.10170697,0.21741289,0.0,0.3833737
1209,1.2113525,0.7629286,1.2393886,0.44892183,0.25739324,4.3892317,0.10264887,0.21804072,0.0,0.3838049
1210,1.2128868,0.7638924,1.2403073,0.44996858,0.2584728,4.38927,0.10363802,0.21870908,0.0,0.38426858
1211,1.2144212,0.76485586,1.2412262,0.4510154,0.25955236,4.389308,0.10462718,0.21937743,0.0,0.38473243
1212,1.2159555,0.7658197,1.2421451,0.45206237,0.26063192,4.389346,0.10561639,0.22004595,0.0,0.38519624
1213,1.2174897,0.76678336,1.2430642,0.45310926,0.26171142,4.3893843,0.10660542,0.22071429,0.0,0.38565993
1214,1.2190242,0.767747,1.2439829,0.4541561,0.26279098,4.389423,0.1075947,0.2213828,0.0,0.38612378
1215,1.2205592,0.768711,1.2449028,0.45520514,0.26387265,4.3894625,0.10858518,0.2220513,0.0,0.3865889
1216,1.2220948,0.7696749,1.2458229,0.45625448,0.2649547,4.3895016,0.109575905,0.22271971,0.0,0.3870539
1217,1.2236304,0.7706388,1.2467432,0.4573041,0.2660367,4.389541,0.11056666,0.22338822,0.0,0.38751903
1218,1.2251666,0.7716027,1.2476641,0.45835346,0.2671189,4.3895807,0.111557335,0.2240572,0.0,0.38798428
1219,1.2267053,0.7725663,1.2485867,0.4594028,0.26820087,4.3896217,0.11254752,0.22472718,0.0,0.3884492
1220,1.2282441,0.7735301,1.2495091,0.46045202,0.26928288,4.389663,0.113537684,0.22539729,0.0,0.38891417
1221,1.2297828,0.7744938,1.2504315,0.46150133,0.27036506,4.3897038,0.114527956,0.22606738,0.0,0.3893792
1222,1.2313216,0.7754575,1.251354,0.4625507,0.27144703,4.389745,0.11551809,0.22673744,0.0,0.38984412
1223,1.2328606,0.7764212,1.2522767,0.46360004,0.27252913,4.3897862,0.116508454,0.22740759,0.0,0.3903092
1224,1.2343991,0.77738476,1.2531991,0.46464914,0.2736112,4.3898273,0.117498495,0.22807753,0.0,0.39077416
1225,1.2359377,0.77834845,1.2541217,0.46569857,0.2746932,4.3898683,0.11848873,0.2287476,0.0,0.39123914
1226,1.2374771,0.77931213,1.255044,0.46674818,0.27577576,4.38991,0.11947956,0.2294187,0.0,0.39170367
1227,1.2390165,0.7802757,1.2559669,0.46779782,0.2768582,4.389952,0.12047066,0.2300902,0.0,0.39216807
1228,1.240556,0.7812393,1.2568895,0.4688475,0.27794084,4.3899937,0.121461794,0.23076174,0.0,0.39263245
1229,1.2420957,0.78220296,1.2578121,0.4698972,0.27902335,4.390036,0.122453004,0.23143326,0.0,0.39309677
1230,1.2436349,0.7831665,1.258735,0.470947,0.28010574,4.390078,0.123443976,0.23210467,0.0,0.3935612
1231,1.2451745,0.7841301,1.2596575,0.47199667,0.28118837,4.3901196,0.1244351,0.23277618,0.0,0.3940255
1232,1.246714,0.7850938,1.2605801,0.47304648,0.2822709,4.3901615,0.12542626,0.23344782,0.0,0.3944899
1233,1.2482536,0.7860573,1.2615027,0.4740963,0.28335357,4.390203,0.1264174,0.23411927,0.0,0.39495432
1234,1.2497929,0.7870209,1.2624254,0.47514594,0.284436,4.390245,0.12740842,0.23479071,0.0,0.39541858
1235,1.2513325,0.7879845,1.263348,0.4761957,0.28551853,4.390287,0.12839954,0.23546219,0.0,0.39588302
1236,1.2528719,0.7889481,1.2642707,0.4772454,0.286601,4.390329,0.12939069,0.23613374,0.0,0.39634743
1237,1.2544115,0.78991175,1.2651932,0.47829506,0.28768373,4.390371,0.13038181,0.2368052,0.0,0.3968118
1238,1.2559508,0.7908753,1.266116,0.47934484,0.2887662,4.390413,0.1313729,0.23747662,0.0,0.39727616
1239,1.2574904,0.791839,1.2670386,0.48039454,0.2898488,4.3904543,0.13236411,0.2381482,0.0,0.3977406
1240,1.2591314,0.792874,1.2680259,0.48151597,0.29100758,4.390474,0.13342467,0.23886868,0.0,0.39824107
1241,1.2607774,0.79391253,1.2690164,0.4826408,0.29217032,4.3904915,0.13448873,0.23959154,0.0,0.39874348
1242,1.262423,0.7949512,1.2700069,0.48376563,0.2933329,4.39051,0.13555273,0.24031432,0.0,0.3992458
1243,1.2640687,0.79598963,1.2709973,0.48489034,0.29449555,4.3905277,0.1366167,0.24103715,0.0,0.399748
1244,1.2657149,0.7970282,1.2719877,0.4860151,0.29565805,4.3905454,0.13768071,0.2417599,0.0,0.40025032
1245,1.2673607,0.79806674,1.272978,0.48713988,0.29682064,4.3905644,0.13874468,0.24248275,0.0,0.40075278
1246,1.2690065,0.79910517,1.2739685,0.488265,0.2979833,4.3905816,0.13980865,0.24320555,0.0,0.40125498
1247,1.2706524,0.8001438,1.2749588,0.4893898,0.29914582,4.3905997,0.14087269,0.24392837,0.0,0.4017572
1248,1.2722983,0.8011824,1.2759492,0.49051452,0.3003085,4.3906174,0.1419367,0.24465123,0.0,0.4022596
1249,1.2739451,0.80222094,1.27694,0.49163848,0.30147165,4.3906355,0.14300105,0.24537402,0.0,0.40276182
1250,1.2756681,0.8033103,1.2779827,0.4928156,0.30269244,4.3906345,0.1441125,0.24613333,0.0,0.4032871
1251,1.277426,0.8044225,1.279049,0.494017,0.30393967,4.390626,0.14524524,0.24690929,0.0,0.40382296
1252,1.2791836,0.8055345,1.2801154,0.4952183,0.3051865,4.3906174,0.14637792,0.24768516,0.0,0.40435863
1253,1.2809412,0.8066466,1.2811816,0.49641955,0.3064335,4.3906083,0.14751068,0.248461,0.0,0.40489435
1254,1.2826989,0.8077588,1.282248,0.497621,0.30768067,4.3905997,0.1486434,0.24923694,0.0,0.40543014
1255,1.2844565,0.8088709,1.2833142,0.49882227,0.30892769,4.3905907,0.14977609,0.25001281,0.0,0.40596592
1256,1.2862142,0.8099832,1.2843804,0.5000236,0.31017467,4.390582,0.15090878,0.25078863,0.0,0.40650162
1257,1.287972,0.81109536,1.2854469,0.501225,0.31142166,4.3905735,0.15204151,0.25156453,0.0,0.40703747
1258,1.2897296,0.81220764,1.2865131,0.5024263,0.3126687,4.3905644,0.15317422,0.25234047,0.0,0.40757316
1259,1.2914871,0.81331956,1.2875795,0.50362766,0.31391564,4.390556,0.15430686,0.25311637,0.0,0.40810892
1260,1.2932448,0.8144319,1.288646,0.50482905,0.31516275,4.3905473,0.15543962,0.25389224,0.0,0.4086448
1261,1.2950027,0.81554407,1.2897123,0.50603044,0.31640974,4.390538,0.15657237,0.25466818,0.0,0.4091804
1262,1.2967602,0.8166561,1.2907784,0.5072317,0.3176567,4.390529,0.15770501,0.25544393,0.0,0.4097162
1263,1.2985182,0.81776845,1.2918448,0.5084332,0.31890392,4.3905206,0.15883785,0.25621992,0.0,0.410252
1264,1.3002758,0.81888056,1.2929114,0.50963455,0.3201509,4.3905115,0.15997048,0.25699583,0.0,0.41078776
1265,1.3020221,0.8199936,1.2939656,0.51082873,0.32138735,4.390502,0.1610935,0.25776684,0.0,0.41132185
1266,1.3037667,0.8211069,1.2950177,0.51202166,0.32262158,4.3904924,0.1622147,0.25853688,0.0,0.41185582
1267,1.305511,0.8222202,1.2960696,0.5132146,0.32385603,4.3904834,0.1633358,0.259307,0.0,0.4123897
1268,1.3072553,0.8233335,1.2971219,0.51440763,0.3250906,4.3904743,0.16445707,0.26007706,0.0,0.41292366
1269,1.3089999,0.8244468,1.298174,0.5156007,0.32632488,4.390465,0.16557823,0.2608472,0.0,0.41345748
1270,1.310744,0.8255601,1.299226,0.51679355,0.32755926,4.3904557,0.16669935,0.26161724,0.0,0.41399142
1271,1.3124886,0.82667315,1.3002782,0.51798654,0.32879356,4.3904457,0.1678204,0.26238725,0.0,0.41452524
1272,1.3142331,0.82778656,1.3013303,0.51917946,0.33002803,4.3904366,0.16894157,0.26315743,0.00087180734,0.41505927
1273,1.3159776,0.82889986,1.3023826,0.5203725,0.33126253,4.3904266,0.17006283,0.26392752,0.0019388497,0.41559315
1274,1.3177218,0.83001316,1.3034344,0.52156544,0.33249682,4.3904176,0.17118396,0.26469755,0.003005907,0.41612697
1275,1.3194661,0.8311264,1.3044868,0.52275836,0.33373114,4.390408,0.1723051,0.2654677,0.0040727854,0.41666085
1276,1.3212107,0.83223975,1.3055388,0.52395135,0.33496562,4.390399,0.1734263,0.26623774,0.005139634,0.4171947
1277,1.3229549,0.8333529,1.3065909,0.52514434,0.3362,4.3903894,0.17454736,0.26700783,0.006206721,0.4177286
1278,1.3246996,0.8344662,1.3076429,0.5263374,0.33743435,4.3903794,0.17566861,0.26777786,0.007273704,0.41826248
1279,1.3264439,0.8355795,1.3086951,0.5275303,0.3386689,4.3903704,0.17678979,0.268548,0.008340612,0.41879642
1280,1.3281882,0.83669275,1.3097472,0.52872336,0.33990327,4.3903604,0.17791101,0.26931816,0.009407759,0.41933036
1281,1.3299327,0.837806,1.3107991,0.52991617,0.34113747,4.3903513,0.179032,0.2700881,0.010474473,0.41986418
1282,1.331677,0.83891934,1.3118514,0.5311092,0.34237197,4.390342,0.18015322,0.2708583,0.011541545,0.42039812
1283,1.3334215,0.8400327,1.3129034,0.53230214,0.3436064,4.390333,0.18127446,0.27162832,0.012608618,0.42093202
1284,1.3351659,0.84114593,1.3139557,0.53349507,0.34484074,4.3903236,0.18239549,0.27239847,0.0136754215,0.42146596
1285,1.3369104,0.84225917,1.3150077,0.53468823,0.3460752,4.390314,0.18351671,0.27316853,0.014742434,0.42199987
1286,1.3386546,0.84337234,1.3160598,0.5358809,0.34730947,4.3903046,0.18463776,0.27393857,0.015809342,0.42253366
1287,1.340399,0.84448576,1.3171117,0.537074,0.34854394,4.3902946,0.18575901,0.2747087,0.0168764,0.42306757
1288,1.3421434,0.8455991,1.3181639,0.53826696,0.34977835,4.390286,0.18688014,0.27547878,0.017943457,0.4236015
1289,1.3438878,0.84671223,1.319216,0.5394598,0.35101277,4.390276,0.1880013,0.2762488,0.01901038,0.42413545
1290,1.3456323,0.84782565,1.3202683,0.5406528,0.35224706,4.3902664,0.18912247,0.2770189,0.020077378,0.42466938
1291,1.3473767,0.8489388,1.3213203,0.54184586,0.35348162,4.3902574,0.19024366,0.27778912,0.02114427,0.4252031
1292,1.3491211,0.85005224,1.3223724,0.5430389,0.35471594,4.3902483,0.19136484,0.2785592,0.022211373,0.4257371
1293,1.3508654,0.8511654,1.3234243,0.5442318,0.3559503,4.390239,0.19248596,0.27932924,0.023278207,0.42627102
1294,1.3526101,0.85227865,1.3244767,0.54542476,0.3571847,4.390229,0.19360718,0.28009936,0.024345279,0.42680496
1295,1.3543441,0.85338056,1.3255233,0.5466051,0.3584105,4.390222,0.19472355,0.2808659,0.025406033,0.4273393
1296,1.356069,0.8544709,1.3265647,0.54777324,0.35962787,4.390216,0.1958352,0.28162923,0.026460811,0.42787427
1297,1.3577936,0.8555614,1.3276062,0.54894114,0.36084524,4.3902106,0.19694674,0.2823924,0.02751556,0.42840925
1298,1.3595183,0.85665184,1.3286475,0.5501093,0.3620626,4.3902054,0.19805843,0.2831555,0.028570354,0.42894405
1299,1.3613251,0.8578003,1.3297426,0.551342,0.36334473,4.3901806,0.19923232,0.28395182,0.02968049,0.4295083
1300,1.3631462,0.8589587,1.3308465,0.55258584,0.36463776,4.3901544,0.20041701,0.28475386,0.030799925,0.43007737
1301,1.3649672,0.8601171,1.3319507,0.5538296,0.3659305,4.390127,0.20160149,0.28555584,0.031919286,0.43064636
1302,1.3667881,0.86127543,1.3330545,0.5550734,0.3672234,4.3901005,0.20278606,0.28635788,0.033038795,0.43121547
1303,1.368609,0.8624336,1.3341587,0.556317,0.3685163,4.3900733,0.20397058,0.28715977,0.03415802,0.4317845
1304,1.3704302,0.8635921,1.3352628,0.5575608,0.36980933,4.3900466,0.2051552,0.28796184,0.035277545,0.43235338
1305,1.372251,0.8647505,1.3363665,0.5588045,0.3711022,4.3900194,0.20633972,0.28876382,0.03639692,0.43292254
1306,1.3740721,0.86590886,1.3374708,0.56004834,0.37239528,4.389993,0.20752442,0.28956592,0.03751637,0.43349153
1307,1.3758931,0.86706716,1.3385749,0.5612922,0.37368804,4.389966,0.20870894,0.29036796,0.03863576,0.43406057
1308,1.377714,0.86822563,1.3396788,0.5625359,0.37498102,4.38994,0.20989352,0.2911699,0.039755136,0.43462956
1309,1.379535,0.869384,1.3407829,0.56377965,0.37627396,4.389912,0.21107812,0.29197192,0.04087454,0.43519875
1310,1.381356,0.87054217,1.3418868,0.5650233,0.37756687,4.389886,0.21226268,0.29277393,0.04199402,0.43576774
1311,1.3831768,0.8717005,1.3429911,0.56626725,0.37885967,4.389859,0.21344721,0.29357588,0.0431132,0.4363367
1312,1.384998,0.8728591,1.344095,0.56751096,0.38015264,4.3898315,0.21463183,0.29437804,0.044232786,0.4369058
1313,1.3868186,0.87401736,1.345199,0.5687548,0.3814456,4.3898044,0.21581635,0.29517996,0.04535204,0.43747482
1314,1.3886398,0.8751758,1.346303,0.56999844,0.38273865,4.3897786,0.21700104,0.29598197,0.046471626,0.43804386
1315,1.390461,0.87633425,1.3474073,0.57124233,0.38403153,4.3897514,0.2181856,0.29678398,0.047591,0.43861297
1316,1.3922814,0.8774924,1.3485112,0.5724859,0.38532424,4.3897247,0.21937005,0.2975859,0.048710376,0.43918198
1317,1.3941026,0.87865067,1.3496151,0.57372975,0.3866172,4.389698,0.22055468,0.29838794,0.04982972,0.43975097
1318,1.3959236,0.8798092,1.350719,0.57497334,0.38791025,4.389671,0.22173917,0.29918998,0.050949126,0.44032013
1319,1.3977444,0.8809674,1.3518231,0.5762172,0.38920304,4.3896437,0.22292373,0.29999197,0.05206853,0.44088912
1320,1.3995655,0.88212585,1.3529271,0.57746094,0.39049593,4.3896165,0.22410837,0.30079398,0.053188056,0.4414581
1321,1.4013867,0.8832843,1.3540313,0.5787047,0.39178896,4.3895903,0.22529301,0.30159605,0.0543074,0.44202715
1322,1.4032075,0.88444257,1.3551353,0.5799486,0.39308187,4.389563,0.22647756,0.3023981,0.05542688,0.44259626
1323,1.405035,0.8856067,1.3562462,0.5811963,0.39437652,4.3895283,0.22767149,0.3032058,0.056559205,0.44316304
1324,1.4068632,0.88677114,1.3573575,0.5824445,0.39567113,4.3894935,0.22886595,0.30401403,0.05769223,0.4437297
1325,1.4086916,0.88793564,1.358469,0.5836925,0.39696598,4.389458,0.23006034,0.30482218,0.058825195,0.4442965
1326,1.4105196,0.8891,1.3595804,0.58494043,0.3982604,4.389423,0.23125467,0.30563027,0.05995819,0.44486326
1327,1.4123485,0.89026594,1.360692,0.5861901,0.39955556,4.3893876,0.23244703,0.30643648,0.06109166,0.44542807
1328,1.4141775,0.89143205,1.361804,0.58744,0.40085018,4.3893523,0.23363928,0.3072425,0.062225163,0.4459927
1329,1.416007,0.8925983,1.362916,0.5886899,0.4021453,4.3893175,0.23483169,0.30804867,0.06335889,0.44655758
1330,1.417836,0.8937644,1.364028,0.58993983,0.4034404,4.3892817,0.23602405,0.30885488,0.064492494,0.4471224
1331,1.4196653,0.8949305,1.3651397,0.5911898,0.40473548,4.389247,0.23721646,0.30966103,0.065626174,0.4476872
1332,1.4214942,0.8960966,1.3662517,0.5924396,0.40603042,4.3892117,0.23840877,0.31046718,0.066759795,0.44825193
1333,1.4233234,0.8972627,1.3673637,0.5936895,0.40732554,4.3891754,0.2396012,0.3112734,0.06789343,0.44881672
1334,1.4251528,0.89842904,1.3684754,0.5949393,0.40862045,4.389141,0.24079342,0.3120795,0.06902698,0.4493816
1335,1.4269819,0.89959526,1.3695875,0.59618926,0.40991554,4.389106,0.24198586,0.31288567,0.07016058,0.44994628
1336,1.4288111,0.9007611,1.3706992,0.597439,0.41121036,4.3890705,0.24317813,0.31369174,0.07129417,0.45051092
1337,1.43064,0.90192735,1.3718113,0.5986889,0.41250542,4.389035,0.24437046,0.31449792,0.07242772,0.45107573
1338,1.4324675,0.90309334,1.372923,0.5999381,0.41380027,4.3889985,0.24556214,0.31530362,0.0735603,0.45163953
1339,1.434293,0.9042481,1.3740318,0.6011748,0.41508576,4.3889647,0.24674508,0.31610078,0.074686125,0.45219582
1340,1.4361181,0.90540075,1.3751404,0.6024093,0.41636932,4.388931,0.24792632,0.31689638,0.07581073,0.45275077
1341,1.4379431,0.90655303,1.3762486,0.60364354,0.41765273,4.3888974,0.24910742,0.3176918,0.07693508,0.45330554
1342,1.4397663,0.9077046,1.3773549,0.6048763,0.41893622,4.3888626,0.25028697,0.31848747,0.07805914,0.45386004
1343,1.4415909,0.9088559,1.3784614,0.60610855,0.42022097,4.3888297,0.2514649,0.31928408,0.07918288,0.45441508
1344,1.4434153,0.91000724,1.3795677,0.6073406,0.42150548,4.3887963,0.25264293,0.3200806,0.08030665,0.45497024
1345,1.4452399,0.9111588,1.3806745,0.60857296,0.42279005,4.3887625,0.25382096,0.32087725,0.08143057,0.45552546
1346,1.4470654,0.91231143,1.3817819,0.6098061,0.42407674,4.388728,0.2549995,0.32167506,0.082554445,0.4560818
1347,1.4488921,0.9134656,1.3828905,0.6110407,0.42536515,4.388694,0.25617868,0.322474,0.08367859,0.4566391
1348,1.4507185,0.9146198,1.3839992,0.61227494,0.42665353,4.3886585,0.25735763,0.32327312,0.08480264,0.4571964
1349,1.452545,0.91577375,1.385108,0.6135093,0.42794177,4.388623,0.25853673,0.32407206,0.08592665,0.4577537
1350,1.4543719,0.91692805,1.3862166,0.6147436,0.42923012,4.3885894,0.25971556,0.32487148,0.08705075,0.45831072
1351,1.4561999,0.9180832,1.3873258,0.6159772,0.43051928,4.3885536,0.26089388,0.32567292,0.0881751,0.45886666
1352,1.4580281,0.91923845,1.3884346,0.61721075,0.43180823,4.3885193,0.26207203,0.3264743,0.08929953,0.4594227
1353,1.4598563,0.9203937,1.3895437,0.6184444,0.43309736,4.3884854,0.26325032,0.3272757,0.09042397,0.45997876
1354,1.4616842,0.92154884,1.3906527,0.6196779,0.43438634,4.388451,0.26442853,0.3280771,0.09154816,0.46053475
1355,1.4635125,0.92270434,1.3917617,0.62091136,0.43567523,4.388416,0.26560682,0.3288785,0.092672646,0.46109062
1356,1.4653409,0.9238595,1.3928704,0.6221451,0.4369644,4.388382,0.2667851,0.3296799,0.09379691,0.46164674
1357,1.4671688,0.92501473,1.3939795,0.62337875,0.4382534,4.388347,0.26796338,0.33048132,0.09492132,0.4622027
1358,1.468997,0.92617,1.3950884,0.6246123,0.43954247,4.388313,0.26914167,0.33128273,0.09604578,0.4627587
1359,1.470825,0.9273251,1.3961976,0.62584585,0.44083133,4.388278,0.2703199,0.33208412,0.097170144,0.4633147
1360,1.4726532,0.9284804,1.3973066,0.6270793,0.4421203,4.3882437,0.2714981,0.3328855,0.098294474,0.46387053
1361,1.4744816,0.92963576,1.3984154,0.62831295,0.44340944,4.3882093,0.27267647,0.3336869,0.09941886,0.46442676
1362,1.4763095,0.930791,1.3995245,0.62954646,0.44469842,4.3881745,0.27385473,0.3344883,0.100543216,0.46498263
1363,1.4781377,0.9319463,1.4006335,0.6307801,0.44598743,4.3881407,0.27503294,0.33528972,0.10166763,0.46553862
1364,1.4799657,0.9331014,1.4017425,0.6320137,0.4472766,4.388106,0.27621123,0.3360911,0.102791905,0.4660947
1365,1.4817939,0.9342567,1.4028513,0.63324726,0.44856545,4.388071,0.2773895,0.33689246,0.10391633,0.46665066
1366,1.4836221,0.93541205,1.4039605,0.6344809,0.44985455,4.3880367,0.27856782,0.33769393,0.1050408,0.46720666
1367,1.4854503,0.9365673,1.4050696,0.6357144,0.45114362,4.3880024,0.27974603,0.3384953,0.10616515,0.46776262
1368,1.4872786,0.93772244,1.4061785,0.63694793,0.45243245,4.3879685,0.28092432,0.33929667,0.107289426,0.46831867
1369,1.4891064,0.9388776,1.4072874,0.63818145,0.45372158,4.3879337,0.28210256,0.34009808,0.10841383,0.46887457
1370,1.4909346,0.9400331,1.4083966,0.63941514,0.45501068,4.387899,0.28328082,0.34089953,0.10953812,0.4694306
1371,1.4927629,0.9411882,1.4095055,0.6406487,0.4562996,4.387864,0.2844591,0.3417009,0.110662565,0.46998662
1372,1.4945912,0.9423435,1.4106143,0.6418823,0.45758867,4.3878303,0.28563735,0.3425023,0.11178692,0.47054255
1373,1.4964191,0.94349873,1.4117233,0.6431159,0.4588776,4.3877954,0.2868156,0.34330362,0.112911254,0.47109872
1374,1.4982471,0.94465387,1.4128323,0.64434934,0.46016663,4.387761,0.2879938,0.34410504,0.114035584,0.4716546
1375,1.5000756,0.94580925,1.4139414,0.64558315,0.46145576,4.387727,0.28917217,0.3449065,0.11516,0.47221068
1376,1.5019044,0.94696486,1.4150506,0.64681685,0.46274468,4.3876925,0.2903511,0.34570748,0.11628449,0.47276628
1377,1.5037339,0.9481212,1.4161603,0.6480509,0.46403357,4.3876586,0.2915304,0.34650797,0.11740892,0.47332162
1378,1.5055633,0.94927716,1.4172698,0.64928484,0.46532243,4.387625,0.29270986,0.34730843,0.11853326,0.47387692
1379,1.5073928,0.9504335,1.4183795,0.65051883,0.46661133,4.387591,0.29388934,0.34810895,0.119657755,0.47443223
1380,1.5092223,0.9515897,1.4194893,0.65175295,0.46790028,4.3875575,0.29506874,0.34890944,0.12078212,0.47498763
1381,1.5110517,0.9527458,1.420599,0.6529869,0.4691891,4.3875237,0.2962482,0.3497099,0.12190658,0.47554293
1382,1.5128813,0.953902,1.4217086,0.6542208,0.47047797,4.38749,0.29742762,0.35051042,0.123030975,0.4760982
1383,1.5147107,0.9550581,1.4228182,0.6554548,0.47176695,4.3874564,0.2986071,0.35131097,0.124155514,0.47665358
1384,1.5165403,0.9562143,1.4239278,0.65668905,0.47305584,4.3874226,0.29978648,0.3521114,0.12528,0.47720897
1385,1.5183699,0.9573704,1.4250374,0.65792286,0.4743446,4.3873887,0.3009659,0.35291186,0.12640446,0.47776425
1386,1.5201993,0.95852673,1.4261472,0.659157,0.47563362,4.387355,0.30214536,0.35371244,0.12752886,0.47831962
1387,1.5220287,0.95968294,1.4272568,0.660391,0.4769225,4.3873205,0.30332488,0.35451293,0.12865326,0.47887495
1388,1.5238583,0.96083915,1.4283664,0.66162497,0.47821152,4.387287,0.30450425,0.35531345,0.12977777,0.4794303
1389,1.5256877,0.9619951,1.429476,0.662859,0.47950035,4.3872538,0.3056837,0.3561139,0.13090219,0.47998565
1390,1.5275171,0.96315205,1.430586,0.6640929,0.48078957,4.3872204,0.30686295,0.35691512,0.13202667,0.48054075
1391,1.5293478,0.9643097,1.4316963,0.6653271,0.4820785,4.3871875,0.3080423,0.35771662,0.13315149,0.4810967
1392,1.5311773,0.965469,1.4328051,0.6665611,0.4833641,4.387152,0.30922335,0.35851252,0.13427684,0.48165736
1393,1.5330064,0.9666281,1.433914,0.66779524,0.4846499,4.387116,0.31040454,0.35930836,0.13540229,0.4822181
1394,1.5348518,0.9677981,1.4350338,0.6690401,0.48594728,4.387078,0.31159616,0.36011416,0.13653797,0.4827849
1395,1.53677,0.96902025,1.4362059,0.670336,0.4873007,4.3870244,0.31283814,0.36096692,0.13772249,0.48338076
1396,1.5386881,0.9702424,1.437378,0.67163193,0.4886542,4.386971,0.3140801,0.3618198,0.13890697,0.48397657
1397,1.5406065,0.9714644,1.43855,0.6729281,0.49000746,4.3869166,0.31532207,0.36267263,0.14009148,0.48457232
1398,1.5425253,0.9726865,1.4397221,0.6742239,0.4913609,4.386864,0.31656396,0.36352563,0.141276,0.48516798
1399,1.5444428,0.9739084,1.4408942,0.6755202,0.4927141,4.3868103,0.31780553,0.3643785,0.1424602,0.48576385
1400,1.54636,0.9751308,1.4420667,0.67681724,0.4940678,4.386758,0.31904685,0.36523175,0.14364403,0.48635995
1401,1.5482767,0.9763528,1.443239,0.67811394,0.4954212,4.386705,0.3202882,0.3660847,0.14482775,0.48695588
1402,1.5501935,0.97757494,1.4444113,0.6794108,0.4967748,4.3866515,0.3215295,0.36693788,0.14601152,0.48755193
1403,1.5521104,0.9787971,1.4455838,0.6807076,0.49812835,4.386598,0.32277077,0.36779088,0.14719519,0.488148
1404,1.5540271,0.98001933,1.4467561,0.68200433,0.49948174,4.3865447,0.3240122,0.368644,0.14837901,0.48874414
1405,1.555944,0.98124146,1.4479284,0.68330115,0.5008353,4.386492,0.3252534,0.36949697,0.14956273,0.48934007
1406,1.557878,0.9824743,1.4491122,0.6846093,0.5021994,4.3864346,0.32650402,0.37035674,0.15075676,0.48994237
1407,1.5598688,0.9837431,1.4503338,0.68595564,0.50360036,4.386362,0.32778788,0.3712396,0.15198448,0.49056542
1408,1.5618598,0.9850118,1.4515557,0.6873022,0.5050012,4.3862886,0.3290716,0.37212265,0.15321228,0.4911885
1409,1.5638506,0.98628044,1.4527773,0.68864834,0.5064023,4.386215,0.3303553,0.37300548,0.15443987,0.49181142
1410,1.5658417,0.9875492,1.4539992,0.68999475,0.50780326,4.3861423,0.33163905,0.3738883,0.15566772,0.4924345
1411,1.5678334,0.9888171,1.4552205,0.6913414,0.5092052,4.38607,0.33292305,0.3747721,0.15689565,0.4930577
1412,1.5698097,0.9900745,1.4564342,0.6926762,0.5105976,4.38599,0.33419713,0.37564814,0.1581161,0.49367538
1413,1.5717728,0.9913244,1.4576421,0.6940018,0.5119819,4.385904,0.33546335,0.37651795,0.15933084,0.49428856
1414,1.5737363,0.9925741,1.4588501,0.6953274,0.5133662,4.385818,0.3367294,0.3773877,0.16054547,0.49490175
1415,1.5757631,0.993868,1.4601007,0.69670016,0.5148035,4.385718,0.33803862,0.37828767,0.1618033,0.49553698
1416,1.5778162,0.9951806,1.461369,0.6980927,0.51626307,4.385612,0.33936566,0.37920016,0.1630793,0.4961813
1417,1.5798697,0.996493,1.4626377,0.69948524,0.5177227,4.385506,0.3406928,0.3801127,0.16435532,0.49682572
1418,1.581923,0.99780524,1.4639058,0.70087767,0.5191823,4.3854003,0.34201986,0.38102508,0.16563107,0.49747008
1419,1.5839763,0.9991176,1.4651742,0.7022702,0.5206418,4.3852954,0.34334695,0.38193762,0.16690709,0.49811453
1420,1.5860298,1.00043,1.4664426,0.7036629,0.5221014,4.385189,0.3446741,0.3828501,0.16818312,0.4987589
1421,1.5880829,1.0017424,1.4677109,0.70505536,0.52356076,4.3850837,0.34600115,0.38376272,0.16945893,0.49940318
1422,1.5901365,1.0030547,1.4689791,0.7064477,0.5250202,4.3849783,0.3473282,0.3846752,0.17073488,0.50004745
1423,1.5921896,1.004367,1.4702473,0.70784026,0.5264799,4.3848724,0.34865522,0.38558772,0.17201075,0.5006919
1424,1.5942426,1.0056794,1.4715159,0.70923275,0.5279395,4.3847666,0.3499823,0.38650018,0.17328663,0.5013362
1425,1.5962963,1.0069919,1.472784,0.7106254,0.52939904,4.3846607,0.3513093,0.3874126,0.17456259,0.50198054
1426,1.5983495,1.0083044,1.4740525,0.7120179,0.5308586,4.384555,0.35263655,0.38832515,0.17583846,0.5026251
1427,1.6004028,1.0096165,1.4753208,0.7134104,0.5323181,4.38445,0.35396352,0.3892377,0.17711437,0.5032694
1428,1.6024562,1.010929,1.4765892,0.71480286,0.53377765,4.3843436,0.3552906,0.39015016,0.17839026,0.50391376
1429,1.6045094,1.0122412,1.4778576,0.7161952,0.5352371,4.3842382,0.3566176,0.39106268,0.17966604,0.5045581
1430,1.6065629,1.0135536,1.4791259,0.7175877,0.5366967,4.3841324,0.3579447,0.39197516,0.18094215,0.5052025
1431,1.6086161,1.014866,1.480394,0.71898043,0.53815615,4.384027,0.35927182,0.3928877,0.18221803,0.50584674
1432,1.6106696,1.0161785,1.4816625,0.72037286,0.53961575,4.3839207,0.36059892,0.39380014,0.18349402,0.5064912
1433,1.6127226,1.0174907,1.4829309,0.7217653,0.5410752,4.3838153,0.36192596,0.3947127,0.18476984,0.5071355
1434,1.614776,1.0188031,1.4841993,0.7231579,0.5425347,4.383709,0.36325297,0.3956251,0.18604572,0.5077799
1435,1.6168299,1.0201157,1.4854681,0.7245506,0.5439942,4.3836045,0.36458004,0.39653784,0.1873214,0.5084244
1436,1.618886,1.0214305,1.4867387,0.72594845,0.5454568,4.383504,0.36591125,0.3974496,0.18860076,0.5090673
1437,1.6209431,1.0227456,1.4880099,0.7273464,0.54691935,4.383403,0.3672427,0.3983615,0.18988034,0.5097103
1438,1.6229994,1.0240605,1.4892807,0.72874427,0.5483816,4.3833013,0.3685739,0.3992734,0.1911597,0.5103533
1439,1.6250564,1.0253752,1.4905515,0.7301421,0.5498442,4.383201,0.36990532,0.40018517,0.19243917,0.5109962
1440,1.6271129,1.0266902,1.4918224,0.73154,0.5513066,4.3831,0.3712365,0.401097,0.19371866,0.51163936
1441,1.6291697,1.0280051,1.4930934,0.73293793,0.5527693,4.3829985,0.37256798,0.4020089,0.19499807,0.51228213
1442,1.6312261,1.0293199,1.494364,0.73433596,0.55423164,4.382898,0.37389922,0.40292072,0.19627753,0.5129252
1443,1.6332829,1.0306348,1.495635,0.73573375,0.5556942,4.3827972,0.3752306,0.4038325,0.19755699,0.51356816
1444,1.6353395,1.0319496,1.4969058,0.7371317,0.55715656,4.3826957,0.37656182,0.4047444,0.19883631,0.5142111
1445,1.6373961,1.0332646,1.4981767,0.73852956,0.5586191,4.382595,0.3778932,0.40565628,0.20011577,0.5148542
1446,1.6394527,1.0345794,1.4994476,0.7399273,0.5600815,4.3824944,0.37922448,0.40656805,0.20139521,0.5154971
1447,1.6415093,1.0358942,1.5007184,0.74132526,0.5615441,4.382393,0.38055575,0.40747988,0.20267464,0.5161401
1448,1.6435659,1.037209,1.5019891,0.74272317,0.5630066,4.3822923,0.38188708,0.40839177,0.2039541,0.51678306
1449,1.6456226,1.0385239,1.5032599,0.7441212,0.56446904,4.3821917,0.3832184,0.4093036,0.20523359,0.51742613
1450,1.6476791,1.039839,1.5045311,0.74551904,0.5659315,4.38209,0.38454986,0.41021538,0.206513,0.518069
1451,1.6497358,1.0411537,1.505802,0.7469169,0.567394,4.3819895,0.38588104,0.41112727,0.20779246,0.51871204
1452,1.6517925,1.0424685,1.5070733,0.74831384,0.56885964,4.3818913,0.3872078,0.41203684,0.20906857,0.5193594
1453,1.6538491,1.0437832,1.5083449,0.74971,0.57032686,4.3817954,0.38853264,0.41294527,0.2103431,0.5200088
1454,1.6559074,1.0450953,1.5096173,0.75110734,0.5717961,4.381701,0.38985625,0.4138528,0.21161796,0.5206609
1455,1.6579658,1.0464073,1.5108895,0.7525048,0.57326525,4.381607,0.3911797,0.4147604,0.21289296,0.52131295
1456,1.6600242,1.047719,1.5121621,0.75390226,0.5747347,4.3815136,0.39250338,0.4156679,0.21416795,0.52196527
1457,1.6620824,1.0490321,1.5134345,0.75529754,0.57620394,4.3814173,0.3938253,0.41657704,0.21544297,0.5226179
1458,1.6641405,1.0503453,1.5147071,0.75669134,0.57767296,4.381319,0.39514604,0.4174872,0.21671775,0.5232706
1459,1.666198,1.0516589,1.5159795,0.7580852,0.579142,4.381221,0.39646667,0.4183973,0.21799247,0.5239234
1460,1.668256,1.0529722,1.5172521,0.75947905,0.58061105,4.381123,0.3977875,0.41930753,0.2192675,0.52457637
1461,1.6703138,1.0542855,1.5185248,0.7608731,0.5820802,4.3810253,0.3991083,0.42021763,0.22054228,0.525229
1462,1.6723716,1.0555991,1.5197972,0.76226676,0.58354926,4.3809276,0.400429,0.42112774,0.2218171,0.5258819
1463,1.6744294,1.0569124,1.5210695,0.76366043,0.58501816,4.3808293,0.40174964,0.42203778,0.22309196,0.5265347
1464,1.6764872,1.0582258,1.5223422,0.76505435,0.58648723,4.380731,0.4030704,0.42294794,0.22436671,0.52718735
1465,1.6785548,1.0595413,1.5236192,0.7664538,0.5879641,4.380629,0.40439737,0.42386103,0.22564851,0.5278425
1466,1.68064,1.0608613,1.5249048,0.76786315,0.58945477,4.3805175,0.405735,0.42477906,0.22694202,0.52850175
1467,1.6827247,1.062181,1.5261902,0.76927215,0.59094507,4.380407,0.40707237,0.42569703,0.22823524,0.5291609
1468,1.6848097,1.0635011,1.5274755,0.7706816,0.59243554,4.3802953,0.40841,0.4266153,0.2295288,0.52982014
1469,1.6868942,1.0648209,1.5287609,0.77209073,0.59392583,4.380185,0.40974742,0.42753333,0.23082228,0.53047925
1470,1.6889784,1.0661389,1.530046,0.77349913,0.5954187,4.380068,0.41108608,0.42845815,0.23211634,0.53114104
1471,1.6910625,1.0674567,1.5313311,0.7749076,0.5969118,4.3799515,0.41242498,0.4293844,0.23341076,0.53180325
1472,1.6931458,1.0687745,1.532616,0.7763159,0.5984048,4.379833,0.41376394,0.43031055,0.23470506,0.5324654
1473,1.6952298,1.0700922,1.5339012,0.77772427,0.599898,4.379716,0.41510272,0.4312368,0.23599946,0.5331277
1474,1.6973138,1.07141,1.5351863,0.7791327,0.601391,4.379599,0.41644162,0.43216288,0.23729376,0.5337898
1475,1.6993976,1.0727276,1.5364714,0.78054094,0.60288405,4.379482,0.41778046,0.43308908,0.23858806,0.5344521
1476,1.7014816,1.0740454,1.5377564,0.7819494,0.6043772,4.3793645,0.41911942,0.4340152,0.23988253,0.5351143
1477,1.7035651,1.075363,1.5390415,0.78335774,0.60587025,4.3792467,0.42045826,0.4349414,0.24117666,0.5357764
1478,1.7056489,1.0766809,1.5403266,0.7847662,0.60736334,4.3791294,0.42179722,0.43586767,0.24247113,0.5364388
1479,1.7077332,1.0779986,1.5416114,0.7861743,0.6088563,4.379012,0.423136,0.43679374,0.24376531,0.53710103
1480,1.7098172,1.0793165,1.5428965,0.787583,0.61034966,4.378895,0.424475,0.43772006,0.2450598,0.53776324
1481,1.7119005,1.0806341,1.5441818,0.7889913,0.6118425,4.3787775,0.42581385,0.43864614,0.24635413,0.5384254
1482,1.7139847,1.0819519,1.5454669,0.79039943,0.6133355,4.378659,0.42715415,0.4395737,0.24765015,0.5390854
1483,1.7160695,1.0832695,1.546752,0.7918078,0.61482847,4.3785377,0.42849645,0.4405033,0.24894844,0.5397425
1484,1.7181537,1.0845869,1.5480369,0.793216,0.6163212,4.378418,0.42983854,0.44143283,0.25024667,0.5403998
1485,1.7202382,1.0859044,1.549322,0.7946241,0.61781394,4.378297,0.4311807,0.4423623,0.2515449,0.5410571
1486,1.7223251,1.087222,1.5506101,0.7960323,0.6193079,4.3781757,0.43252152,0.44329315,0.25284377,0.54171455
1487,1.7244122,1.0885395,1.5518981,0.7974403,0.6208019,4.3780556,0.4338623,0.44422418,0.25414273,0.5423721
1488,1.7264993,1.0898569,1.5531864,0.7988483,0.62229604,4.3779345,0.43520302,0.4451552,0.25544178,0.54302967
1489,1.7285864,1.0911745,1.5544746,0.8002566,0.62379,4.3778143,0.43654394,0.4460863,0.25674075,0.5436873
1490,1.7306733,1.0924916,1.5557629,0.8016646,0.6252841,4.377693,0.4378847,0.44701725,0.25803977,0.5443447
1491,1.73276,1.0938087,1.5570512,0.80307233,0.62677795,4.3775716,0.439226,0.44794875,0.2593383,0.5450016
1492,1.7348464,1.0951251,1.5583398,0.8044801,0.628272,4.377449,0.4405679,0.44888103,0.26063654,0.5456579
1493,1.7369328,1.0964416,1.5596292,0.8058878,0.629766,4.377327,0.44190988,0.44981337,0.26193488,0.54631436
1494,1.7390487,1.0977769,1.5609376,0.80731755,0.6312833,4.377195,0.44327265,0.45075607,0.26324907,0.5469812
1495,1.741204,1.0991371,1.5622721,0.8087763,0.6328312,4.3770514,0.44466305,0.45171243,0.26458445,0.5476619
1496,1.7433596,1.1004971,1.5636065,0.81023484,0.63437915,4.3769073,0.44605327,0.4526686,0.26591972,0.5483428
1497,1.7455182,1.1018574,1.5649428,0.8116971,0.63593125,4.376762,0.44744453,0.45362628,0.26725927,0.54902387
1498,1.747678,1.103218,1.5662804,0.8131608,0.63748485,4.376617,0.4488361,0.45458424,0.26860052,0.5497054
1499,1.7498381,1.1045785,1.5676177,0.81462455,0.6390388,4.376472,0.4502279,0.4555424,0.26994184,0.5503869
1500,1.751998,1.1059388,1.5689552,0.81608814,0.6405923,4.3763266,0.45161936,0.4565004,0.27128306,0.55106825
1501,1.754158,1.1072993,1.5702922,0.81755173,0.64214617,4.3761816,0.45301107,0.45745844,0.27262428,0.5517496
1502,1.7562988,1.1086521,1.5716325,0.8190136,0.64369285,4.376036,0.4543937,0.45842117,0.27395904,0.55242556
1503,1.7584901,1.1100345,1.5730183,0.8205235,0.645281,4.3758664,0.4558087,0.45941436,0.27533355,0.5531192
1504,1.7607036,1.1114285,1.5744175,0.822049,0.6468843,4.3756886,0.45723647,0.4604156,0.2767225,0.55381984
1505,1.7629175,1.1128229,1.5758171,0.8235749,0.6484877,4.375511,0.45866445,0.4614169,0.27811158,0.55452085
1506,1.76513,1.1142169,1.5772159,0.82509977,0.6500907,4.3753333,0.46009204,0.46241784,0.27950016,0.55522144
1507,1.7673428,1.1156114,1.578615,0.826625,0.6516941,4.375154,0.46151984,0.46341878,0.28088862,0.55592185
1508,1.7695551,1.1170062,1.5800136,0.82815,0.6532973,4.374975,0.46294755,0.46441966,0.28227693,0.5566223
1509,1.7717674,1.1184006,1.5814126,0.82967496,0.6549006,4.374797,0.46437526,0.46542054,0.28366536,0.55732286
1510,1.7739801,1.1197951,1.5828114,0.8312,0.656504,4.3746176,0.46580297,0.46642154,0.2850538,0.55802315
1511,1.7761927,1.1211895,1.5842104,0.8327248,0.65810716,4.3744392,0.4672306,0.46742243,0.28644216,0.55872357
1512,1.778405,1.1225837,1.5856092,0.83424985,0.65971047,4.3742604,0.46865827,0.46842337,0.28783047,0.5594241
1513,1.7806013,1.1239749,1.5869956,0.83576936,0.6613021,4.3740807,0.47008222,0.4694234,0.28921157,0.5601237
1514,1.7827475,1.1253555,1.5883436,0.8372709,0.6628578,4.3738966,0.4714936,0.47042066,0.29056978,0.56082094
1515,1.7848799,1.1267287,1.5896878,0.838768,0.6644004,4.3737144,0.47288853,0.47141176,0.29192227,0.5615221
1516,1.7870128,1.1281018,1.5910319,0.8402649,0.66594315,4.373532,0.47428322,0.47240287,0.29327473,0.56222326
1517,1.7891448,1.1294751,1.5923759,0.841762,0.66748583,4.373349,0.47567815,0.47339398,0.29462713,0.56292415
1518,1.7912776,1.1308483,1.5937202,0.8432592,0.6690285,4.3731666,0.47707292,0.47438508,0.29597965,0.5636252
1519,1.7934103,1.1322217,1.5950642,0.8447563,0.6705713,4.3729844,0.47846794,0.4753763,0.2973323,0.5643265
1520,1.7955425,1.133595,1.5964084,0.8462535,0.6721141,4.3728013,0.4798628,0.47636747,0.29868466,0.5650275
1521,1.7976751,1.1349683,1.5977523,0.8477504,0.6736568,4.3726187,0.48125765,0.47735852,0.30003715,0.56572855
1522,1.7998021,1.1363357,1.599072,0.84923136,0.67518157,4.372442,0.4826414,0.47834474,0.30137804,0.5664302
1523,1.8019211,1.1376967,1.6003605,0.8506919,0.6766839,4.3722715,0.48401085,0.47932458,0.30270436,0.5671322
1524,1.8040409,1.1390574,1.6016493,0.85215247,0.67818624,4.3721013,0.4853804,0.48030442,0.30403066,0.56783396
1525,1.8061602,1.140418,1.6029377,0.853613,0.6796886,4.3719306,0.48674998,0.48128444,0.30535695,0.56853604
1526,1.8082798,1.141779,1.6042265,0.85507375,0.68119097,4.37176,0.4881195,0.48226428,0.3066833,0.5692382
1527,1.8103993,1.1431396,1.6055148,0.8565342,0.6826933,4.3715897,0.489489,0.483244,0.3080094,0.5699402
1528,1.8125188,1.1445005,1.6068035,0.8579948,0.6841955,4.371419,0.49085855,0.48422402,0.30933583,0.57064223
1529,1.8146386,1.1458611,1.6080923,0.85945547,0.685698,4.3712482,0.49222824,0.48520386,0.31066215,0.5713444
1530,1.8167577,1.1472219,1.6093807,0.86091584,0.6872002,4.3710785,0.4935977,0.48618376,0.31198835,0.57204616
1531,1.8188775,1.1485828,1.6106694,0.8623765,0.6887026,4.370908,0.4949672,0.48716372,0.31331468,0.5727483
1532,1.820997,1.1499434,1.6119578,0.863837,0.69020474,4.370738,0.4963367,0.48814344,0.31464082,0.5734503
1533,1.8231163,1.1513042,1.6132467,0.8652977,0.69170725,4.3705673,0.4977063,0.48912346,0.31596714,0.57415247
1534,1.8252358,1.152665,1.6145351,0.8667582,0.6932096,4.3703966,0.4990758,0.4901033,0.31729335,0.5748544
1535,1.8273554,1.1540258,1.6158236,0.86821884,0.6947119,4.370227,0.50044537,0.4910832,0.31861958,0.5755564
1536,1.8294747,1.1553864,1.6171122,0.8696792,0.6962141,4.3700557,0.5018147,0.492063,0.3199459,0.5762583
1537,1.8315945,1.1567471,1.6184007,0.87113994,0.6977166,4.369886,0.5031845,0.493043,0.32127228,0.57696044
1538,1.8337138,1.158108,1.6196892,0.8726005,0.69921887,4.369715,0.5045539,0.4940228,0.3225985,0.57766247
1539,1.8358331,1.1594687,1.6209779,0.874061,0.70072114,4.3695445,0.50592345,0.49500263,0.32392478,0.5783645
1540,1.8379526,1.1608295,1.6222665,0.8755216,0.7022234,4.3693748,0.5072931,0.49598247,0.32525116,0.5790666
1541,1.8400722,1.1621903,1.6235552,0.8769821,0.7037258,4.369204,0.5086626,0.4969623,0.3265773,0.57976854
1542,1.8421915,1.163551,1.6248438,0.87844265,0.705228,4.369034,0.51003194,0.4979422,0.32790354,0.58047056
1543,1.844311,1.1649116,1.6261322,0.87990326,0.7067303,4.3688626,0.51140153,0.49892205,0.3292297,0.5811725
1544,1.8464322,1.1662735,1.6274225,0.8813642,0.7082338,4.368694,0.51277155,0.49990177,0.33055854,0.58187807
1545,1.8485544,1.1676358,1.6287136,0.88282526,0.7097376,4.368526,0.5141417,0.50088125,0.33188874,0.5825857
1546,1.8506768,1.1689981,1.6300045,0.88428664,0.71124166,4.3683586,0.51551175,0.5018608,0.333219,0.5832934
1547,1.8528023,1.1703618,1.6312966,0.88574994,0.7127491,4.3681884,0.5168837,0.5028433,0.3345517,0.58400106
1548,1.8549325,1.1717272,1.6325905,0.887216,0.71426123,4.3680162,0.5182579,0.50382984,0.33588755,0.58470845
1549,1.8570633,1.1730928,1.6338842,0.8886821,0.71577317,4.367844,0.5196322,0.50481653,0.33722347,0.58541584
1550,1.8591943,1.1744585,1.6351781,0.89014846,0.71728534,4.3676715,0.52100635,0.50580317,0.33855936,0.58612347
1551,1.8613248,1.1758239,1.636472,0.8916145,0.7187971,4.3675,0.5223805,0.5067897,0.3398953,0.58683085
1552,1.8634558,1.17719,1.6377659,0.89308095,0.7203088,4.3673286,0.52375424,0.507776,0.34123152,0.5875385
1553,1.865587,1.1785558,1.63906,0.8945472,0.7218207,4.3671565,0.525128,0.5087624,0.3425677,0.5882462
1554,1.867718,1.1799217,1.6403542,0.8960137,0.7233324,4.366985,0.5265018,0.50974894,0.3439039,0.58895385
1555,1.8698494,1.1812884,1.6416485,0.8974789,0.7248436,4.366812,0.5278749,0.510737,0.34524012,0.5896603
1556,1.8719811,1.1826552,1.6429429,0.8989433,0.7263545,4.366639,0.5292475,0.5117253,0.34657633,0.59036624
1557,1.8741126,1.1840218,1.644237,0.9004079,0.7278654,4.366466,0.53062016,0.5127137,0.34791237,0.5910721
1558,1.8762445,1.1853886,1.6455314,0.9018725,0.7293764,4.366294,0.5319929,0.51370203,0.3492486,0.5917779
1559,1.8783762,1.1867554,1.6468258,0.9033371,0.7308873,4.36612,0.5333657,0.51469046,0.35058486,0.5924839
1560,1.8805082,1.188122,1.6481204,0.90480167,0.7323984,4.3659477,0.5347384,0.5156788,0.3519211,0.5931897
1561,1.8826399,1.189489,1.6494148,0.9062664,0.73390925,4.3657746,0.5361113,0.5166673,0.35325718,0.59389555
1562,1.8847716,1.1908557,1.6507089,0.90773094,0.7354202,4.365601,0.53748393,0.51765573,0.3545934,0.5946015
1563,1.8869028,1.1922224,1.652003,0.9091953,0.7369312,4.3654284,0.53885657,0.5186441,0.3559296,0.59530747
1564,1.8890347,1.1935892,1.6532979,0.9106601,0.7384422,4.3652554,0.5402293,0.5196324,0.35726577,0.5960133
1565,1.8911676,1.1949579,1.654592,0.9121259,0.73995495,4.365082,0.5416052,0.520622,0.35860333,0.5967193
1566,1.893302,1.196329,1.6558862,0.9135931,0.7414702,4.364907,0.542985,0.5216132,0.3599427,0.59742546
1567,1.8954358,1.1977003,1.6571803,0.9150603,0.7429853,4.3647327,0.5443649,0.52260417,0.3612819,0.59813166
1568,1.8976171,1.1991,1.6585064,0.9165578,0.74453324,4.3645387,0.5457723,0.5236167,0.36265573,0.5988543
1569,1.8998249,1.2005157,1.6598501,0.9180721,0.74609864,4.3643336,0.5471949,0.52464116,0.36404902,0.599586
1570,1.9020329,1.2019314,1.6611941,0.9195864,0.74766415,4.3641295,0.54861784,0.5256657,0.3654423,0.6003177
1571,1.9042401,1.2033466,1.6625371,0.92110026,0.74922895,4.363925,0.55004036,0.526689,0.36683494,0.60104895
1572,1.9064429,1.2047502,1.6638672,0.92260844,0.7507863,4.3637185,0.5514611,0.52769965,0.368221,0.60177827
1573,1.9086447,1.2061539,1.6651969,0.9241165,0.7523437,4.363512,0.5528818,0.5287103,0.36960712,0.60250735
1574,1.9108474,1.2075576,1.6665268,0.9256247,0.7539012,4.3633065,0.5543026,0.5297211,0.37099332,0.60323656
1575,1.9130497,1.2089614,1.6678569,0.9271329,0.7554585,4.363099,0.5557231,0.5307317,0.37237936,0.6039655
1576,1.915252,1.2103653,1.6691871,0.9286412,0.75701606,4.362893,0.5571439,0.5317423,0.37376547,0.60469484
1577,1.9174545,1.211769,1.6705167,0.9301493,0.75857353,4.362687,0.5585646,0.532753,0.3751516,0.6054238
1578,1.919657,1.2131726,1.6718464,0.93165743,0.7601308,4.3624806,0.5599853,0.5337635,0.37653768,0.60615313
1579,1.921859,1.2145765,1.6731765,0.9331655,0.7616881,4.3622737,0.5614059,0.5347741,0.37792367,0.6068822
1580,1.9240615,1.2159798,1.6745064,0.9346738,0.7632455,4.362068,0.5628266,0.5357849,0.3793099,0.60761136
1581,1.9262636,1.2173836,1.6758363,0.93618166,0.76480293,4.361861,0.56424725,0.5367955,0.38069588,0.6083405
1582,1.9284129,1.2187546,1.677098,0.93766004,0.76631045,4.3616724,0.5656285,0.537795,0.38204706,0.6090666
1583,1.9305606,1.2201247,1.6783578,0.9391374,0.76781666,4.361484,0.5670088,0.5387942,0.38339743,0.6097925
1584,1.9327013,1.2214876,1.679616,0.940611,0.7693184,4.361289,0.5683871,0.5397913,0.38474736,0.6105133
1585,1.9348392,1.2228473,1.6808732,0.9420833,0.77081823,4.3610916,0.5697647,0.5407876,0.38609713,0.61123204
1586,1.9369771,1.2242074,1.6821303,0.9435553,0.77231795,4.3608937,0.57114214,0.5417838,0.38744676,0.61195076
1587,1.9391148,1.2255671,1.6833878,0.94502735,0.7738177,4.360696,0.5725196,0.54278004,0.38879645,0.6126696
1588,1.941253,1.2269272,1.6846449,0.9464994,0.77531755,4.360498,0.5738972,0.54377633,0.39014614,0.6133882
1589,1.9433906,1.2282867,1.6859024,0.9479716,0.7768173,4.3602996,0.5752747,0.5447725,0.39149588,0.6141069
1590,1.9455283,1.2296467,1.6871598,0.9494436,0.7783171,4.3601027,0.57665217,0.5457688,0.39284557,0.61482555
1591,1.9476662,1.2310064,1.6884196,0.9509186,0.779818,4.3599052,0.57803166,0.54676217,0.39419737,0.6155448
1592,1.9498038,1.2323656,1.6896794,0.9523938,0.7813191,4.3597074,0.57941103,0.54775536,0.39554924,0.6162641
1593,1.9519417,1.2337252,1.6909397,0.9538689,0.7828201,4.35951,0.58079064,0.5487483,0.39690122,0.6169833
1594,1.9540792,1.2350847,1.6921997,0.95534414,0.78432095,4.3593125,0.5821701,0.5497415,0.39825314,0.61770266
1595,1.956217,1.2364441,1.69346,0.95681924,0.78582215,4.359116,0.5835497,0.55073464,0.3996051,0.6184218
1596,1.958355,1.2378035,1.69472,0.95829463,0.7873233,4.3589177,0.5849292,0.5517278,0.40095705,0.6191411
1597,1.9604924,1.239163,1.6959803,0.9597696,0.7888243,4.3587203,0.58630884,0.55272084,0.40230897,0.6198604
1598,1.9626303,1.2405226,1.6972404,0.96124476,0.7903253,4.3585224,0.58768845,0.553714,0.4036611,0.6205798
1599,1.9647679,1.241882,1.6985004,0.96272004,0.7918262,4.358325,0.58906806,0.55470705,0.40501297,0.6212989
1600,1.9669056,1.2432414,1.6997604,0.9641954,0.7933272,4.358127,0.5904474,0.5557001,0.40636492,0.6220181
1601,1.9690435,1.2446009,1.7010205,0.9656703,0.7948282,4.35793,0.591827,0.55669314,0.40771684,0.62273747
1602,1.9711812,1.2459604,1.7022808,0.9671456,0.79632944,4.3577332,0.5932065,0.5576863,0.40906882,0.62345666
1603,1.9733188,1.2473198,1.7035408,0.9686208,0.7978303,4.3575354,0.5945861,0.55867946,0.41042078,0.6241759
1604,1.9754565,1.248679,1.7048006,0.97009605,0.7993312,4.3573384,0.59596574,0.55967253,0.41177273,0.6248952
1605,1.9775944,1.2500385,1.7060609,0.9715711,0.8008323,4.35714,0.5973451,0.5606656,0.41312462,0.6256144
1606,1.979732,1.2513981,1.7073212,0.97304636,0.8023335,4.356943,0.5987247,0.5616588,0.41447657,0.62633383
1607,1.9818699,1.2527574,1.7085812,0.9745216,0.80383444,4.3567457,0.6001043,0.5626518,0.4158286,0.627053
1608,1.9840076,1.2541169,1.7098413,0.9759967,0.80533546,4.3565483,0.6014838,0.5636449,0.41718048,0.62777233
1609,1.9861453,1.2554766,1.7111015,0.9774719,0.8068365,4.356351,0.6028635,0.5646381,0.4185325,0.6284916
1610,1.9882829,1.2568358,1.7123616,0.97894704,0.8083377,4.3561535,0.60424304,0.5656312,0.41988438,0.62921077
1611,1.9904206,1.2581954,1.7136219,0.9804222,0.8098384,4.3559556,0.60562265,0.5666244,0.42123646,0.62993
1612,1.9925585,1.2595553,1.7148831,0.9818971,0.8113382,4.3557587,0.6070033,0.56761914,0.42258927,0.63065064
1613,1.9946966,1.2609154,1.7161443,0.9833722,0.8128378,4.3555613,0.608384,0.568614,0.42394215,0.63137096
1614,1.9968343,1.2622751,1.7174051,0.98484707,0.81433755,4.3553643,0.6097646,0.5696088,0.42529485,0.6320914
1615,1.9989667,1.2636334,1.718658,0.9863115,0.8158319,4.3551674,0.61114144,0.57059634,0.4266413,0.6328088
1616,2.0010757,1.2649851,1.7198765,0.98773384,0.81730485,4.354974,0.61250263,0.57155555,0.4279622,0.63351417
1617,2.0031843,1.2663366,1.7210953,0.9891562,0.81877744,4.3547792,0.6138637,0.5725146,0.42928302,0.6342195
1618,2.0052934,1.2676883,1.7223141,0.99057853,0.82025015,4.354585,0.615225,0.5734739,0.43060395,0.6349249
1619,2.0074017,1.2690395,1.7235327,0.9920006,0.821723,4.354391,0.61658597,0.5744329,0.43192458,0.63563013
1620,2.009511,1.2703912,1.7247512,0.993423,0.8231957,4.354197,0.6179472,0.575392,0.43324554,0.6363355
1621,2.0116196,1.2717429,1.7259698,0.9948454,0.82466847,4.354003,0.61930853,0.5763513,0.43456635,0.637041
1622,2.0137286,1.2730943,1.7271886,0.99626756,0.82614124,4.3538084,0.6206697,0.5773102,0.43588713,0.6377462
1623,2.0158372,1.2744458,1.7284071,0.99768996,0.82761407,4.353615,0.62203074,0.5782695,0.43720797,0.6384516
1624,2.0179458,1.2757972,1.7296257,0.99911195,0.82908666,4.3534203,0.62339175,0.57922846,0.43852872,0.6391569
1625,2.0200548,1.2771492,1.7308445,1.0005345,0.83055955,4.3532267,0.6247531,0.58018756,0.43984976,0.6398623
1626,2.022164,1.2785006,1.732063,1.0019569,0.8320324,4.3530326,0.6261142,0.5811466,0.44117057,0.64056766
1627,2.0242727,1.2798522,1.7332821,1.0033792,0.83350533,4.352838,0.6274754,0.5821057,0.44249144,0.641273
1628,2.0263815,1.2812037,1.7345006,1.0048016,0.83497816,4.3526444,0.6288366,0.5830646,0.44381237,0.6419785
1629,2.0284941,1.2825572,1.7357247,1.0062265,0.836452,4.3524566,0.6301966,0.58402795,0.44513625,0.6426837
1630,2.0306075,1.2839112,1.7369494,1.0076522,0.8379257,4.3522744,0.63155687,0.58499193,0.44646138,0.64338934
1631,2.0327208,1.2852657,1.7381742,1.009078,0.83939904,4.3520937,0.63291705,0.58595604,0.44778687,0.6440953
1632,2.0348346,1.2866198,1.7393992,1.010504,0.8408725,4.351912,0.6342772,0.58692014,0.4491124,0.64480126
1633,2.036948,1.287974,1.7406242,1.0119298,0.84234583,4.351731,0.6356374,0.5878841,0.45043784,0.6455071
1634,2.0390613,1.2893282,1.741849,1.0133557,0.84381926,4.3515506,0.6369977,0.5888481,0.4517633,0.64621305
1635,2.0411751,1.2906829,1.7430739,1.0147822,0.84529287,4.3513694,0.63835853,0.589813,0.45308903,0.64691865
1636,2.0432892,1.2920461,1.7442994,1.0162151,0.84676886,4.3511868,0.6397265,0.5907881,0.45441866,0.6476209
1637,2.0454037,1.2934096,1.7455249,1.017648,0.84824497,4.3510046,0.6410943,0.5917634,0.45574835,0.6483235
1638,2.0475175,1.2947727,1.7467501,1.0190804,0.84972084,4.350822,0.64246196,0.59273833,0.4570774,0.64902574
1639,2.0496304,1.2961353,1.7479746,1.020512,0.8511956,4.3506365,0.6438283,0.5937134,0.45840517,0.6497276
1640,2.051744,1.297498,1.7491992,1.0219434,0.8526704,4.3504515,0.64519477,0.59468836,0.45973295,0.65042937
1641,2.0538568,1.2988603,1.7504234,1.023375,0.8541452,4.350267,0.64656115,0.5956633,0.46106073,0.6511313
1642,2.0559697,1.3002231,1.7516477,1.0248065,0.8556202,4.350081,0.6479276,0.59663826,0.46238846,0.6518333
1643,2.058083,1.3015858,1.7528722,1.026238,0.85709506,4.349897,0.6492939,0.59761333,0.46371633,0.6525352
1644,2.060196,1.3029484,1.7540965,1.0276694,0.8585697,4.349713,0.65066034,0.5985884,0.4650439,0.653237
1645,2.062309,1.3043109,1.755321,1.0291009,0.8600445,4.349528,0.65202683,0.59956336,0.46637177,0.653939
1646,2.0644362,1.3056815,1.7565544,1.0305436,0.8615301,4.3493376,0.65340567,0.6005453,0.46770886,0.6546458
1647,2.0665793,1.3070614,1.7577987,1.0319991,0.86302817,4.3491445,0.6547986,0.6015354,0.46905655,0.6553588
1648,2.068723,1.3084413,1.7590425,1.0334544,0.864526,4.3489494,0.6561915,0.6025255,0.4704045,0.6560718
1649,2.0708668,1.3098211,1.7602866,1.03491,0.86602366,4.348755,0.65758455,0.6035155,0.47175232,0.6567848
1650,2.0730102,1.3112012,1.7615304,1.0363654,0.86752164,4.3485613,0.6589776,0.6045056,0.47310022,0.65749776
1651,2.075154,1.3125811,1.7627742,1.0378208,0.86901957,4.3483667,0.6603707,0.60549563,0.47444808,0.65821064
1652,2.0772977,1.3139622,1.764019,1.0392756,0.8705179,4.348173,0.661765,0.60648656,0.47579443,0.6589237
1653,2.0794408,1.3153439,1.7652638,1.0407308,0.8720164,4.347982,0.6631597,0.6074781,0.4771402,0.6596367
1654,2.081584,1.3167256,1.7665088,1.0421853,0.873515,4.3477893,0.6645546,0.60846955,0.47848597,0.6603496
1655,2.0836966,1.3181051,1.7677224,1.0436265,0.87498873,4.3476033,0.6659331,0.6094533,0.47981066,0.6610527
1656,2.0858016,1.319484,1.7689288,1.0450644,0.8764566,4.34742,0.6673076,0.61043537,0.4811303,0.6617533
1657,2.0879064,1.320863,1.7701354,1.0465024,0.87792426,4.3472366,0.668682,0.6114174,0.4824499,0.6624538
1658,2.0900114,1.3222421,1.7713416,1.0479403,0.8793922,4.3470535,0.6700565,0.6123993,0.4837696,0.66315436
1659,2.0921164,1.3236208,1.772548,1.0493782,0.88086003,4.34687,0.6714311,0.6133812,0.48508915,0.6638549
1660,2.094221,1.3249999,1.7737544,1.0508162,0.88232785,4.3466864,0.67280555,0.614363,0.48640874,0.6645556
1661,2.0963259,1.3263791,1.7749608,1.052254,0.88379574,4.346503,0.67418,0.61534494,0.48772836,0.665256
1662,2.0984309,1.3277578,1.7761672,1.053692,0.8852636,4.3463197,0.6755544,0.61632675,0.48904812,0.66595674
1663,2.1005359,1.329137,1.7773736,1.05513,0.88673145,4.346136,0.67692894,0.61730886,0.49036777,0.66665727
1664,2.1026406,1.3305159,1.7785797,1.0565678,0.8881992,4.345953,0.6783035,0.6182907,0.49168736,0.6673579
1665,2.1047454,1.3318949,1.7797861,1.0580056,0.88966703,4.3457694,0.67967784,0.6192726,0.493007,0.66805845
1666,2.1068504,1.3332739,1.7809927,1.0594436,0.89113486,4.3455863,0.6810523,0.6202544,0.49432665,0.6687591
1667,2.108955,1.3346528,1.7821989,1.0608816,0.8926028,4.3454022,0.6824268,0.62123626,0.49564627,0.6694597
1668,2.1110597,1.3360318,1.7834053,1.0623195,0.8940706,4.345219,0.6838013,0.6222182,0.49696594,0.67016006
1669,2.1131651,1.3374108,1.7846117,1.0637577,0.8955387,4.3450356,0.68517584,0.62320006,0.4982856,0.6708609
1670,2.1152701,1.3387898,1.7858181,1.0651956,0.8970065,4.3448524,0.68655026,0.6241819,0.4996053,0.6715616
1671,2.1173747,1.340169,1.787024,1.0666333,0.89847434,4.3446693,0.68792486,0.6251639,0.50092494,0.67226195
1672,2.1194797,1.3415477,1.7882307,1.0680715,0.8999421,4.3444858,0.6892991,0.6261457,0.50224453,0.6729624
1673,2.121583,1.3429272,1.7894375,1.06951,0.90141165,4.3443046,0.6906699,0.62712663,0.5035607,0.67366207
1674,2.1236868,1.3443068,1.7906442,1.0709488,0.9028814,4.3441224,0.6920407,0.62810737,0.504877,0.6743616
1675,2.1257906,1.3456863,1.791851,1.0723876,0.904351,4.3439403,0.69341135,0.6290882,0.5061933,0.6750608
1676,2.1278944,1.3470658,1.7930579,1.0738262,0.90582055,4.343759,0.69478214,0.630069,0.5075096,0.67576015
1677,2.1299977,1.3484455,1.7942648,1.0752649,0.90729034,4.343577,0.696153,0.63104993,0.50882584,0.67645967
1678,2.1321018,1.3498254,1.7954714,1.0767039,0.9087601,4.343395,0.6975239,0.6320307,0.5101422,0.6771591
1679,2.134205,1.3512046,1.7966783,1.0781423,0.91022956,4.3432136,0.6988944,0.63301146,0.5114583,0.67785835
1680,2.1363087,1.352584,1.7978847,1.079581,0.91169924,4.3430324,0.70026517,0.63399214,0.5127746,0.6785579
1681,2.1384125,1.3539636,1.7990916,1.0810198,0.9131688,4.342851,0.70163584,0.634973,0.51409084,0.67925715
1682,2.140516,1.355343,1.8002987,1.0824585,0.9146386,4.342669,0.7030066,0.63595384,0.5154071,0.67995656
1683,2.1426198,1.3567227,1.8015056,1.0838972,0.9161081,4.342488,0.70437753,0.63693476,0.5167234,0.6806561
1684,2.1447234,1.3581022,1.802712,1.085336,0.9175778,4.3423057,0.7057483,0.6379155,0.51803964,0.68135536
1685,2.146827,1.3594817,1.8039186,1.0867745,0.91904724,4.3421245,0.7071188,0.63889617,0.5193558,0.68205476
1686,2.1489308,1.3608608,1.8051255,1.0882132,0.9205171,4.3419423,0.70849,0.6398774,0.52067137,0.6827544
1687,2.1510355,1.3622391,1.8063319,1.0896523,0.92198694,4.341761,0.7098614,0.640859,0.5219853,0.68345475
1688,2.1531394,1.3636174,1.807538,1.0910914,0.9234568,4.34158,0.71123284,0.64184064,0.52329916,0.68415487
1689,2.1552455,1.3649956,1.8087454,1.092531,0.92492616,4.3414006,0.71260226,0.6428243,0.5246136,0.6848548
1690,2.157352,1.3663737,1.8099527,1.0939708,0.9263955,4.3412223,0.7139709,0.64380854,0.52592826,0.6855545
1691,2.1594584,1.3677516,1.8111601,1.0954108,0.92786473,4.341044,0.7153393,0.6447929,0.527243,0.68625426
1692,2.1615653,1.3691295,1.8123679,1.0968509,0.929334,4.3408656,0.716708,0.64577734,0.5285578,0.68695414
1693,2.163672,1.3705076,1.8135753,1.0982908,0.9308035,4.3406873,0.7180766,0.64676166,0.5298724,0.68765384
1694,2.1657789,1.3718855,1.8147826,1.0997307,0.9322727,4.340509,0.71944535,0.64774615,0.5311872,0.6883538
1695,2.167885,1.3732637,1.8159902,1.1011708,0.9337419,4.340331,0.7208139,0.6487304,0.5325018,0.6890534
1696,2.1699917,1.3746413,1.8171976,1.1026106,0.9352112,4.3401527,0.7221825,0.64971477,0.53381646,0.6897532
1697,2.1720984,1.3760192,1.8184052,1.1040506,0.93668044,4.3399744,0.7235511,0.6506992,0.5351313,0.69045305
1698,2.174205,1.3773972,1.8196125,1.1054908,0.93814975,4.339796,0.72491974,0.6516834,0.5364462,0.69115305
1699,2.1763127,1.3787746,1.8208208,1.1069316,0.9396185,4.3396196,0.72628844,0.652667,0.5377625,0.69185376
1700,2.1784196,1.3801517,1.8220289,1.1083724,0.94108725,4.3394423,0.7276569,0.6536505,0.5390788,0.6925545
1701,2.1805267,1.381529,1.8232374,1.1098132,0.9425559,4.3392653,0.7290253,0.6546341,0.5403951,0.6932552
1702,2.182634,1.3829063,1.8244457,1.1112542,0.94402456,4.339088,0.73039395,0.6556174,0.54171133,0.693956
1703,2.184741,1.3842833,1.8256538,1.1126949,0.94549334,4.338911,0.7317624,0.65660083,0.5430276,0.6946566
1704,2.1868372,1.3856466,1.826863,1.114126,0.9469528,4.3387365,0.73311967,0.65757763,0.54433465,0.69534814
1705,2.188871,1.3869321,1.8280783,1.1155031,0.9483619,4.3385715,0.7344149,0.6585171,0.5455907,0.69598985
1706,2.1909056,1.3882176,1.8292935,1.1168799,0.94977087,4.3384066,0.73571026,0.65945655,0.54684675,0.6966315
1707,2.1929398,1.389503,1.8305087,1.1182572,0.95118,4.338242,0.73700553,0.66039604,0.54810286,0.69727325
1708,2.1949744,1.3907887,1.8317237,1.1196342,0.952589,4.3380766,0.7383008,0.6613356,0.5493591,0.6979147
1709,2.1970081,1.3920741,1.8329389,1.121011,0.953998,4.337912,0.7395959,0.66227496,0.55061495,0.6985564
1710,2.1990428,1.3933598,1.8341541,1.1223881,0.9554071,4.337747,0.74089134,0.6632145,0.5518712,0.6991981
1711,2.2010772,1.3946452,1.8353696,1.1237652,0.956816,4.337582,0.74218655,0.66415393,0.5531271,0.69983983
1712,2.2031114,1.3959308,1.8365846,1.1251421,0.95822495,4.3374176,0.74348176,0.6650933,0.55438304,0.7004814
1713,2.205146,1.3972164,1.8377998,1.1265193,0.9596343,4.3372526,0.7447773,0.6660329,0.5556393,0.70112324
1714,2.2071803,1.398502,1.839015,1.1278961,0.96104324,4.337088,0.7460726,0.6669725,0.556895,0.7017648
1715,2.2091696,1.3997606,1.8401952,1.1292499,0.962437,4.3369317,0.7473535,0.66788256,0.55815077,0.702408
1716,2.2111535,1.4010156,1.8413708,1.1306007,0.9638287,4.3367763,0.748632,0.6687887,0.55940646,0.7030512
1717,2.2131395,1.4022713,1.8425474,1.1319518,0.96522075,4.3366218,0.7499117,0.6696959,0.56066304,0.70369524
1718,2.2151313,1.4035289,1.8437262,1.1333046,0.9666136,4.3364706,0.75119287,0.6706047,0.56192183,0.70434153
1719,2.2171228,1.4047863,1.8449051,1.1346571,0.9680067,4.33632,0.75247395,0.67151356,0.56318057,0.70498765
1720,2.219114,1.4060434,1.8460839,1.1360095,0.96939933,4.3361692,0.7537548,0.67242223,0.56443936,0.70563364
1721,2.2211058,1.4073007,1.8472629,1.1373622,0.97079235,4.3360186,0.75503606,0.673331,0.5656981,0.7062799
1722,2.2231302,1.4085755,1.8484602,1.1387374,0.97220755,4.3358464,0.7563369,0.67425317,0.56698,0.70693696
1723,2.2251916,1.4098696,1.8496778,1.1401377,0.9736473,4.335652,0.75766045,0.6751906,0.5682873,0.7076062
1724,2.227253,1.4111636,1.8508956,1.1415379,0.97508734,4.3354573,0.758984,0.6761285,0.569595,0.70827544
1725,2.2293153,1.4124573,1.8521142,1.1429377,0.9765276,4.335264,0.7603074,0.6770663,0.57090276,0.7089454
1726,2.231378,1.4137511,1.8533332,1.1443369,0.9779678,4.335072,0.76163024,0.67800415,0.57221067,0.7096157
1727,2.2334414,1.4150459,1.854553,1.1457365,0.97940814,4.33488,0.7629538,0.6789416,0.5735185,0.7102864
1728,2.2355075,1.4163461,1.8557775,1.1471369,0.98084897,4.3346834,0.7642799,0.67987597,0.5748268,0.7109586
1729,2.2375734,1.4176464,1.8570015,1.1485372,0.98228997,4.334488,0.7656062,0.68081045,0.57613516,0.71163064
1730,2.2396393,1.4189469,1.8582258,1.1499373,0.9837306,4.3342924,0.7669323,0.68174464,0.57744336,0.7123029
1731,2.241705,1.4202471,1.8594499,1.1513377,0.9851714,4.3340974,0.7682583,0.68267894,0.5787515,0.7129751
1732,2.243771,1.4215475,1.8606741,1.1527379,0.9866124,4.3339005,0.7695846,0.6836133,0.5800599,0.7136471
1733,2.2458375,1.4228477,1.8618984,1.1541383,0.9880533,4.333705,0.7709108,0.6845477,0.58136827,0.71431935
1734,2.2479029,1.424148,1.8631227,1.1555386,0.989494,4.333509,0.7722369,0.685482,0.58267635,0.71499157
1735,2.2499685,1.4254483,1.8643467,1.156939,0.9909348,4.333313,0.7735631,0.68641645,0.5839848,0.71566355
1736,2.252035,1.4267486,1.8655715,1.1583393,0.99237573,4.333118,0.7748891,0.68735087,0.5852931,0.7163358
1737,2.254101,1.4280491,1.8667955,1.1597395,0.99381655,4.3329215,0.7762153,0.68828523,0.5866014,0.717008
1738,2.256167,1.4293492,1.8680196,1.1611397,0.9952574,4.332726,0.77754146,0.68921936,0.5879096,0.7176801
1739,2.2582326,1.4306496,1.8692436,1.16254,0.99669814,4.3325295,0.77886754,0.6901538,0.5892178,0.7183523
1740,2.260299,1.4319499,1.8704681,1.1639404,0.9981392,4.332335,0.78019375,0.6910881,0.5905261,0.7190244
1741,2.2623644,1.4332502,1.871692,1.1653407,0.99957985,4.3321385,0.7815197,0.6920227,0.5918343,0.7196965
1742,2.26443,1.4345504,1.8729162,1.1667409,1.0010207,4.331943,0.78284603,0.6929569,0.5931426,0.72036874
1743,2.2664964,1.4358509,1.8741407,1.1681414,1.0024616,4.3317475,0.78417206,0.69389117,0.59445095,0.72104096
1744,2.2685623,1.4371511,1.8753648,1.1695415,1.0039024,4.3315516,0.7854982,0.69482565,0.5957591,0.7217131
1745,2.2706282,1.4384514,1.8765893,1.1709418,1.0053432,4.3313556,0.78682446,0.69576013,0.5970676,0.7223853
1746,2.2726934,1.4397513,1.8778131,1.172339,1.0067858,4.331159,0.7881496,0.69669515,0.5983752,0.7230544
1747,2.274759,1.4410515,1.8790367,1.173732,1.0082308,4.3309617,0.78947353,0.697631,0.5996825,0.7237195
1748,2.2768247,1.442351,1.8802605,1.1751246,1.0096759,4.3307652,0.7907974,0.6985672,0.6009898,0.72438455
1749,2.2788906,1.443651,1.8814843,1.1765175,1.0111208,4.330568,0.79212135,0.6995035,0.60229725,0.7250496
1750,2.2809558,1.4449507,1.8827078,1.1779103,1.0125661,4.330371,0.7934454,0.7004395,0.60360444,0.7257147
1751,2.2830217,1.4462507,1.8839319,1.179303,1.0140111,4.3301735,0.79476935,0.7013756,0.60491174,0.7263799
1752,2.2850869,1.4475504,1.8851554,1.1806957,1.0154561,4.329977,0.7960932,0.7023115,0.606219,0.7270448
1753,2.2871525,1.4488499,1.886379,1.1820887,1.0169013,4.3297796,0.79741704,0.70324767,0.6075261,0.7277099
1754,2.2892184,1.45015,1.887603,1.1834815,1.0183463,4.3295817,0.7987409,0.7041838,0.60883343,0.7283751
1755,2.2912831,1.4514496,1.8888266,1.1848743,1.0197912,4.3293853,0.8000649,0.7051198,0.61014074,0.72904015
1756,2.293349,1.4527493,1.8900504,1.1862669,1.0212363,4.3291874,0.80138886,0.70605606,0.6114481,0.7297051
1757,2.2954144,1.4540493,1.891274,1.18766,1.0226815,4.32899,0.80271274,0.706992,0.6127554,0.73037016
1758,2.29748,1.4553492,1.8924975,1.1890526,1.0241265,4.328793,0.8040367,0.70792824,0.6140626,0.7310353
1759,2.2995453,1.4566488,1.8937213,1.1904454,1.0255716,4.328596,0.8053606,0.70886433,0.61537,0.7317003
1760,2.301611,1.4579487,1.8949454,1.1918384,1.0270164,4.328399,0.8066846,0.70980024,0.61667717,0.7323655
1761,2.3036766,1.4592485,1.896169,1.1932311,1.0284616,4.3282013,0.80800855,0.7107364,0.61798453,0.73303056
1762,2.305742,1.4605482,1.8973923,1.194624,1.0299065,4.328005,0.8093322,0.7116724,0.61929154,0.7336955
1763,2.3078074,1.461848,1.8986163,1.1960167,1.0313517,4.3278074,0.81065613,0.7126086,0.62059903,0.7343606
1764,2.3098729,1.4631476,1.8998399,1.1974096,1.0327967,4.32761,0.8119802,0.71354467,0.6219063,0.73502576
1765,2.3119197,1.4644418,1.9010425,1.1987907,1.0342264,4.3274193,0.8132933,0.71447384,0.6232001,0.73568976
1766,2.3139043,1.4657159,1.9021747,1.2001334,1.0356051,4.3272486,0.8145702,0.7153803,0.6244499,0.7363509
1767,2.315889,1.4669902,1.9033072,1.2014762,1.0369837,4.327078,0.8158471,0.7162869,0.6256995,0.73701155
1768,2.3178737,1.4682642,1.9044394,1.2028189,1.0383624,4.3269076,0.8171239,0.71719337,0.62694925,0.73767257
1769,2.319858,1.4695385,1.9055715,1.2041618,1.0397413,4.326737,0.8184009,0.7181,0.6281991,0.7383336
1770,2.3218431,1.4708128,1.9067037,1.2055045,1.0411199,4.3265667,0.81967795,0.7190065,0.6294487,0.7389945
1771,2.3238275,1.4720869,1.907836,1.2068472,1.0424986,4.3263965,0.8209548,0.719913,0.63069844,0.7396554
1772,2.3258123,1.4733613,1.9089684,1.20819,1.0438774,4.3262253,0.8222318,0.72081953,0.63194823,0.7403164
1773,2.3277962,1.4746344,1.9101012,1.2095323,1.0452548,4.326054,0.82350814,0.72172606,0.6331991,0.7409768
1774,2.3297799,1.4759074,1.9112344,1.2108743,1.046632,4.3258815,0.8247846,0.7226326,0.63445014,0.7416377
1775,2.3317635,1.4771801,1.9123676,1.2122164,1.0480089,4.325709,0.8260609,0.723539,0.6357015,0.7422981
1776,2.3337471,1.4784532,1.9135005,1.2135586,1.049386,4.3255367,0.8273372,0.72444546,0.6369527,0.7429588
1777,2.3357308,1.4797258,1.9146335,1.2149005,1.0507629,4.3253636,0.8286135,0.7253518,0.63820386,0.7436193
1778,2.3377147,1.4809986,1.9157665,1.2162424,1.0521402,4.3251915,0.8298899,0.72625834,0.63945484,0.74428
1779,2.3397007,1.4822731,1.9169002,1.2175833,1.0535166,4.3250213,0.8311625,0.72716475,0.6407051,0.74494296
1780,2.3416898,1.4835495,1.9180343,1.2189229,1.0548925,4.3248534,0.83243114,0.7280711,0.64195377,0.74560845
1781,2.343679,1.484826,1.9191685,1.220262,1.0562682,4.324685,0.8336999,0.7289775,0.64320266,0.746274
1782,2.3456678,1.4861025,1.9203026,1.2216016,1.0576441,4.3245173,0.8349682,0.72988397,0.6444513,0.7469394
1783,2.3476572,1.4873786,1.9214365,1.2229412,1.0590198,4.3243494,0.8362369,0.73079026,0.64570004,0.74760485
1784,2.349646,1.4886551,1.922571,1.2242808,1.0603952,4.324182,0.8375053,0.73169655,0.646949,0.7482704
1785,2.3515863,1.4899236,1.923692,1.2256157,1.061749,4.32402,0.8387521,0.73258734,0.6481741,0.74892056
1786,2.3535087,1.4911892,1.9248085,1.226949,1.0630946,4.3238597,0.8399907,0.73347247,0.6493907,0.7495649
1787,2.3554308,1.492455,1.9259253,1.2282825,1.0644403,4.3237004,0.8412293,0.73435754,0.6506072,0.7502092
1788,2.3573532,1.4937208,1.9270418,1.2296159,1.0657858,4.3235407,0.84246796,0.7352429,0.6518239,0.7508536
1789,2.3592753,1.4949865,1.9281583,1.2309493,1.0671314,4.323381,0.8437067,0.73612803,0.6530404,0.751498
1790,2.3611977,1.4962521,1.9292748,1.2322828,1.0684769,4.323221,0.8449454,0.7370131,0.65425706,0.7521423
1791,2.36312,1.4975181,1.9303916,1.2336164,1.0698227,4.3230615,0.8461841,0.7378983,0.6554737,0.7527869
1792,2.365042,1.4987833,1.9315078,1.2349496,1.0711682,4.322902,0.84742254,0.7387835,0.65669024,0.75343126
1793,2.3669646,1.5000491,1.9326246,1.236283,1.0725138,4.322742,0.84866124,0.7396686,0.6579067,0.7540755
1794,2.368887,1.5013148,1.9337411,1.2376164,1.0738592,4.3225827,0.8498998,0.7405537,0.6591233,0.7547199
1795,2.3708088,1.5025808,1.9348581,1.2389499,1.0752048,4.322423,0.8511386,0.7414389,0.6603401,0.7553643
1796,2.3727312,1.5038462,1.9359746,1.2402835,1.0765505,4.3222632,0.85237724,0.7423241,0.6615566,0.75600886
1797,2.3746533,1.5051118,1.9370909,1.2416167,1.077896,4.3221035,0.8536159,0.74320924,0.662773,0.7566532
1798,2.3765752,1.5063773,1.9382074,1.24295,1.0792415,4.3219438,0.8548546,0.74409425,0.6639896,0.7572975
1799,2.3784976,1.5076432,1.9393241,1.2442834,1.080587,4.3217845,0.8560931,0.74497956,0.6652062,0.75794184
1800,2.3804202,1.508909,1.9404409,1.2456169,1.0819328,4.321625,0.8573319,0.7458646,0.66642284,0.7585863
1801,2.382342,1.5101745,1.9415572,1.2469503,1.0832784,4.3214645,0.85857034,0.74675,0.6676395,0.75923073
1802,2.3842642,1.5114403,1.9426739,1.2482839,1.0846238,4.3213053,0.85980916,0.747635,0.66885597,0.75987506
1803,2.3861868,1.5127059,1.9437902,1.2496173,1.0859694,4.3211455,0.8610478,0.74852026,0.6700727,0.7605196
1804,2.388103,1.5139613,1.9449067,1.2509485,1.0873153,4.320985,0.8622879,0.7494072,0.6712837,0.76116383
1805,2.3900154,1.51521,1.9460237,1.2522788,1.0886619,4.3208227,0.8635289,0.7502956,0.67249167,0.7618084
1806,2.3919282,1.5164589,1.9471405,1.253609,1.0900081,4.320661,0.86477005,0.751184,0.6736993,0.7624532
1807,2.3938413,1.5177072,1.9482567,1.2549391,1.0913545,4.3205,0.86601114,0.7520724,0.67490697,0.7630975
1808,2.3957143,1.51894,1.9493151,1.2562424,1.0926793,4.320349,0.86724377,0.75295305,0.67609286,0.763728
1809,2.3975768,1.5201683,1.950357,1.2575383,1.0939975,4.3202024,0.8684741,0.75383145,0.6772727,0.76435435
1810,2.3994398,1.5213958,1.951397,1.2588338,1.0953162,4.3200517,0.869704,0.75470847,0.6784533,0.7649814
1811,2.401303,1.5226233,1.9524369,1.2601295,1.0966349,4.3199015,0.8709339,0.7555858,0.6796339,0.76560867
1812,2.4031656,1.5238509,1.9534771,1.2614248,1.0979536,4.3197513,0.8721636,0.7564628,0.68081445,0.76623577
1813,2.405029,1.5250785,1.9545174,1.2627205,1.0992723,4.3196015,0.8733936,0.75733995,0.6819953,0.766863
1814,2.4068923,1.5263059,1.9555576,1.2640162,1.100591,4.319452,0.8746235,0.7582172,0.683176,0.76749015
1815,2.4087553,1.5275334,1.9565976,1.2653116,1.1019096,4.3193007,0.8758535,0.75909424,0.6843565,0.7681173
1816,2.4106178,1.5287609,1.9576378,1.266607,1.1032283,4.3191504,0.87708336,0.7599713,0.68553716,0.7687445
1817,2.412481,1.5299885,1.958678,1.2679029,1.1045469,4.3190007,0.87831324,0.7608485,0.68671787,0.76937175
1818,2.4143445,1.531216,1.959718,1.2691982,1.1058657,4.3188505,0.879543,0.76172554,0.68789846,0.7699988
1819,2.4162076,1.5324435,1.960758,1.2704939,1.1071844,4.3187003,0.880773,0.76260275,0.6890791,0.77062607
1820,2.418071,1.533671,1.9617982,1.2717894,1.1085029,4.3185506,0.8820029,0.76347995,0.6902596,0.7712531
1821,2.4199343,1.534899,1.9628386,1.2730851,1.1098216,4.3184,0.8832329,0.764357,0.69144046,0.7718805
1822,2.4217968,1.5361269,1.9638784,1.2743798,1.11114,4.318249,0.8844629,0.7652336,0.69262123,0.77250695
1823,2.4236593,1.5373566,1.9649186,1.2756728,1.1124575,4.318097,0.8856938,0.7661082,0.6938029,0.7731321
1824,2.4255214,1.5385866,1.9659591,1.2769661,1.1137753,4.317945,0.8869246,0.76698273,0.6949845,0.77375734
1825,2.4273844,1.5398169,1.9669993,1.278259,1.115093,4.3177924,0.8881557,0.7678573,0.6961663,0.7743823
1826,2.4292467,1.5410467,1.9680395,1.279552,1.1164106,4.31764,0.88938683,0.76873183,0.69734794,0.77500737
1827,2.431109,1.5422767,1.9690797,1.2808452,1.1177284,4.3174872,0.89061767,0.76960635,0.69852966,0.7756325
1828,2.4329717,1.5435069,1.9701197,1.2821382,1.119046,4.317335,0.8918485,0.7704811,0.69971144,0.77625746
1829,2.4348276,1.5447328,1.9711533,1.2834315,1.120364,4.3171773,0.89307886,0.7713568,0.70089555,0.77687883
1830,2.4366846,1.5459591,1.9721887,1.2847261,1.1216831,4.31702,0.89431053,0.7722316,0.70208,0.77750117
1831,2.4385417,1.547185,1.9732242,1.2860212,1.123003,4.316863,0.8955435,0.7731055,0.70326453,0.778124
1832,2.4403987,1.5484109,1.9742601,1.2873167,1.1243231,4.316706,0.8967767,0.7739795,0.70444906,0.7787467
1833,2.442256,1.549637,1.9752958,1.2886121,1.125643,4.3165493,0.89800984,0.77485335,0.70563364,0.77936965
1834,2.4441133,1.550863,1.976332,1.2899072,1.1269631,4.3163934,0.89924306,0.77572733,0.7068181,0.7799924
1835,2.4459708,1.5520892,1.9773676,1.2912028,1.1282828,4.316237,0.90047604,0.7766013,0.7080028,0.7806153
1836,2.4478278,1.5533152,1.9784036,1.292498,1.1296028,4.31608,0.9017091,0.7774753,0.7091872,0.7812382
1837,2.4496846,1.5545411,1.9794393,1.2937931,1.1309226,4.3159237,0.90294224,0.7783493,0.7103718,0.78186095
1838,2.4515421,1.5557669,1.9804752,1.2950886,1.1322427,4.3157663,0.9041754,0.77922314,0.7115563,0.7824838
1839,2.4533992,1.5569929,1.9815109,1.2963836,1.1335626,4.3156104,0.9054083,0.780097,0.7127408,0.7831067
1840,2.455257,1.5582192,1.9825473,1.297679,1.1348836,4.315455,0.9066412,0.7809705,0.71392465,0.7837305
1841,2.457115,1.5594449,1.9835837,1.2989743,1.1362047,4.3152995,0.9078743,0.78184414,0.7151089,0.7843543
1842,2.4589515,1.5606443,1.9846072,1.3002534,1.137504,4.315147,0.9091017,0.7827163,0.71628475,0.7849698
1843,2.4607434,1.5617881,1.9856048,1.3014982,1.1387575,4.3150015,0.9103172,0.7835854,0.717443,0.7855679
1844,2.4625366,1.5629318,1.9866023,1.3027431,1.1400112,4.3148565,0.91153294,0.78445464,0.7186013,0.7861663
1845,2.464329,1.5640755,1.9875996,1.303988,1.1412647,4.314711,0.9127485,0.78532386,0.7197597,0.7867645
1846,2.4661214,1.5652194,1.9885972,1.3052325,1.1425184,4.314566,0.913964,0.7861933,0.7209181,0.7873627
1847,2.4679134,1.5663631,1.9895942,1.3064774,1.143772,4.314421,0.9151796,0.78706276,0.7220765,0.78796077
1848,2.469706,1.5675067,1.9905915,1.3077219,1.1450255,4.3142757,0.9163951,0.7879319,0.7232347,0.788559
1849,2.471499,1.5686505,1.9915891,1.3089668,1.1462792,4.3141303,0.9176106,0.7888012,0.7243932,0.78915733
1850,2.4732919,1.5697942,1.9925864,1.3102117,1.1475328,4.3139853,0.9188262,0.7896706,0.72555155,0.7897556
1851,2.4750843,1.5709379,1.9935834,1.3114564,1.1487865,4.31384,0.92004174,0.7905399,0.72670984,0.7903538
1852,2.4768765,1.5720816,1.9945812,1.3127011,1.1500401,4.3136954,0.9212573,0.7914092,0.72786814,0.79095197
1853,2.47867,1.573225,1.995579,1.3139468,1.1512939,4.3135514,0.922473,0.79227924,0.7290266,0.7915511
1854,2.4804525,1.5743656,1.9965734,1.3151842,1.1525394,4.3133974,0.92368317,0.79314303,0.7301788,0.79214823
1855,2.4822323,1.5755053,1.9975679,1.3164197,1.1537833,4.3132405,0.924892,0.7940053,0.7313296,0.79274476
1856,2.4840117,1.5766449,1.9985614,1.3176554,1.1550272,4.3130846,0.9261007,0.7948675,0.7324804,0.7933415
1857,2.485792,1.5777853,1.9995556,1.318891,1.1562712,4.3129272,0.9273097,0.7957299,0.7336313,0.79393804
1858,2.4875715,1.5789248,2.0005498,1.3201267,1.157515,4.312771,0.9285186,0.7965922,0.7347822,0.7945347
1859,2.4893517,1.5800645,2.0015435,1.3213625,1.158759,4.312615,0.92972744,0.79745424,0.73593307,0.7951312
1860,2.4911313,1.5812044,2.0025377,1.3225981,1.1600028,4.312458,0.93093616,0.7983165,0.7370839,0.7957279
1861,2.4929106,1.582344,2.0035315,1.3238336,1.1612468,4.312301,0.9321451,0.7991787,0.7382348,0.7963245
1862,2.4946907,1.5834839,2.0045254,1.3250693,1.1624906,4.312145,0.93335384,0.800041,0.7393854,0.7969211
1863,2.496471,1.5846239,2.0055196,1.3263052,1.1637349,4.3119893,0.93456286,0.80090344,0.7405359,0.7975178
1864,2.4982524,1.5857666,2.006514,1.3275406,1.1649799,4.311834,0.93577063,0.80176544,0.7416837,0.79811585
1865,2.5000343,1.586909,2.0075088,1.3287767,1.1662254,4.3116784,0.9369789,0.80262756,0.7428315,0.7987138
1866,2.5018163,1.5880518,2.0085032,1.3300129,1.1674707,4.3115244,0.9381868,0.8034897,0.74397945,0.79931176
1867,2.503598,1.5891935,2.0094993,1.331249,1.1687112,4.3113627,0.9393954,0.804356,0.7451275,0.79990685
1868,2.5052922,1.5902576,2.0104575,1.3324425,1.1698883,4.311222,0.9405609,0.80519783,0.74623024,0.80046856
1869,2.506958,1.5912975,2.011404,1.333622,1.1710451,4.3110886,0.94171214,0.80603194,0.7473182,0.8010193
1870,2.5086236,1.5923374,2.0123508,1.3348016,1.172202,4.310956,0.94286364,0.80686605,0.74840623,0.8015704
1871,2.5102894,1.5933772,2.0132976,1.3359814,1.1733592,4.3108225,0.9440152,0.80770004,0.74949455,0.8021214
1872,2.5119548,1.5944172,2.0142438,1.337161,1.174516,4.310689,0.94516665,0.808534,0.7505824,0.8026724
1873,2.5136204,1.5954571,2.0151906,1.3383405,1.1756729,4.310555,0.9463182,0.80936825,0.7516704,0.80322313
1874,2.5152857,1.596497,2.0161371,1.3395202,1.1768296,4.3104224,0.9474694,0.8102021,0.75275844,0.803774
1875,2.516949,1.5975379,2.0170825,1.3406956,1.1779835,4.310289,0.94862014,0.8110313,0.75384533,0.80432403
1876,2.5186245,1.5985851,2.0180323,1.3418776,1.1791451,4.310145,0.94978094,0.81186295,0.7549431,0.8048793
1877,2.5203276,1.5996423,2.0189934,1.3430754,1.1803241,4.3099837,0.9509612,0.812706,0.7560615,0.8054452
1878,2.5220299,1.6007013,2.0199578,1.3442745,1.1815032,4.309827,0.95213646,0.81354904,0.7571847,0.80601025
1879,2.5237324,1.6017604,2.0209222,1.3454734,1.1826817,4.3096695,0.95331115,0.81439185,0.75830775,0.8065754
1880,2.5254488,1.6028218,2.0218992,1.346679,1.1838679,4.3094954,0.9544946,0.8152504,0.7594461,0.8071518
1881,2.527084,1.6038227,2.0228565,1.347822,1.1849809,4.3093386,0.9556177,0.8160917,0.7605305,0.8077137
1882,2.528719,1.6048234,2.0238135,1.3489647,1.1860938,4.309182,0.9567409,0.81693304,0.76161474,0.80827546
1883,2.5303543,1.6058239,2.0247698,1.3501068,1.1872063,4.309025,0.9578639,0.8177741,0.76269907,0.8088373
1884,2.531989,1.6068242,2.0257273,1.3512499,1.1883193,4.308868,0.9589871,0.8186154,0.76378345,0.8093991
1885,2.5336235,1.607825,2.0266833,1.3523911,1.1894315,4.308709,0.9601113,0.8194557,0.7648677,0.8099593
1886,2.535257,1.6088254,2.0276392,1.3535322,1.1905434,4.3085485,0.9612362,0.8202954,0.7659523,0.81051874
1887,2.536891,1.6098257,2.0285952,1.3546731,1.1916554,4.3083873,0.9623609,0.8211353,0.7670368,0.81107795
1888,2.5385244,1.6108265,2.029551,1.3558141,1.1927674,4.308227,0.9634859,0.821975,0.7681213,0.8116375
1889,2.5401595,1.6118267,2.0305068,1.3569547,1.1938787,4.308064,0.9646084,0.82281953,0.7692086,0.8121953
1890,2.5417945,1.612827,2.0314624,1.3580959,1.1949899,4.3078995,0.96573,0.82366586,0.77029693,0.81275284
1891,2.5434184,1.6138211,2.0324063,1.3592108,1.1960956,4.307739,0.96683484,0.8245075,0.77136534,0.81331646
1892,2.5450325,1.6148101,2.033339,1.3603016,1.1971965,4.3075824,0.96792465,0.8253447,0.7724158,0.81388617
1893,2.546646,1.6157994,2.0342717,1.3613925,1.1982973,4.307425,0.9690143,0.82618225,0.7734663,0.8144556
1894,2.5482597,1.6167884,2.0352046,1.3624837,1.1993983,4.307268,0.9701039,0.8270195,0.7745166,0.8150251
1895,2.549873,1.6177776,2.0361373,1.3635745,1.2004988,4.307112,0.9711937,0.8278569,0.7755671,0.8155947
1896,2.55138,1.6187284,2.0370698,1.3646011,1.2015598,4.3069625,0.97223943,0.8286719,0.77656,0.816146
1897,2.5528805,1.6196778,2.0380025,1.3656243,1.2026188,4.3068137,0.9732828,0.82948595,0.77755,0.81669664
1898,2.554344,1.6205997,2.038896,1.3666068,1.2036548,4.306681,0.9742928,0.83028775,0.77851015,0.81723475
1899,2.5557902,1.6215103,2.039772,1.3675708,1.2046804,4.3065557,0.9752884,0.831084,0.77945703,0.8177675
1900,2.5572362,1.6224205,2.0406482,1.3685352,1.205706,4.3064303,0.9762837,0.8318804,0.78040403,0.81830025
1901,2.5586827,1.623331,2.041525,1.3694997,1.2067316,4.306305,0.97727937,0.83267677,0.78135103,0.8188331
1902,2.5601287,1.624241,2.042401,1.370464,1.2077575,4.3061795,0.978275,0.83347327,0.782298,0.81936586
1903,2.5615728,1.6251506,2.043277,1.3714254,1.2087803,4.3060503,0.97926855,0.83426917,0.7832449,0.8198981
1904,2.5630152,1.6260588,2.0441527,1.3723847,1.2098006,4.305917,0.98026013,0.835065,0.78419155,0.8204298
1905,2.5644574,1.6269673,2.0450284,1.3733429,1.2108207,4.305783,0.9812516,0.8358607,0.7851382,0.8209615
1906,2.5658991,1.6278758,2.0459042,1.374302,1.2118411,4.305649,0.982243,0.83665645,0.78608495,0.82149315
1907,2.567342,1.6287838,2.0467799,1.3752605,1.2128611,4.305515,0.9832347,0.83745205,0.78703165,0.8220247
1908,2.5687842,1.6296924,2.0476556,1.3762195,1.2138813,4.305381,0.9842263,0.83824784,0.78797853,0.8225565
1909,2.5702264,1.6306009,2.048531,1.3771782,1.2149014,4.305248,0.9852177,0.8390436,0.788925,0.82308817
1910,2.5716684,1.6315088,2.0494068,1.3781369,1.2159215,4.305114,0.9862091,0.8398393,0.78987175,0.82361984
1911,2.5731168,1.6324203,2.0502858,1.3790991,1.2169461,4.304976,0.9872048,0.8406377,0.7908228,0.8241544
1912,2.5746005,1.6333492,2.0511827,1.3800824,1.2179966,4.304816,0.98822397,0.8414525,0.7917994,0.82470524
1913,2.576083,1.6342773,2.0520792,1.3810651,1.2190471,4.304653,0.9892434,0.8422676,0.79277503,0.82525647
1914,2.5775628,1.6352041,2.0529745,1.3820469,1.2200971,4.3044896,0.9902633,0.84308267,0.79374933,0.8258078
1915,2.5790424,1.6361306,2.0538704,1.3830287,1.2211471,4.304325,0.991283,0.84389806,0.79472387,0.8263594
1916,2.580522,1.6370575,2.054766,1.3840106,1.2221973,4.3041615,0.9923026,0.8447131,0.79569834,0.82691073
1917,2.5820022,1.637984,2.0556617,1.3849924,1.2232475,4.303997,0.9933223,0.84552836,0.79667294,0.82746243
1918,2.5834825,1.6389105,2.056557,1.3859746,1.2242978,4.303833,0.99434215,0.8463436,0.7976473,0.82801366
1919,2.584962,1.6398371,2.0574527,1.3869562,1.2253479,4.303668,0.995362,0.8471589,0.7986217,0.8285651
1920,2.5864415,1.640764,2.0583482,1.3879381,1.2263979,4.3035045,0.9963817,0.84797406,0.79959613,0.8291166
1921,2.5879211,1.6416905,2.0592437,1.3889198,1.227448,4.30334,0.99740154,0.8487892,0.8005705,0.82966805
1922,2.5894012,1.6426171,2.0601392,1.389902,1.2284982,4.3031764,0.9984214,0.8496045,0.801545,0.8302196
1923,2.5908809,1.6435438,2.0610347,1.3908837,1.2295482,4.3030124,0.99944085,0.8504199,0.8025193,0.8307711
1924,2.5923605,1.6444705,2.0619302,1.3918655,1.2305984,4.3028474,1.0004606,0.8512351,0.8034938,0.83132243
1925,2.5938408,1.6453972,2.0628257,1.3928474,1.2316484,4.3026834,1.0014803,0.8520503,0.80446815,0.8318739
1926,2.59532,1.6463237,2.0637212,1.3938297,1.2326987,4.3025193,1.0025003,0.85286546,0.8054426,0.83242524
1927,2.5967999,1.6472504,2.064617,1.3948114,1.2337488,4.302355,1.0035201,0.8536809,0.80641717,0.8329768
1928,2.5983016,1.6481886,2.0655255,1.3958061,1.2348216,4.3021846,1.0045512,0.8545033,0.8074058,0.8335459
1929,2.5998113,1.6491307,2.0664392,1.3968054,1.2359029,4.3020115,1.0055863,0.85532826,0.80839986,0.8341211
1930,2.6013207,1.6500732,2.0673528,1.397805,1.236984,4.301839,1.0066215,0.8561534,0.8093938,0.83469665
1931,2.6028314,1.6510155,2.0682669,1.3988044,1.2380652,4.3016667,1.0076568,0.8569783,0.8103878,0.8352722
1932,2.6043425,1.6519574,2.0691824,1.3998039,1.2391468,4.301495,1.0086924,0.8578028,0.8113826,0.8358482
1933,2.6058273,1.6529067,2.0700817,1.4007876,1.2402184,4.3013287,1.0097138,0.858608,0.8123594,0.83642066
1934,2.6072977,1.6538608,2.0709722,1.4017628,1.2412843,4.3011656,1.0107269,0.8594022,0.8133263,0.8369911
1935,2.6087682,1.6548147,2.071862,1.4027379,1.24235,4.301002,1.0117404,0.8601966,0.814293,0.83756137
1936,2.6102386,1.6557686,2.0727518,1.403713,1.2434156,4.3008394,1.0127537,0.86099064,0.81525975,0.83813155
1937,2.6117089,1.6567227,2.0736415,1.4046882,1.2444813,4.300676,1.013767,0.8617848,0.81622666,0.83870184
1938,2.6131794,1.6576768,2.074532,1.4056636,1.2455473,4.3005137,1.0147803,0.8625792,0.81719345,0.8392724
1939,2.6146495,1.6586306,2.0754218,1.4066387,1.2466128,4.300351,1.0157936,0.8633735,0.81816024,0.83984256
1940,2.6161206,1.6595848,2.0763118,1.4076139,1.2476788,4.3001876,1.0168071,0.8641678,0.8191272,0.84041286
1941,2.6175907,1.6605384,2.0772016,1.408589,1.2487445,4.300025,1.0178202,0.864962,0.8200938,0.8409834
1942,2.619061,1.6614918,2.0780919,1.4095643,1.2498101,4.299862,1.0188334,0.86575603,0.8210607,0.84155357
1943,2.6205301,1.6624434,2.0789828,1.4105396,1.250876,4.2997,1.0198457,0.8665488,0.8220281,0.84212434
1944,2.6220005,1.6633949,2.0798733,1.4115146,1.2519417,4.2995386,1.020858,0.8673419,0.82299525,0.8426949
1945,2.62347,1.6643466,2.080764,1.41249,1.2530077,4.299376,1.0218699,0.8681348,0.8239624,0.84326565
1946,2.624943,1.6652994,2.0816565,1.413466,1.254073,4.299217,1.0228822,0.86892545,0.8249298,0.8438364
1947,2.6264188,1.6662527,2.0825496,1.414443,1.2551385,4.299059,1.0238943,0.8697152,0.8258968,0.8444073
1948,2.6278934,1.667206,2.083443,1.4154197,1.2562039,4.2989006,1.0249062,0.87050486,0.8268638,0.84497833
1949,2.629369,1.6681597,2.0843363,1.4163965,1.2572694,4.2987423,1.0259181,0.8712945,0.82783103,0.8455492
1950,2.6308482,1.6691141,2.085231,1.4173756,1.2583365,4.2985883,1.0269313,0.87208426,0.8287993,0.8461207
1951,2.6323283,1.6700695,2.0861259,1.4183578,1.2594054,4.2984385,1.0279455,0.87287307,0.82976836,0.8466916
1952,2.6338089,1.6710247,2.0870209,1.41934,1.2604746,4.298288,1.0289598,0.87366205,0.8307375,0.8472625
1953,2.6352842,1.671977,2.087913,1.4203185,1.2615404,4.298135,1.0299709,0.8744477,0.8317048,0.84783244
1954,2.6367555,1.6729261,2.0888014,1.4212939,1.262603,4.297978,1.0309789,0.87523,0.83267015,0.84840167
1955,2.638226,1.6738753,2.0896897,1.422269,1.2636657,4.297821,1.031987,0.87601256,0.8336358,0.8489709
1956,2.6396964,1.6748242,2.0905778,1.4232439,1.2647283,4.2976646,1.0329947,0.87679476,0.83460116,0.84954023
1957,2.6411676,1.6757734,2.0914662,1.4242189,1.2657908,4.297508,1.0340028,0.8775773,0.8355666,0.85010946
1958,2.6426387,1.6767225,2.092354,1.425194,1.2668535,4.2973514,1.0350106,0.87835956,0.836532,0.8506788
1959,2.6441092,1.6776717,2.0932426,1.426169,1.267916,4.297194,1.0360185,0.87914205,0.8374973,0.8512479
1960,2.6455803,1.6786209,2.094131,1.4271439,1.2689786,4.297038,1.0370265,0.87992454,0.83846295,0.85181725
1961,2.6470504,1.67957,2.095019,1.4281191,1.270041,4.2968807,1.0380342,0.88070655,0.83942837,0.85238636
1962,2.6485212,1.6805191,2.0959074,1.4290943,1.2711036,4.296724,1.0390422,0.88148916,0.8403938,0.85295546
1963,2.6499915,1.6814682,2.0967958,1.4300692,1.2721661,4.296568,1.04005,0.88227165,0.8413592,0.8535247
1964,2.6514626,1.6824174,2.0976844,1.4310443,1.2732288,4.296411,1.0410578,0.883054,0.8423248,0.8540939
1965,2.6529334,1.6833665,2.0985725,1.4320195,1.2742914,4.296254,1.0420659,0.88383615,0.8432901,0.85466313
1966,2.654404,1.6843152,2.0994606,1.4329944,1.2753539,4.2960978,1.0430739,0.88461864,0.8442554,0.85523236
1967,2.6558697,1.6852705,2.1003497,1.4339606,1.2764027,4.295951,1.0440576,0.8853793,0.8452239,0.85579956
1968,2.6573343,1.6862268,2.1012387,1.4349252,1.2774496,4.295805,1.045038,0.8861369,0.8461929,0.85636663
1969,2.658799,1.6871829,2.102128,1.4358901,1.2784964,4.2956605,1.0460184,0.88689464,0.8471617,0.8569335
1970,2.6602638,1.688139,2.1030166,1.4368551,1.2795434,4.295515,1.0469985,0.88765216,0.8481305,0.8575003
1971,2.6617289,1.6890953,2.1039057,1.4378198,1.2805902,4.29537,1.0479791,0.88840973,0.8490994,0.8580674
1972,2.6632016,1.6900547,2.1047986,1.4387892,1.2816432,4.295218,1.0489643,0.88917136,0.8500744,0.8586372
1973,2.6647043,1.6910269,2.1057053,1.4397736,1.2827182,4.2950406,1.0499673,0.8899472,0.85107124,0.85921776
1974,2.666207,1.6919988,2.106612,1.4407585,1.2837932,4.2948627,1.0509698,0.8907229,0.85206807,0.8597981
1975,2.6677098,1.6929708,2.1075182,1.4417431,1.2848682,4.294685,1.0519726,0.8914988,0.8530647,0.8603786
1976,2.6692133,1.6939429,2.108425,1.4427278,1.2859432,4.2945075,1.0529757,0.89227456,0.8540617,0.8609592
1977,2.6707158,1.6949149,2.1093316,1.4437124,1.2870183,4.2943296,1.0539783,0.8930503,0.85505855,0.8615396
1978,2.6722183,1.6958869,2.110238,1.4446973,1.2880933,4.2941527,1.0549812,0.8938263,0.8560553,0.86212015
1979,2.6737208,1.696859,2.1111445,1.4456818,1.2891681,4.293975,1.055984,0.89460194,0.8570521,0.8627007
1980,2.6752248,1.697831,2.112051,1.4466667,1.2902436,4.2937975,1.0569847,0.8953772,0.85804963,0.86328304
1981,2.6767287,1.6988031,2.1129572,1.447652,1.2913195,4.2936206,1.0579848,0.89615214,0.8590471,0.86386645
1982,2.6782324,1.6997752,2.1138632,1.4486372,1.2923948,4.293443,1.0589848,0.8969273,0.8600448,0.86444974
1983,2.6797369,1.7007471,2.11477,1.4496219,1.2934704,4.293266,1.0599848,0.89770234,0.8610422,0.86503315
1984,2.6812534,1.7017238,2.1156812,1.4506145,1.2945559,4.2930775,1.0609937,0.89848405,0.86205,0.86562145
1985,2.6827934,1.7027092,2.1166024,1.45162,1.2956588,4.292867,1.0620193,0.89927804,0.8630765,0.8662188
1986,2.6843345,1.7036948,2.1175234,1.4526252,1.2967622,4.292657,1.0630449,0.900072,0.86410314,0.86681604
1987,2.6858742,1.70468,2.1184444,1.4536309,1.2978654,4.292447,1.0640707,0.9008658,0.86512953,0.8674135
1988,2.6874144,1.7056652,2.1193657,1.4546359,1.2989682,4.292237,1.0650966,0.90166026,0.8661561,0.8680115
1989,2.6889536,1.7066512,2.1202862,1.4556372,1.3000717,4.292024,1.0661249,0.90245813,0.86718327,0.8686131
1990,2.6904924,1.7076367,2.1212068,1.456638,1.3011746,4.2918115,1.0671532,0.90325576,0.8682105,0.86921465
1991,2.6920314,1.7086222,2.122127,1.4576393,1.3022778,4.2915993,1.0681815,0.90405357,0.86923766,0.86981606
1992,2.6935706,1.7096081,2.1230476,1.4586405,1.3033811,4.2913866,1.0692099,0.9048512,0.87026495,0.8704176
1993,2.6951096,1.7105936,2.123968,1.4596416,1.3044842,4.2911744,1.0702381,0.9056491,0.8712921,0.8710191
1994,2.6966484,1.7115793,2.1248884,1.4606428,1.3055872,4.2909613,1.0712664,0.9064468,0.8723193,0.87162066
1995,2.6981876,1.712565,2.125809,1.461644,1.3066905,4.290748,1.0722947,0.90724444,0.87334657,0.87222207
1996,2.6997283,1.7135499,2.1267283,1.4626465,1.3077955,4.2905374,1.0733144,0.9080354,0.8743763,0.87282217
1997,2.70127,1.7145346,2.127647,1.4636505,1.3089015,4.290327,1.074328,0.9088211,0.8754081,0.87342095
1998,2.7028122,1.7155194,2.1285653,1.4646543,1.3100076,4.2901163,1.0753412,0.9096068,0.8764401,0.87402
1999,2.7043538,1.716504,2.1294835,1.4656582,1.3111136,4.2899055,1.0763549,0.91039264,0.8774719,0.874619
