,Reg3b,Reg3g,Apoa1,Guca2b,Zg16,Rpl37,Rpl37a,Oat,Rps28,Rps21
0,1.1743531,1.2554704,0.88371056,0.48662403,0.6176141,3.5528264,3.775509,2.822616,2.360016,2.3016942
1,1.1761196,1.2567397,0.88429904,0.48714313,0.61794436,3.5526848,3.77537,2.8224838,2.3598545,2.301521
2,1.1778853,1.2580091,0.8848867,0.48766106,0.6182739,3.552544,3.7752302,2.8223517,2.359692,2.3013487
3,1.1796495,1.2592784,0.8854723,0.4881764,0.6186027,3.5524025,3.77509,2.822219,2.3595295,2.3011763
4,1.1814135,1.2605479,0.8860584,0.48869205,0.61893153,3.5522609,3.7749493,2.822086,2.359367,2.3010035
5,1.1831777,1.2618175,0.8866444,0.48920777,0.6192602,3.5521197,3.7748096,2.821954,2.3592038,2.300831
6,1.1849422,1.263087,0.8872301,0.48972332,0.6195891,3.5519776,3.7746694,2.8218212,2.359041,2.3006587
7,1.1867063,1.2643564,0.8878161,0.490239,0.6199178,3.551836,3.7745295,2.8216882,2.3588781,2.300486
8,1.1884704,1.2656248,0.8884018,0.4907542,0.6202467,3.5516944,3.774389,2.821556,2.358715,2.3003135
9,1.1902347,1.2668933,0.88898784,0.49126953,0.6205758,3.5515523,3.774248,2.8214238,2.358552,2.3001404
10,1.1919985,1.2681623,0.8895735,0.49178475,0.62090486,3.5514102,3.7741072,2.8212912,2.358389,2.299968
11,1.1937621,1.2694305,0.8901595,0.4923001,0.6212338,3.5512686,3.7739668,2.8211586,2.3582258,2.2997947
12,1.1955264,1.2706995,0.89074534,0.49281555,0.6215628,3.5511265,3.7738273,2.821026,2.358063,2.299622
13,1.1972902,1.2719679,0.89133126,0.49333078,0.62189186,3.5509844,3.7736866,2.8208938,2.3578997,2.299449
14,1.199059,1.2732397,0.89192015,0.49384952,0.62222147,3.5508432,3.773546,2.8207598,2.3577347,2.2992785
15,1.2008357,1.2745168,0.8925143,0.494374,0.62255245,3.550703,3.7734034,2.8206234,2.357566,2.2991114
16,1.2026129,1.2757938,0.8931085,0.49489853,0.62288326,3.5505629,3.7732608,2.8204875,2.357397,2.298945
17,1.2043896,1.2770708,0.89370257,0.49542302,0.6232144,3.5504217,3.7731178,2.8203514,2.3572283,2.2987776
18,1.2061667,1.2783477,0.89429677,0.49594742,0.6235452,3.5502815,3.7729762,2.8202152,2.3570595,2.2986112
19,1.2079375,1.2796179,0.894889,0.49646768,0.6238759,3.5501423,3.772836,2.8200803,2.3568938,2.2984445
20,1.2097037,1.2808824,0.8954816,0.49698564,0.62420666,3.5500045,3.7726958,2.8199449,2.35673,2.2982786
21,1.2114692,1.2821472,0.896074,0.49750352,0.6245373,3.5498672,3.7725549,2.8198094,2.3565662,2.2981122
22,1.2132344,1.2834117,0.89666635,0.49802142,0.62486786,3.5497293,3.7724154,2.819674,2.356402,2.2979465
23,1.2150004,1.2846763,0.89725906,0.49853933,0.62519854,3.5495906,3.7722752,2.8195386,2.3562381,2.29778
24,1.2167654,1.2859404,0.8978511,0.49905708,0.62552917,3.5494533,3.7721345,2.8194034,2.3560743,2.2976143
25,1.2185328,1.2872071,0.89844394,0.49957493,0.62586135,3.5493155,3.7719939,2.8192706,2.3559108,2.2974463
26,1.2202997,1.2884736,0.89903635,0.50009274,0.6261937,3.5491767,3.7718542,2.8191378,2.3557477,2.2972782
27,1.2220669,1.2897403,0.8996291,0.5006106,0.626526,3.5490394,3.7717135,2.8190045,2.3555846,2.29711
28,1.2238333,1.2910067,0.90022165,0.5011283,0.6268584,3.5489006,3.7715738,2.8188717,2.3554215,2.296942
29,1.2256005,1.2922732,0.9008141,0.50164604,0.6271905,3.5487633,3.771434,2.8187394,2.3552585,2.2967737
30,1.2273681,1.2935398,0.9014068,0.50216377,0.6275228,3.5486255,3.7712934,2.8186064,2.3550954,2.2966058
31,1.2291343,1.2948061,0.90199924,0.50268143,0.627855,3.5484867,3.771153,2.8184733,2.354932,2.2964377
32,1.2309015,1.2960727,0.902592,0.50319916,0.62818736,3.5483484,3.771013,2.8183408,2.3547688,2.2962694
33,1.2326689,1.2973394,0.9031844,0.50371706,0.62851965,3.548211,3.7708724,2.8182077,2.3546057,2.2961009
34,1.2344356,1.2986054,0.903777,0.5042348,0.62885195,3.5480723,3.7707324,2.8180745,2.3544428,2.2959335
35,1.2362027,1.2998724,0.9043698,0.5047525,0.6291843,3.547934,3.7705915,2.8179417,2.3542793,2.2957654
36,1.2379694,1.3011389,0.9049622,0.50527036,0.6295165,3.5477962,3.7704523,2.8178086,2.3541162,2.2955968
37,1.2397367,1.3024056,0.9055549,0.5057881,0.6298487,3.547658,3.7703118,2.817676,2.3539531,2.2954285
38,1.2415035,1.3036718,0.90614736,0.50630593,0.63018095,3.5475202,3.7701719,2.8175426,2.3537898,2.2952607
39,1.2432706,1.3049384,0.90673995,0.50682354,0.6305133,3.5473824,3.770031,2.8174105,2.3536267,2.2950926
40,1.2450372,1.3062048,0.9073321,0.50734127,0.6308457,3.5472436,3.769891,2.8172777,2.353464,2.2949247
41,1.2468045,1.3074714,0.9079251,0.5078591,0.6311778,3.5471063,3.7697504,2.8171446,2.3533006,2.2947564
42,1.2485714,1.3087378,0.90851754,0.50837696,0.63151026,3.546968,3.7696104,2.8170116,2.3531373,2.2945883
43,1.2503388,1.3100047,0.90911025,0.5088947,0.6318425,3.5468302,3.76947,2.8168788,2.3529744,2.2944207
44,1.2521055,1.311271,0.9097026,0.50941235,0.63217473,3.546692,3.7693298,2.8167458,2.352811,2.2942517
45,1.2538726,1.3125374,0.9102953,0.5099302,0.632507,3.546554,3.7691891,2.816613,2.3526478,2.2940843
46,1.2556394,1.313804,0.9108879,0.510448,0.63283944,3.5464153,3.7690494,2.8164802,2.352485,2.2939162
47,1.2574062,1.3150705,0.9114804,0.5109657,0.6331716,3.546277,3.7689092,2.8163476,2.3523216,2.293748
48,1.2591805,1.3163387,0.9120712,0.51148415,0.6335095,3.5461402,3.768769,2.8162143,2.3521562,2.2935789
49,1.260956,1.3176074,0.91266185,0.5120027,0.6338482,3.5460033,3.7686281,2.816082,2.3519893,2.2934098
50,1.2627316,1.318876,0.91325253,0.5125213,0.63418686,3.5458665,3.7684884,2.8159492,2.351823,2.2932405
51,1.2645068,1.3201442,0.91384315,0.51303977,0.63452554,3.5457296,3.7683482,2.8158164,2.3516564,2.2930715
52,1.2662823,1.3214128,0.9144336,0.51355827,0.6348642,3.5455928,3.7682078,2.8156838,2.35149,2.2929022
53,1.2680576,1.3226812,0.9150243,0.51407695,0.6352028,3.5454555,3.768068,2.8155513,2.3513236,2.2927334
54,1.2698331,1.3239497,0.9156149,0.51459545,0.6355416,3.5453181,3.7679274,2.8154178,2.351158,2.2925644
55,1.2716084,1.3252183,0.9162053,0.51511407,0.6358802,3.5451803,3.7677872,2.8152857,2.3509915,2.292395
56,1.2733834,1.3264868,0.91679597,0.5156325,0.63621885,3.545044,3.767647,2.8151531,2.3508253,2.2922263
57,1.2751588,1.3277555,0.9173867,0.5161512,0.63655764,3.544907,3.7675068,2.81502,2.3506587,2.2920568
58,1.2769341,1.3290237,0.917977,0.51666975,0.6368962,3.5447702,3.7673666,2.8148875,2.3504927,2.2918875
59,1.278708,1.3302908,0.91856855,0.5171883,0.63723415,3.5446353,3.767228,2.8147557,2.3503277,2.2917187
60,1.2804815,1.3315575,0.9191605,0.51770693,0.63757193,3.5445004,3.7670896,2.8146243,2.350163,2.2915504
61,1.2822549,1.3328239,0.91975254,0.5182256,0.6379098,3.5443664,3.7669508,2.8144932,2.3499985,2.291382
62,1.2840283,1.3340902,0.92034405,0.5187441,0.6382482,3.544232,3.766812,2.8143616,2.349834,2.291214
63,1.285805,1.3353539,0.9209324,0.5192604,0.63859296,3.544097,3.766672,2.8142304,2.3496668,2.2910433
64,1.2875812,1.336617,0.92152053,0.51977664,0.63893735,3.5439625,3.7665322,2.8140988,2.3494997,2.290873
65,1.2893574,1.3378801,0.92210865,0.5202929,0.6392821,3.5438275,3.766392,2.8139668,2.3493333,2.2907019
66,1.2911344,1.3391438,0.92269707,0.5208093,0.6396267,3.543692,3.7662518,2.8138356,2.349166,2.2905314
67,1.2929149,1.3404111,0.9232909,0.5213295,0.6399702,3.5435586,3.766112,2.8137038,2.3489997,2.2903607
68,1.2946968,1.3416786,0.92388546,0.5218503,0.6403135,3.5434237,3.7659729,2.8135724,2.3488343,2.29019
69,1.2964778,1.342946,0.92448,0.52237105,0.6406567,3.5432887,3.765834,2.8134413,2.3486683,2.2900195
70,1.2982593,1.344214,0.92507446,0.5228919,0.6409999,3.5431542,3.7656953,2.81331,2.3485024,2.2898488
71,1.3000405,1.3454814,0.9256689,0.5234126,0.6413433,3.5430198,3.765556,2.8131788,2.348337,2.289678
72,1.301822,1.3467491,0.9262637,0.5239335,0.6416865,3.5428853,3.7654164,2.813047,2.3481703,2.2895076
73,1.3036039,1.3480169,0.9268581,0.52445424,0.6420299,3.5427508,3.765278,2.8129158,2.3480046,2.2893367
74,1.3053854,1.3492846,0.92745286,0.52497506,0.6423731,3.542616,3.7651393,2.812785,2.347839,2.289166
75,1.3071663,1.3505524,0.92804736,0.52549565,0.6427162,3.5424814,3.7650006,2.8126535,2.3476727,2.2889953
76,1.3089476,1.3518198,0.92864174,0.52601653,0.64305973,3.542347,3.7648609,2.8125224,2.3475068,2.2888243
77,1.3107293,1.3530875,0.92923635,0.5265374,0.6434029,3.5422125,3.7647216,2.8123908,2.3473408,2.288654
78,1.3125103,1.3543552,0.92983097,0.5270581,0.6437462,3.5420775,3.7645824,2.8122597,2.3471751,2.2884834
79,1.3142917,1.3556229,0.93042535,0.52757895,0.6440896,3.541943,3.764443,2.8121283,2.3470092,2.2883127
80,1.3160732,1.3568907,0.9310197,0.5280997,0.64443266,3.5418086,3.7643049,2.811997,2.3468435,2.288142
81,1.3178544,1.3581582,0.9316144,0.52862054,0.6447759,3.5416746,3.7641654,2.8118656,2.3466775,2.2879713
82,1.3196356,1.359426,0.93220896,0.52914137,0.64511925,3.5415392,3.7640254,2.8117342,2.3465114,2.2878008
83,1.3214171,1.3606939,0.93280363,0.5296621,0.6454627,3.5414052,3.7638862,2.811603,2.3463457,2.2876303
84,1.323199,1.3619612,0.9333983,0.53018296,0.64580595,3.5412703,3.7637467,2.811472,2.34618,2.2874594
85,1.32498,1.3632288,0.9339927,0.53070366,0.64614916,3.5411358,3.7636087,2.8113403,2.346014,2.2872887
86,1.3267615,1.3644964,0.9345872,0.53122437,0.6464923,3.5410008,3.763469,2.811209,2.345848,2.287118
87,1.3285432,1.3657644,0.93518174,0.5317452,0.6468356,3.5408664,3.7633302,2.8110774,2.3456821,2.2869468
88,1.3303246,1.3670322,0.9357763,0.532266,0.6471789,3.5407314,3.7631915,2.810946,2.345516,2.2867765
89,1.3321061,1.3682998,0.93637085,0.5327869,0.6475222,3.540597,3.7630522,2.8108149,2.3453503,2.2866058
90,1.3338869,1.3695672,0.9369652,0.5333077,0.6478655,3.540463,3.762913,2.8106833,2.3451843,2.2864351
91,1.3356686,1.3708351,0.93755984,0.5338284,0.6482087,3.540328,3.7627738,2.810552,2.3450184,2.2862644
92,1.33745,1.372103,0.9381544,0.5343492,0.64855206,3.5401936,3.7626345,2.8104208,2.344853,2.2860937
93,1.3392315,1.3733706,0.9387489,0.5348701,0.6488953,3.540059,3.7624967,2.8102899,2.3446872,2.285923
94,1.341013,1.3746381,0.9393434,0.53539085,0.64923865,3.5399246,3.7623563,2.8101583,2.3445208,2.2857523
95,1.3427944,1.3759059,0.93993795,0.5359116,0.6495818,3.5397892,3.7622178,2.8100271,2.344355,2.2855816
96,1.3445759,1.3771734,0.9405326,0.53643227,0.64992523,3.5396552,3.7620785,2.8098955,2.3441894,2.2854111
97,1.3463571,1.3784411,0.941127,0.5369531,0.65026844,3.5395203,3.7619393,2.8097641,2.344023,2.2852402
98,1.3481388,1.379709,0.94172174,0.537474,0.6506118,3.5393858,3.7618005,2.8096328,2.3438575,2.28507
99,1.3499191,1.3809763,0.94231606,0.537995,0.6509546,3.5392509,3.7616608,2.8095014,2.3436913,2.2848992
100,1.3516998,1.3822436,0.94291055,0.538516,0.65129757,3.5391164,3.7615216,2.8093705,2.3435252,2.284728
101,1.3534803,1.383511,0.94350475,0.53903687,0.65164053,3.5389814,3.761382,2.8092387,2.343359,2.2845576
102,1.3552611,1.3847786,0.9440993,0.5395579,0.6519834,3.5388465,3.7612429,2.8091073,2.3431935,2.2843874
103,1.3570435,1.3860484,0.9446885,0.54007685,0.6523281,3.5387096,3.7611022,2.8089747,2.3430252,2.2842155
104,1.3588243,1.3873183,0.9452738,0.5405936,0.65267146,3.5385718,3.760956,2.808836,2.3428547,2.2840455
105,1.3606045,1.3885883,0.94585913,0.5411103,0.6530152,3.5384336,3.760812,2.8086982,2.3426857,2.283876
106,1.362385,1.3898584,0.9464443,0.54162717,0.6533587,3.5382953,3.7606666,2.8085594,2.3425155,2.283706
107,1.3641663,1.3911281,0.9470299,0.5421438,0.6537022,3.5381565,3.7605214,2.8084216,2.3423457,2.2835362
108,1.3659468,1.3923979,0.9476152,0.54266065,0.6540459,3.5380187,3.7603762,2.8082838,2.3421762,2.283366
109,1.3677273,1.3936678,0.9482005,0.5431773,0.65438944,3.53788,3.7602315,2.808146,2.3420057,2.2831964
110,1.369508,1.3949378,0.9487857,0.54369396,0.6547329,3.5377421,3.7600858,2.808008,2.341836,2.2830265
111,1.3712888,1.3962076,0.94937116,0.5442107,0.65507644,3.5376034,3.7599418,2.8078694,2.3416662,2.2828567
112,1.3730695,1.3974774,0.94995636,0.54472744,0.65541995,3.5374656,3.759796,2.8077316,2.3414965,2.2826867
113,1.3748505,1.3987474,0.95054156,0.5452442,0.6557637,3.5373263,3.7596512,2.8075936,2.3413267,2.2825167
114,1.3766313,1.4000174,0.9511273,0.5457611,0.6561072,3.537188,3.759506,2.8074555,2.3411565,2.2823467
115,1.3784118,1.4012871,0.9517125,0.54627776,0.6564508,3.5370507,3.7593606,2.807317,2.340987,2.2821772
116,1.380192,1.4025574,0.95230037,0.5467948,0.6567952,3.5369124,3.7592168,2.8071795,2.3408175,2.2820077
117,1.3819718,1.4038285,0.9528912,0.54731214,0.6571408,3.536776,3.7590735,2.8070414,2.3406491,2.2818391
118,1.3837516,1.4050996,0.9534822,0.5478296,0.65748644,3.5366397,3.7589304,2.8069038,2.3404808,2.2816713
119,1.3855186,1.4063599,0.9540705,0.5483446,0.6578312,3.5365014,3.758786,2.8067648,2.340312,2.281503
120,1.3872659,1.4076025,0.95465505,0.5488559,0.6581746,3.5363603,3.7586384,2.8066251,2.3401427,2.2813349
121,1.3890133,1.4088454,0.95523924,0.549367,0.6585177,3.5362196,3.758492,2.8064845,2.3399742,2.281166
122,1.39076,1.4100883,0.9558238,0.54987824,0.6588611,3.536079,3.7583447,2.8063436,2.339805,2.2809982
123,1.392509,1.4113334,0.9564094,0.5503905,0.65920526,3.5359387,3.758197,2.8062027,2.339635,2.280831
124,1.3942587,1.4125793,0.9569953,0.55090296,0.6595497,3.5357985,3.7580507,2.8060617,2.3394647,2.280664
125,1.3960085,1.4138252,0.9575811,0.55141544,0.65989405,3.5356593,3.7579033,2.8059208,2.3392944,2.2804968
126,1.397758,1.4150708,0.9581669,0.5519277,0.6602382,3.5355191,3.7577565,2.8057804,2.3391242,2.28033
127,1.3995078,1.4163169,0.95875275,0.5524402,0.6605827,3.535379,3.7576098,2.8056397,2.338954,2.2801626
128,1.401257,1.4175624,0.95933867,0.5529525,0.6609271,3.5352387,3.757463,2.8054986,2.3387842,2.2799957
129,1.4030039,1.4188076,0.95992416,0.55346286,0.6612676,3.5350995,3.7573168,2.80536,2.3386157,2.2798297
130,1.4047508,1.4200532,0.9605094,0.55397284,0.66160727,3.5349612,3.7571714,2.8052216,2.3384478,2.2796643
131,1.4064975,1.4212981,0.96109456,0.55448264,0.6619469,3.5348225,3.7570257,2.8050823,2.3382795,2.279498
132,1.4082444,1.4225435,0.96167976,0.5549925,0.66228664,3.5346832,3.75688,2.8049433,2.3381116,2.2793326
133,1.4099913,1.423789,0.9622651,0.5555024,0.6626262,3.534544,3.756735,2.8048055,2.3379436,2.279167
134,1.4117379,1.4250342,0.9628504,0.55601233,0.662966,3.5344057,3.7565897,2.804666,2.3377762,2.2790012
135,1.4134846,1.4262798,0.9634355,0.55652213,0.6633057,3.5342665,3.7564437,2.8045282,2.3376076,2.2788355
136,1.4152312,1.4275248,0.96402097,0.557032,0.6636452,3.5341287,3.7562978,2.8043895,2.33744,2.2786696
137,1.4169779,1.4287702,0.9646061,0.5575418,0.6639849,3.533989,3.7561526,2.8042507,2.3372712,2.2785037
138,1.418725,1.4300156,0.96519136,0.55805176,0.66432476,3.5338507,3.756007,2.8041115,2.3371034,2.278338
139,1.4204721,1.4312674,0.9657747,0.55856,0.66466534,3.533709,3.7558596,2.8039734,2.3369331,2.2781708
140,1.4222202,1.4325202,0.9663578,0.55906785,0.665006,3.533568,3.7557101,2.8038354,2.3367627,2.278004
141,1.4239678,1.4337728,0.9669402,0.55957556,0.66534674,3.5334258,3.755562,2.803697,2.3365915,2.2778368
142,1.4257157,1.4350255,0.9675237,0.56008357,0.66568774,3.5332847,3.755413,2.8035593,2.3364208,2.27767
143,1.4274633,1.4362779,0.9681061,0.56059134,0.6660284,3.533143,3.755265,2.803421,2.3362498,2.2775023
144,1.4292111,1.4375308,0.9686894,0.56109923,0.666369,3.533002,3.7551162,2.8032827,2.3360791,2.2773354
145,1.430959,1.4387836,0.9692721,0.56160724,0.6667099,3.5328598,3.754967,2.8031437,2.3359082,2.2771685
146,1.4327068,1.4400362,0.96985495,0.5621151,0.66705066,3.5327182,3.754819,2.8030062,2.3357375,2.277001
147,1.434454,1.4412885,0.97043794,0.5626229,0.66739154,3.5325766,3.75467,2.8028681,2.3355668,2.2768342
148,1.4362023,1.4425416,0.9710209,0.56313086,0.66773224,3.5324354,3.754521,2.80273,2.335396,2.2766669
149,1.4379501,1.4437943,0.97160393,0.56363875,0.668073,3.5322943,3.7543724,2.8025918,2.3352253,2.2764995
150,1.4396975,1.4450469,0.97218686,0.56414664,0.6684139,3.5321522,3.7542245,2.8024535,2.3350546,2.2763326
151,1.4414454,1.4462993,0.97276956,0.56465435,0.6687546,3.532011,3.7540758,2.8023152,2.334884,2.2761652
152,1.4431944,1.4475507,0.9733531,0.56516135,0.6690964,3.5318713,3.7539294,2.8021777,2.3347137,2.2759986
153,1.4449441,1.4488008,0.97393644,0.56566787,0.66943854,3.5317326,3.7537835,2.8020403,2.3345451,2.2758317
154,1.4466939,1.4500518,0.97452027,0.56617457,0.66978073,3.5315943,3.7536376,2.801903,2.3343759,2.2756643
155,1.4484434,1.451302,0.9751035,0.566681,0.6701228,3.5314555,3.7534916,2.8017657,2.334207,2.2754972
156,1.4501925,1.4525523,0.9756869,0.56718755,0.6704648,3.5313168,3.7533462,2.8016284,2.334038,2.2753303
157,1.4519424,1.4538031,0.9762705,0.5676943,0.670807,3.531178,3.7532003,2.8014908,2.3338685,2.2751632
158,1.4536922,1.4550536,0.97685426,0.5682008,0.67114913,3.5310392,3.7530544,2.8013532,2.3336992,2.274996
159,1.4554415,1.4563041,0.97743744,0.56870735,0.6714912,3.5309005,3.752908,2.8012161,2.3335304,2.2748291
160,1.4571912,1.4575548,0.97802126,0.569214,0.67183334,3.5307622,3.7527628,2.8010786,2.3333611,2.274662
161,1.458941,1.4588054,0.9786046,0.5697206,0.67217565,3.530624,3.7526166,2.800941,2.333192,2.2744946
162,1.46069,1.4600558,0.97918814,0.5702271,0.6725175,3.5304852,3.7524712,2.8008041,2.3330233,2.274328
163,1.46244,1.4613066,0.9797718,0.5707337,0.6728597,3.5303469,3.7523258,2.8006656,2.3328543,2.2741609
164,1.4641893,1.4625566,0.98035514,0.5712402,0.6732018,3.5302076,3.752179,2.800529,2.3326845,2.273994
165,1.4659393,1.4638073,0.9809386,0.5717468,0.67354393,3.5300698,3.752033,2.8003914,2.332516,2.273827
166,1.467689,1.4650578,0.98152244,0.5722534,0.6738861,3.5299315,3.7518876,2.8002539,2.332347,2.2736597
167,1.4694378,1.4663081,0.9821057,0.5727599,0.6742281,3.5297923,3.7517421,2.8001165,2.3321774,2.273493
168,1.4711881,1.4675586,0.9826892,0.57326645,0.67457014,3.529654,3.7515962,2.799979,2.3320084,2.273326
169,1.4729376,1.4688094,0.98327285,0.5737732,0.67491233,3.5295153,3.7514505,2.7998414,2.3318393,2.2731586
170,1.4746873,1.4700598,0.9838565,0.5742798,0.6752545,3.529376,3.7513046,2.7997043,2.3316705,2.2729912
171,1.4764371,1.4713106,0.9844398,0.5747863,0.67559665,3.5292382,3.7511587,2.7995665,2.3315008,2.272825
172,1.4781861,1.4725606,0.9850232,0.57529265,0.6759386,3.529099,3.7510126,2.7994294,2.3313322,2.2726576
173,1.4799359,1.4738111,0.98560697,0.5757994,0.67628086,3.5289602,3.7508674,2.799292,2.331163,2.2724907
174,1.4816854,1.4750617,0.98619026,0.57630587,0.6766229,3.5288224,3.7507217,2.7991548,2.330994,2.2723234
175,1.4834354,1.4763125,0.9867738,0.5768125,0.67696506,3.5286837,3.7505758,2.799017,2.3308249,2.2721562
176,1.4851844,1.4775628,0.98735744,0.5773191,0.67730737,3.528545,3.7504296,2.7988796,2.3306556,2.2719893
177,1.4869342,1.4788134,0.98794085,0.5778256,0.67764944,3.5284066,3.750284,2.7987425,2.3304865,2.2718225
178,1.4886837,1.4800639,0.98852426,0.5783322,0.67799145,3.5282683,3.7501385,2.7986047,2.330318,2.271655
179,1.490433,1.4813144,0.989108,0.5788388,0.67833346,3.528129,3.7499921,2.7984676,2.3301487,2.2714882
180,1.4921827,1.4825652,0.98969126,0.57934535,0.6786757,3.5279899,3.7498467,2.79833,2.3299794,2.2713213
181,1.493933,1.4838156,0.9902752,0.57985204,0.67901784,3.527852,3.7497008,2.7981927,2.3298104,2.2711542
182,1.4956672,1.4850559,0.99085355,0.5803558,0.67935735,3.5277123,3.7495549,2.7980547,2.3296418,2.2709877
183,1.4973927,1.4862903,0.9914289,0.58085823,0.67969537,3.5275736,3.7494085,2.7979164,2.3294735,2.2708218
184,1.4991186,1.4875247,0.9920043,0.5813604,0.6800335,3.5274339,3.7492626,2.7977781,2.3293056,2.270656
185,1.500844,1.4887594,0.9925799,0.58186275,0.6803714,3.5272946,3.7491162,2.79764,2.329138,2.2704904
186,1.5025697,1.4899935,0.9931554,0.582365,0.68070936,3.5271554,3.7489707,2.797502,2.32897,2.270325
187,1.5042949,1.4912275,0.9937306,0.5828671,0.68104756,3.5270162,3.7488244,2.7973635,2.3288016,2.2701585
188,1.5060203,1.4924616,0.9943062,0.5833694,0.6813856,3.5268764,3.7486782,2.7972252,2.3286338,2.2699928
189,1.5077467,1.4936965,0.9948817,0.58387166,0.6817234,3.5267377,3.748533,2.7970867,2.3284657,2.2698271
190,1.5094719,1.4949309,0.9954571,0.5843741,0.68206155,3.5265975,3.7483861,2.796949,2.3282974,2.2696612
191,1.5111978,1.4961648,0.9960329,0.5848762,0.6823997,3.5264583,3.7482407,2.7968106,2.3281293,2.269495
192,1.512923,1.4973992,0.99660784,0.5853784,0.68273747,3.5263186,3.7480943,2.7966728,2.3279617,2.2693295
193,1.5146484,1.4986335,0.9971835,0.58588076,0.6830755,3.5261798,3.747948,2.796534,2.3277934,2.2691638
194,1.5163741,1.4998678,0.9977588,0.586383,0.68341357,3.52604,3.7478023,2.7963963,2.327625,2.268998
195,1.5181,1.5011022,0.9983346,0.58688533,0.6837517,3.5259013,3.747656,2.796258,2.3274574,2.268832
196,1.5198252,1.5023365,0.99890995,0.58738744,0.68408966,3.5257616,3.7475102,2.7961195,2.3272896,2.2686663
197,1.5215507,1.5035706,0.9994854,0.58788973,0.6844276,3.525622,3.7473638,2.7959814,2.3271213,2.2685003
198,1.5232761,1.5048047,1.0000608,0.588392,0.6847655,3.5254827,3.7472174,2.7958436,2.326953,2.2683344
199,1.525002,1.506039,1.0006363,0.5888943,0.6851037,3.5253434,3.7470715,2.7957053,2.3267848,2.268169
200,1.5267277,1.5072734,1.0012116,0.5893966,0.6854417,3.5252037,3.7469256,2.7955668,2.3266172,2.2680025
201,1.5284531,1.5085081,1.0017872,0.58989894,0.6857797,3.5250645,3.7467792,2.7954283,2.3264492,2.267837
202,1.5301785,1.5097425,1.0023625,0.59040105,0.6861177,3.5249252,3.7466338,2.7952907,2.3262808,2.2676713
203,1.531904,1.5109764,1.0029383,0.5909034,0.68645585,3.524786,3.7464871,2.7951522,2.3261127,2.2675054
204,1.5336297,1.5122108,1.0035136,0.5914056,0.68679374,3.5246463,3.7463417,2.7950141,2.325945,2.2673395
205,1.5353556,1.513445,1.0040889,0.591908,0.68713164,3.524507,3.7461948,2.7948756,2.3257768,2.2671735
206,1.537081,1.5146792,1.0046644,0.5924102,0.68746984,3.5243673,3.7460492,2.7947373,2.3256087,2.2670078
207,1.5388064,1.5159138,1.0052401,0.59291244,0.68780774,3.5242286,3.7459028,2.7945995,2.3254414,2.266842
208,1.5405347,1.5171487,1.0058143,0.59341425,0.6881456,3.5240884,3.7457569,2.7944593,2.3252716,2.2666755
209,1.5422652,1.5183837,1.0063877,0.5939158,0.688483,3.5239482,3.7456095,2.7943192,2.3251014,2.2665088
210,1.5439954,1.519619,1.0069613,0.5944175,0.68882054,3.5238085,3.7454617,2.7941778,2.3249314,2.2663417
211,1.5457263,1.5208542,1.0075347,0.59491897,0.68915826,3.5236683,3.7453141,2.7940369,2.3247616,2.266175
212,1.5474567,1.5220864,1.0081046,0.5954181,0.6894974,3.5235257,3.745165,2.7938929,2.3245919,2.2660086
213,1.5491872,1.523319,1.0086746,0.5959172,0.68983656,3.5233846,3.7450159,2.793748,2.3244221,2.2658415
214,1.5509179,1.5245513,1.0092447,0.5964165,0.69017583,3.523242,3.7448661,2.7936037,2.3242524,2.265675
215,1.5526483,1.5257834,1.0098145,0.59691554,0.69051504,3.5231004,3.7447171,2.793459,2.3240821,2.2655082
216,1.5543795,1.5270157,1.0103848,0.59741485,0.6908543,3.5229578,3.7445676,2.7933145,2.3239124,2.2653415
217,1.5561101,1.5282483,1.0109549,0.59791404,0.6911936,3.5228157,3.744418,2.7931705,2.3237429,2.2651746
218,1.5578406,1.5294803,1.0115247,0.59841305,0.6915328,3.5226736,3.7442687,2.7930253,2.3235726,2.2650077
219,1.559571,1.5307125,1.0120947,0.59891224,0.69187206,3.522532,3.7441194,2.792881,2.3234034,2.2648406
220,1.5613022,1.531945,1.0126648,0.59941155,0.6922113,3.52239,3.7439697,2.7927363,2.3232336,2.264674
221,1.5630324,1.5331774,1.0132349,0.5999106,0.6925505,3.5222473,3.743821,2.792592,2.3230634,2.2645073
222,1.5647631,1.5344101,1.0138048,0.60041,0.69288975,3.5221052,3.7436717,2.792447,2.3228934,2.2643404
223,1.5664935,1.5356424,1.0143747,0.600909,0.69322896,3.5219636,3.7435215,2.7923026,2.3227239,2.2641735
224,1.5682285,1.5368785,1.0149462,0.6014079,0.69356686,3.5218225,3.7433734,2.7921593,2.322553,2.264009
225,1.5699646,1.538116,1.015518,0.60190654,0.69390434,3.5216808,3.7432234,2.7920148,2.3223822,2.263844
226,1.571701,1.5393531,1.0160897,0.6024053,0.6942421,3.5215397,3.7430751,2.7918713,2.322211,2.2636795
227,1.5734372,1.5405905,1.0166615,0.6029041,0.69457954,3.5213985,3.7429254,2.7917278,2.3220396,2.2635148
228,1.5751729,1.5418283,1.0172331,0.6034027,0.69491714,3.5212564,3.742776,2.7915838,2.3218687,2.2633502
229,1.5769095,1.5430653,1.0178049,0.6039014,0.6952548,3.5211158,3.7426271,2.7914405,2.3216977,2.2631857
230,1.578645,1.5443028,1.0183766,0.60440004,0.6955924,3.5209746,3.7424777,2.7912965,2.3215263,2.2630215
231,1.5803809,1.54554,1.0189483,0.60489875,0.69593,3.520833,3.7423284,2.791153,2.3213553,2.2628567
232,1.5821178,1.5467775,1.01952,0.6053976,0.6962674,3.5206928,3.7421792,2.7910092,2.3211846,2.2626925
233,1.5838537,1.5480151,1.020092,0.60589623,0.6966051,3.5205507,3.74203,2.790866,2.321013,2.2625277
234,1.5855899,1.5492523,1.0206635,0.60639495,0.6969427,3.5204096,3.7418807,2.790722,2.3208423,2.2623632
235,1.5873258,1.5504899,1.0212352,0.60689366,0.6972803,3.5202684,3.741732,2.7905784,2.3206708,2.2621982
236,1.589062,1.5517272,1.0218072,0.6073923,0.69761777,3.5201273,3.7415829,2.7904346,2.3205,2.262034
237,1.5907981,1.5529642,1.0223787,0.607891,0.6979555,3.5199857,3.7414334,2.7902904,2.320329,2.2618694
238,1.5925338,1.5542015,1.0229502,0.6083896,0.6982929,3.519844,3.7412846,2.7901475,2.3201575,2.2617052
239,1.5942714,1.5554395,1.0235233,0.60888886,0.6986302,3.5197039,3.7411356,2.7900047,2.3199863,2.261539
240,1.596009,1.5566773,1.0240963,0.60938793,0.69896746,3.5195627,3.7409868,2.7898614,2.319815,2.261372
241,1.5977466,1.5579153,1.0246699,0.6098872,0.69930476,3.5194216,3.7408378,2.7897186,2.319644,2.2612062
242,1.5994844,1.5591533,1.025243,0.6103865,0.69964194,3.5192804,3.740688,2.7895763,2.319472,2.26104
243,1.601222,1.5603911,1.025816,0.6108855,0.69997907,3.5191393,3.7405388,2.789434,2.3193007,2.2608736
244,1.6029596,1.561629,1.0263891,0.6113847,0.70031625,3.5189981,3.74039,2.7892907,2.3191285,2.2607074
245,1.6046972,1.5628669,1.0269623,0.61188394,0.7006536,3.5188565,3.7402413,2.789148,2.318957,2.260541
246,1.6064351,1.5641044,1.0275352,0.6123831,0.7009909,3.5187168,3.740092,2.7890053,2.3187857,2.2603743
247,1.6081724,1.5653423,1.0281088,0.61288226,0.7013282,3.5185761,3.7399433,2.7888627,2.3186147,2.2602081
248,1.6099093,1.5665802,1.0286816,0.6133813,0.70166534,3.518434,3.7397943,2.78872,2.318443,2.260042
249,1.6116474,1.5678184,1.0292547,0.6138805,0.70200247,3.5182924,3.7396448,2.7885773,2.3182714,2.2598753
250,1.613385,1.569056,1.0298278,0.61437976,0.70233965,3.5181518,3.739496,2.7884345,2.3181,2.2597086
251,1.6151223,1.5702938,1.0304012,0.6148789,0.7026771,3.5180106,3.7393472,2.7882924,2.3179286,2.2595427
252,1.6168599,1.5715318,1.0309741,0.61537814,0.70301425,3.51787,3.7391977,2.7881489,2.3177574,2.259376
253,1.6186004,1.5727693,1.031549,0.6158787,0.7033567,3.5177302,3.7390482,2.7880056,2.317586,2.2592106
254,1.6203408,1.5740061,1.0321238,0.6163792,0.7036995,3.517591,3.738899,2.7878613,2.3174148,2.2590451
255,1.6220815,1.5752435,1.0326989,0.6168798,0.7040423,3.5174532,3.738749,2.7877173,2.317244,2.2588797
256,1.6238215,1.5764803,1.0332735,0.6173804,0.70438534,3.5173135,3.7385995,2.7875736,2.3170738,2.2587135
257,1.625562,1.5777179,1.0338488,0.61788106,0.7047282,3.5171752,3.7384508,2.7874289,2.3169029,2.2585485
258,1.6273026,1.5789547,1.0344234,0.6183817,0.70507103,3.5170355,3.7383003,2.7872849,2.3167312,2.2583828
259,1.6290433,1.5801916,1.0349982,0.6188823,0.705414,3.5168972,3.738151,2.7871408,2.316561,2.2582176
260,1.6307833,1.581429,1.0355732,0.6193829,0.70575684,3.516759,3.7380016,2.7869973,2.3163896,2.2580516
261,1.632524,1.5826657,1.0361483,0.61988354,0.7060998,3.5166192,3.7378523,2.7868528,2.3162189,2.2578862
262,1.6342647,1.5839033,1.0367231,0.62038434,0.70644265,3.5164804,3.737703,2.7867086,2.3160481,2.2577205
263,1.6360047,1.5851405,1.0372982,0.62088484,0.7067855,3.5163422,3.737553,2.7865644,2.315877,2.2575545
264,1.6377451,1.5863775,1.037873,0.6213856,0.70712847,3.5162024,3.7374036,2.7864208,2.315706,2.2573893
265,1.6394856,1.5876145,1.0384479,0.6218861,0.7074713,3.5160646,3.7372541,2.7862763,2.315535,2.257224
266,1.6412258,1.5888515,1.0390227,0.6223867,0.70781434,3.5159254,3.7371042,2.7861328,2.3153646,2.2570581
267,1.6429665,1.5900891,1.0395977,0.6228875,0.7081572,3.5157862,3.7369554,2.7859883,2.3151932,2.256893
268,1.6447072,1.5913261,1.0401726,0.62338805,0.7084999,3.515648,3.7368054,2.785844,2.3150225,2.2567272
269,1.6464474,1.5925629,1.0407476,0.6238885,0.7088428,3.5155087,3.736656,2.7857003,2.314851,2.2565615
270,1.6481836,1.5937967,1.0413219,0.6243881,0.70918417,3.51537,3.7365067,2.7855563,2.3146799,2.2563968
271,1.6499126,1.5950248,1.0418954,0.6248858,0.70952314,3.5152311,3.736355,2.7854118,2.3145068,2.2562332
272,1.6516416,1.5962532,1.0424693,0.6253836,0.70986235,3.515092,3.7362049,2.785267,2.3143337,2.2560685
273,1.6533704,1.5974815,1.0430431,0.6258814,0.71020144,3.5149527,3.7360551,2.7851229,2.3141603,2.2559052
274,1.6550992,1.5987093,1.0436165,0.626379,0.7105404,3.514814,3.7359042,2.784978,2.313987,2.2557411
275,1.6568279,1.5999376,1.0441904,0.62687683,0.7108794,3.5146747,3.7357533,2.7848334,2.313814,2.2555776
276,1.6585572,1.6011659,1.044764,0.6273745,0.71121854,3.5145354,3.735603,2.7846892,2.3136408,2.255413
277,1.6602857,1.6023941,1.0453379,0.62787235,0.7115575,3.5143971,3.7354524,2.7845452,2.3134677,2.2552493
278,1.662015,1.6036222,1.0459113,0.62837005,0.71189666,3.514258,3.7353017,2.7844002,2.3132944,2.2550852
279,1.6637435,1.6048504,1.0464852,0.62886775,0.7122356,3.5141191,3.7351515,2.7842565,2.3131213,2.2549214
280,1.6654727,1.6060786,1.0470586,0.62936544,0.71257466,3.51398,3.7350004,2.7841115,2.3129482,2.2547576
281,1.6672013,1.6073067,1.0476325,0.6298631,0.7129136,3.5138416,3.7348506,2.7839668,2.3127747,2.2545934
282,1.668931,1.6085353,1.0482059,0.6303609,0.7132528,3.5137024,3.7347,2.7838228,2.3126013,2.2544296
283,1.6706598,1.6097629,1.0487797,0.6308586,0.71359175,3.5135632,3.7345498,2.783678,2.3124282,2.2542655
284,1.6723883,1.610991,1.0493534,0.63135624,0.71393085,3.5134244,3.734399,2.7835336,2.3122551,2.2541018
285,1.6741176,1.6122193,1.049927,0.63185406,0.71426976,3.5132856,3.7342489,2.7833896,2.312082,2.253938
286,1.6758461,1.6134474,1.0505009,0.6323517,0.71460885,3.513146,3.7340982,2.7832444,2.311909,2.253774
287,1.6775684,1.614668,1.0510707,0.63284504,0.7149481,3.5130067,3.733948,2.7831001,2.3117359,2.2536104
288,1.6792843,1.6158813,1.0516369,0.63333374,0.71528727,3.512865,3.7337973,2.7829556,2.3115628,2.253446
289,1.6809993,1.6170945,1.0522025,0.6338223,0.71562684,3.5127244,3.7336478,2.7828112,2.3113897,2.2532823
290,1.6827145,1.6183075,1.0527682,0.6343111,0.71596605,3.5125837,3.7334983,2.7826667,2.3112166,2.253119
291,1.6844296,1.6195209,1.0533344,0.6347999,0.71630526,3.5124435,3.7333481,2.7825217,2.3110435,2.2529547
292,1.6861455,1.620734,1.0539005,0.6352885,0.7166447,3.512302,3.7331984,2.7823772,2.3108704,2.252791
293,1.6878622,1.6219457,1.0544655,0.6357771,0.7169841,3.5121622,3.7330496,2.7822313,2.310698,2.2526271
294,1.689579,1.6231556,1.0550294,0.6362655,0.71732354,3.5120244,3.7329013,2.7820854,2.3105264,2.2524624
295,1.6912973,1.6243658,1.055593,0.6367541,0.7176631,3.5118856,3.732753,2.7819388,2.3103547,2.252298
296,1.6930149,1.6255757,1.0561569,0.6372425,0.7180026,3.5117474,3.732604,2.7817926,2.310183,2.2521336
297,1.694732,1.6267858,1.0567209,0.63773113,0.718342,3.5116086,3.732456,2.781646,2.3100116,2.2519689
298,1.6964498,1.6279961,1.0572848,0.6382197,0.7186817,3.5114708,3.7323086,2.7814999,2.3098402,2.251804
299,1.6981673,1.6292065,1.0578487,0.63870823,0.719021,3.511332,3.7321599,2.7813525,2.309669,2.2516396
300,1.6998849,1.6304163,1.0584126,0.63919663,0.7193606,3.5111942,3.7320113,2.7812066,2.309497,2.251475
301,1.7016025,1.6316266,1.0589764,0.63968515,0.71970004,3.511055,3.7318623,2.7810605,2.3093257,2.2513108
302,1.7033205,1.6328365,1.0595403,0.6401737,0.72003967,3.5109172,3.7317145,2.7809138,2.3091545,2.251146
303,1.7050381,1.634047,1.0601041,0.6406622,0.72037894,3.510778,3.7315662,2.7807672,2.3089826,2.2509818
304,1.7067552,1.635257,1.060668,0.6411507,0.72071856,3.5106401,3.7314188,2.7806206,2.3088112,2.250817
305,1.708473,1.6364667,1.0612316,0.6416391,0.72105795,3.5105014,3.7312696,2.7804735,2.3086393,2.2506526
306,1.710191,1.6376772,1.061796,0.64212775,0.7213976,3.510363,3.7311213,2.7803273,2.3084683,2.2504878
307,1.7119055,1.6388845,1.0623586,0.64261484,0.7217367,3.5102253,3.7309735,2.7801807,2.3082964,2.2503238
308,1.7136068,1.6400813,1.062916,0.64309615,0.72207516,3.510085,3.7308238,2.7800312,2.3081255,2.2501616
309,1.7153091,1.6412773,1.0634737,0.6435777,0.7224135,3.5099459,3.730674,2.7798824,2.3079543,2.2499988
310,1.7170103,1.6424738,1.0640311,0.64405894,0.7227518,3.5098062,3.7305248,2.7797332,2.3077831,2.2498367
311,1.7187088,1.643668,1.0645883,0.6445398,0.7230884,3.5096664,3.730375,2.7795823,2.307612,2.2496743
312,1.7203948,1.6448565,1.0651436,0.64501905,0.7234197,3.5095272,3.7302253,2.7794275,2.3074381,2.249512
313,1.7220807,1.6460443,1.0656987,0.6454983,0.7237508,3.5093884,3.7300756,2.779273,2.3072653,2.249349
314,1.7237666,1.6472325,1.0662538,0.6459776,0.7240822,3.5092487,3.729925,2.7791185,2.3070922,2.2491865
315,1.7254522,1.6484206,1.0668087,0.6464566,0.72441334,3.5091085,3.7297757,2.7789636,2.3069193,2.2490246
316,1.7271378,1.6496083,1.0673637,0.64693594,0.72474444,3.5089698,3.729626,2.7788095,2.3067458,2.248862
317,1.7288237,1.6507965,1.067919,0.6474152,0.72507566,3.5088296,3.7294757,2.778654,2.3065724,2.2486992
318,1.73051,1.6519847,1.0684743,0.6478946,0.72540694,3.5086899,3.729326,2.7785,2.3063993,2.248536
319,1.7321959,1.6531727,1.0690293,0.64837384,0.7257383,3.5085511,3.7291763,2.7783456,2.306226,2.2483745
320,1.7338812,1.6543609,1.0695844,0.6488528,0.72606957,3.508412,3.7290268,2.7781909,2.3060527,2.2482116
321,1.7355669,1.655549,1.0701394,0.6493322,0.7264007,3.5082722,3.7288764,2.778036,2.3058794,2.2480493
322,1.7372532,1.6567373,1.0706947,0.6498115,0.7267319,3.508133,3.7287266,2.7778811,2.3057065,2.2478864
323,1.7389388,1.6579255,1.07125,0.6502908,0.72706306,3.5079937,3.7285774,2.777727,2.3055336,2.2477238
324,1.7406249,1.6591134,1.071805,0.6507699,0.72739434,3.5078545,3.7284265,2.7775722,2.3053598,2.247561
325,1.7422886,1.6602833,1.0723498,0.65124047,0.7277252,3.5077124,3.7282748,2.7774172,2.3051858,2.2474005
326,1.743943,1.6614459,1.0728903,0.6517077,0.72805613,3.5075698,3.728122,2.7772617,2.305011,2.24724
327,1.7455976,1.6626081,1.0734305,0.65217483,0.72838676,3.5074282,3.727969,2.7771068,2.304836,2.2470798
328,1.747251,1.6637704,1.073971,0.6526419,0.72871774,3.507285,3.7278163,2.7769518,2.3046615,2.2469194
329,1.7489059,1.6649324,1.0745115,0.653109,0.72904825,3.507143,3.7276638,2.7767973,2.3044863,2.2467594
330,1.7505598,1.666095,1.0750518,0.653576,0.7293791,3.5070004,3.7275107,2.7766418,2.304312,2.246599
331,1.7522144,1.6672568,1.0755924,0.65404314,0.7297099,3.5068579,3.7273571,2.7764869,2.304137,2.2464392
332,1.7538688,1.6684196,1.076133,0.65451026,0.73004085,3.5067163,3.7272043,2.7763324,2.3039622,2.2462788
333,1.7555232,1.6695814,1.0766733,0.65497726,0.7303715,3.5065732,3.7270505,2.7761772,2.3037872,2.2461185
334,1.7571774,1.6707443,1.0772136,0.6554445,0.73070234,3.5064306,3.7268984,2.7760224,2.303613,2.2459583
335,1.758832,1.6719066,1.0777543,0.6559115,0.73103297,3.5062885,3.7267451,2.775867,2.303438,2.2457986
336,1.7604864,1.6730685,1.0782945,0.6563786,0.73136395,3.506146,3.7265923,2.7757118,2.3032632,2.2456377
337,1.7621408,1.6742308,1.0788352,0.6568457,0.7316947,3.5060034,3.7264392,2.7755566,2.3030884,2.2454777
338,1.7637954,1.6753931,1.079376,0.65731287,0.73202556,3.5058603,3.7262862,2.775402,2.302914,2.2453177
339,1.7654495,1.6765556,1.0799162,0.65777993,0.73235625,3.5057187,3.726133,2.7752469,2.3027391,2.2451568
340,1.7671039,1.6777178,1.0804567,0.658247,0.732687,3.5055761,3.72598,2.7750916,2.302564,2.2449968
341,1.7687583,1.6788803,1.080997,0.6587141,0.7330178,3.505434,3.7258272,2.7749367,2.3023894,2.2448366
342,1.7704124,1.6800425,1.0815375,0.65918124,0.7333485,3.505292,3.7256737,2.7747817,2.3022146,2.2446764
343,1.7720668,1.6812048,1.0820779,0.6596483,0.73367935,3.5051494,3.7255208,2.7746267,2.3020399,2.2445164
344,1.773726,1.6823697,1.0826206,0.66011846,0.7340092,3.5050082,3.7253687,2.774472,2.3018625,2.2443562
345,1.775389,1.683536,1.0831647,0.6605903,0.73433846,3.504868,3.725217,2.7743185,2.301683,2.244195
346,1.777051,1.6847029,1.0837086,0.66106206,0.7346676,3.504727,3.725065,2.7741644,2.3015041,2.244035
347,1.7787142,1.6858698,1.0842526,0.6615339,0.7349968,3.5045867,3.724913,2.774011,2.3013253,2.2438743
348,1.7803767,1.687036,1.0847964,0.66200584,0.7353262,3.504446,3.7247615,2.7738576,2.301146,2.2437136
349,1.7820387,1.688203,1.0853405,0.6624776,0.73565537,3.5043058,3.7246087,2.7737033,2.3009667,2.2435532
350,1.7837017,1.6893694,1.0858846,0.66294956,0.7359847,3.5041656,3.7244575,2.7735496,2.3007877,2.2433925
351,1.7853637,1.6905363,1.0864284,0.6634214,0.7363138,3.504025,3.724305,2.7733958,2.3006084,2.243232
352,1.7870264,1.6917024,1.0869725,0.6638932,0.7366431,3.5038848,3.7241533,2.7732422,2.3004296,2.2430713
353,1.7886882,1.6928692,1.0875163,0.664365,0.7369724,3.5037446,3.7240012,2.7730885,2.3002498,2.2429109
354,1.7903514,1.694036,1.0880604,0.664837,0.73730165,3.5036044,3.7238493,2.7729342,2.3000712,2.2427506
355,1.7920134,1.6952025,1.0886042,0.66530883,0.7376308,3.5034637,3.7236974,2.7727804,2.299892,2.24259
356,1.7936764,1.6963688,1.0891483,0.66578066,0.7379601,3.5033226,3.7235456,2.7726266,2.2997131,2.2424293
357,1.7953389,1.6975359,1.0896921,0.66625243,0.73828924,3.5031824,3.723394,2.7724729,2.2995338,2.2422686
358,1.7970011,1.6987022,1.0902362,0.6667245,0.7386185,3.5030417,3.7232416,2.772319,2.2993548,2.2421079
359,1.7986636,1.699869,1.09078,0.66719633,0.73894787,3.502902,3.72309,2.772165,2.2991755,2.2419477
360,1.8003259,1.7010355,1.0913241,0.6676681,0.739277,3.5027614,3.722938,2.7720113,2.2989967,2.2417872
361,1.8019886,1.7022018,1.0918682,0.66813993,0.7396062,3.5026212,3.7227857,2.771857,2.2988176,2.2416265
362,1.8036511,1.7033687,1.092412,0.6686117,0.7399354,3.502481,3.7226338,2.7717035,2.2986383,2.2414656
363,1.8053131,1.7045352,1.0929558,0.6690836,0.74026483,3.5023408,3.7224824,2.7715492,2.298459,2.2413056
364,1.8069768,1.7057025,1.0935004,0.6695572,0.7405953,3.5021992,3.7223313,2.771397,2.298281,2.2411451
365,1.8086412,1.7068706,1.0940452,0.67003226,0.74092656,3.502058,3.7221825,2.7712457,2.2981026,2.2409854
366,1.8103049,1.7080386,1.09459,0.6705072,0.74125797,3.501917,3.7220333,2.771094,2.2979252,2.2408252
367,1.8119686,1.7092066,1.0951345,0.6709823,0.74158937,3.5017757,3.721884,2.770942,2.2977474,2.240665
368,1.8136268,1.7103679,1.0956798,0.6714561,0.7419216,3.5016356,3.7217367,2.7707899,2.2975698,2.240505
369,1.8152788,1.7115204,1.0962262,0.6719283,0.742255,3.5014963,3.72159,2.7706375,2.2973938,2.2403455
370,1.8169303,1.712673,1.096772,0.6724005,0.7425882,3.501357,3.721443,2.770485,2.2972174,2.2401862
371,1.818582,1.713825,1.0973179,0.6728726,0.7429216,3.5012188,3.7212965,2.770332,2.2970414,2.2400262
372,1.8202333,1.7149785,1.0978644,0.67334497,0.7432549,3.501079,3.7211492,2.7701795,2.2968652,2.239866
373,1.8218625,1.7161176,1.0984082,0.67380905,0.74358463,3.5009394,3.721003,2.770026,2.2966914,2.2397068
374,1.8234742,1.7172468,1.0989501,0.67426676,0.74391174,3.5007987,3.7208555,2.769872,2.29652,2.2395477
375,1.8250859,1.718376,1.0994921,0.67472446,0.7442389,3.5006585,3.7207084,2.7697177,2.2963486,2.2393882
376,1.8266978,1.7195048,1.100034,0.6751822,0.744566,3.5005178,3.7205622,2.7695632,2.2961764,2.2392287
377,1.828309,1.720634,1.100576,0.6756398,0.74489313,3.5003777,3.7204149,2.769409,2.2960043,2.2390692
378,1.829921,1.7217633,1.1011181,0.6760975,0.7452201,3.5002375,3.7202685,2.769255,2.2958326,2.23891
379,1.8315327,1.7228923,1.10166,0.6765553,0.7455472,3.5000968,3.7201207,2.7691004,2.2956612,2.2387505
380,1.8331447,1.7240218,1.1022019,0.6770131,0.7458745,3.4999566,3.7199733,2.768947,2.2954898,2.238591
381,1.8347564,1.7251507,1.1027439,0.6774707,0.7462015,3.4998164,3.719827,2.768792,2.2953176,2.2384315
382,1.8363681,1.7262802,1.1032858,0.67792845,0.7465286,3.4996762,3.71968,2.7686386,2.295146,2.2382724
383,1.8379793,1.7274095,1.1038277,0.6783861,0.7468558,3.4995356,3.7195323,2.768484,2.2949739,2.238113
384,1.8395913,1.7285385,1.1043699,0.678844,0.74718285,3.4993954,3.7193856,2.7683306,2.294802,2.2379534
385,1.8412032,1.7296678,1.1049118,0.67930156,0.74751014,3.4992552,3.7192385,2.768176,2.2946305,2.237794
386,1.8428149,1.7307967,1.1054537,0.6797593,0.7478372,3.4991145,3.7190921,2.7680218,2.2944586,2.2376347
387,1.8444262,1.7319256,1.1059955,0.68021697,0.74816436,3.4989738,3.7189443,2.7678676,2.2942877,2.2374754
388,1.8460379,1.7330545,1.1065376,0.6806747,0.7484914,3.4988341,3.718798,2.7677135,2.2941155,2.237316
389,1.8476498,1.734184,1.1070797,0.6811324,0.7488185,3.4986935,3.7186508,2.7675593,2.2939436,2.2371566
390,1.8492613,1.735313,1.1076214,0.6815902,0.7491457,3.4985533,3.7185032,2.7674048,2.2937722,2.2369974
391,1.850873,1.7364421,1.1081635,0.68204784,0.74947286,3.4984126,3.7183568,2.767251,2.2936,2.2368376
392,1.8524847,1.7375715,1.1087055,0.68250555,0.7497999,3.498273,3.7182097,2.7670963,2.2934287,2.2366781
393,1.8540964,1.7387006,1.1092474,0.68296325,0.75012696,3.4981322,3.718063,2.7669423,2.293257,2.2365193
394,1.8557086,1.7398298,1.1097895,0.683421,0.75045407,3.497992,3.7179155,2.7667878,2.293085,2.2363591
395,1.8573203,1.7409589,1.1103315,0.6838792,0.75078166,3.4978518,3.717769,2.766633,2.292914,2.2362003
396,1.8589323,1.7420877,1.1108737,0.68433845,0.75111055,3.4977112,3.7176225,2.7664754,2.292744,2.2360423
397,1.8605444,1.7432169,1.1114156,0.68479764,0.7514392,3.497571,3.7174757,2.7663183,2.2925742,2.2358835
398,1.8621569,1.7443458,1.111958,0.68525696,0.751768,3.4974308,3.7173297,2.7661614,2.2924035,2.235725
399,1.8637695,1.7454745,1.1125002,0.6857163,0.75209665,3.4972906,3.7171843,2.7660036,2.2922332,2.2355661
400,1.8653817,1.746603,1.1130428,0.6861755,0.75242555,3.49715,3.7170372,2.7658467,2.2920637,2.2354076
401,1.8669906,1.7477292,1.1135814,0.68663186,0.7527539,3.4970088,3.716891,2.7656894,2.291892,2.2352479
402,1.8685982,1.7488544,1.1141195,0.687087,0.75308245,3.4968677,3.7167428,2.765532,2.2917216,2.2350879
403,1.8702064,1.749979,1.1146574,0.6875423,0.7534108,3.496726,3.7165961,2.765375,2.2915502,2.2349281
404,1.871814,1.751104,1.115195,0.68799764,0.75373936,3.4965844,3.7164488,2.7652183,2.2913785,2.2347684
405,1.8734219,1.7522295,1.1157331,0.6884529,0.75406784,3.4964428,3.7163012,2.7650604,2.2912078,2.2346084
406,1.8750298,1.7533543,1.1162713,0.6889082,0.75439626,3.4963007,3.7161539,2.7649035,2.2910366,2.2344487
407,1.8766384,1.7544798,1.1168092,0.6893636,0.7547246,3.4961596,3.7160068,2.7647464,2.290866,2.2342887
408,1.8782456,1.7556044,1.117347,0.68981886,0.75505316,3.496018,3.715859,2.7645893,2.2906945,2.234129
409,1.8798537,1.7567296,1.1178851,0.6902741,0.7553817,3.4958758,3.7157118,2.764432,2.2905235,2.2339692
410,1.8814609,1.7578545,1.1184232,0.6907294,0.75570995,3.4957342,3.7155645,2.7642748,2.290352,2.2338088
411,1.8830695,1.7589798,1.1189611,0.69118464,0.75603855,3.495593,3.7154176,2.7641175,2.290181,2.2336493
412,1.8846779,1.7601053,1.1194997,0.69163966,0.7563672,3.4954524,3.7152698,2.7639618,2.2900107,2.2334893
413,1.886317,1.7612516,1.1200464,0.6920957,0.7567,3.4953046,3.7151163,2.7638006,2.2898366,2.2333236
414,1.8879764,1.7624125,1.1205983,0.69255245,0.75703496,3.495154,3.7149572,2.7636359,2.2896605,2.233156
415,1.889636,1.7635727,1.1211505,0.69300926,0.75737005,3.4950032,3.7147987,2.7634711,2.2894845,2.2329874
416,1.8912952,1.7647332,1.1217022,0.69346595,0.7577051,3.4948516,3.7146404,2.7633064,2.2893088,2.2328188
417,1.8929548,1.7658935,1.1222541,0.69392264,0.75804013,3.4947,3.7144806,2.763142,2.289133,2.2326503
418,1.8946161,1.7670546,1.1228061,0.69438004,0.7583755,3.4945502,3.7143226,2.762978,2.2889555,2.2324817
419,1.8962827,1.768219,1.123359,0.6948411,0.7587129,3.4944005,3.7141683,2.7628174,2.2887738,2.2323124
420,1.8979495,1.7693833,1.1239116,0.69530195,0.7590501,3.4942503,3.7140126,2.7626562,2.2885919,2.2321432
421,1.8996177,1.7705488,1.1244657,0.6957638,0.7593882,3.4941006,3.713858,2.7624955,2.2884095,2.2319748
422,1.9012911,1.7717173,1.125025,0.6962288,0.7597296,3.4939528,3.7137032,2.7623355,2.288228,2.231809
423,1.9029651,1.7728858,1.1255841,0.6966937,0.76007104,3.4938045,3.713547,2.762176,2.2880454,2.2316427
424,1.9046383,1.7740545,1.1261432,0.6971588,0.7604125,3.4936566,3.7133925,2.762016,2.2878635,2.2314773
425,1.9063125,1.775223,1.1267025,0.69762367,0.7607539,3.4935083,3.713238,2.7618573,2.287681,2.2313113
426,1.9079866,1.7763919,1.1272618,0.69808877,0.7610953,3.4933605,3.7130835,2.7616978,2.2874992,2.2311451
427,1.9096599,1.7775605,1.127821,0.69855356,0.76143664,3.4932127,3.712928,2.7615378,2.2873173,2.2309794
428,1.9113333,1.7787287,1.1283798,0.69901854,0.761778,3.4930644,3.712773,2.7613778,2.287135,2.2308133
429,1.913007,1.7798972,1.1289392,0.69948363,0.7621195,3.4929166,3.7126176,2.7612183,2.2869525,2.2306473
430,1.9146812,1.7810661,1.1294985,0.6999486,0.7624609,3.4927683,3.712463,2.7610583,2.2867708,2.2304811
431,1.9163547,1.7822343,1.1300576,0.7004136,0.76280236,3.4926205,3.7123086,2.7608986,2.286589,2.2303154
432,1.9180284,1.7834029,1.1306169,0.7008785,0.76314366,3.4924717,3.7121532,2.7607393,2.2864068,2.23015
433,1.9197023,1.7845719,1.131176,0.7013434,0.7634851,3.4923244,3.7119977,2.7605793,2.2862241,2.2299838
434,1.9213762,1.7857404,1.1317351,0.7018086,0.76382643,3.492176,3.711843,2.7604196,2.2860425,2.2298176
435,1.9230492,1.7869048,1.1322968,0.70227766,0.76416934,3.4920287,3.7116885,2.7602613,2.28586,2.229651
436,1.9247241,1.7880703,1.1328602,0.7027486,0.7645123,3.4918823,3.7115357,2.7601032,2.2856784,2.2294848
437,1.9264059,1.7892414,1.1334298,0.70322293,0.76485336,3.4917378,3.711384,2.759948,2.2854981,2.2293181
438,1.9280889,1.7904131,1.1339991,0.7036972,0.76519454,3.4915934,3.7112334,2.759792,2.285318,2.2291505
439,1.9297712,1.7915845,1.1345692,0.70417154,0.76553583,3.4914489,3.7110822,2.7596369,2.285138,2.2289836
440,1.9314535,1.7927564,1.135139,0.704646,0.7658769,3.4913054,3.7109323,2.7594814,2.2849572,2.2288163
441,1.9331362,1.7939279,1.1357086,0.7051204,0.7662181,3.4911613,3.7107813,2.7593253,2.2847767,2.2286491
442,1.9348187,1.7950997,1.1362784,0.70559466,0.7665593,3.4910169,3.7106304,2.7591705,2.2845967,2.2284825
443,1.936501,1.7962708,1.136848,0.70606905,0.7669004,3.4908724,3.7104793,2.7590146,2.2844167,2.2283149
444,1.9381835,1.7974423,1.1374178,0.7065434,0.7672416,3.490728,3.7103288,2.758859,2.284236,2.2281477
445,1.9398632,1.7986124,1.1379871,0.7070165,0.7675832,3.490583,3.7101777,2.7587042,2.284056,2.2279806
446,1.9415121,1.7997605,1.1385531,0.70747715,0.7679272,3.490439,3.710025,2.7585478,2.283878,2.2278125
447,1.9431605,1.8009094,1.1391196,0.7079379,0.76827157,3.490295,3.7098715,2.7583919,2.2837,2.2276444
448,1.9448082,1.8020579,1.1396856,0.7083985,0.76861584,3.4901505,3.7097185,2.7582362,2.283522,2.227476
449,1.9464564,1.8032061,1.1402519,0.70885897,0.7689601,3.4900055,3.709565,2.7580802,2.283344,2.2273083
450,1.9481049,1.8043545,1.1408179,0.70932,0.7693045,3.489861,3.7094114,2.757924,2.283166,2.22714
451,1.9497731,1.8055184,1.1413866,0.70978284,0.76964605,3.4897122,3.709255,2.757766,2.2829823,2.22697
452,1.9514441,1.8066845,1.1419556,0.7102464,0.7699871,3.4895625,3.7090974,2.757608,2.2827983,2.2268002
453,1.9531147,1.8078511,1.1425246,0.7107096,0.77032816,3.4894133,3.70894,2.7574506,2.2826145,2.2266304
454,1.9547851,1.8090177,1.1430937,0.71117306,0.7706693,3.4892635,3.7087822,2.7572923,2.2824304,2.2264605
455,1.9564562,1.8101835,1.1436629,0.7116366,0.77101046,3.4891143,3.7086253,2.757134,2.2822459,2.2262905
456,1.9581273,1.8113501,1.144232,0.7121001,0.7713515,3.488965,3.7084672,2.7569766,2.2820616,2.2261207
457,1.9597976,1.8125165,1.1448009,0.7125634,0.77169263,3.4888158,3.708309,2.7568183,2.2818773,2.225951
458,1.9614694,1.8136828,1.1453698,0.7130267,0.77203375,3.488666,3.7081516,2.756661,2.2816937,2.2257805
459,1.9631364,1.8148466,1.1459363,0.7134874,0.7723739,3.4885159,3.7079942,2.7565014,2.2815094,2.2256114
460,1.9648025,1.8160087,1.1465003,0.7139458,0.77271324,3.4883652,3.7078345,2.7563422,2.2813253,2.2254417
461,1.9664683,1.8171705,1.147064,0.7144043,0.77305245,3.488214,3.7076757,2.7561824,2.2811413,2.2252722
462,1.9681332,1.8183326,1.1476276,0.71486235,0.7733917,3.4880638,3.7075164,2.7560232,2.2809567,2.2251027
463,1.9697993,1.8194945,1.1481917,0.71532077,0.773731,3.4879131,3.7073574,2.7558632,2.2807732,2.2249331
464,1.9714646,1.8206562,1.1487553,0.7157792,0.77407026,3.487762,3.7071989,2.7557037,2.2805882,2.2247636
465,1.97313,1.8218181,1.1493189,0.71623755,0.77440953,3.4876113,3.70704,2.7555444,2.2804046,2.2245944
466,1.9747956,1.8229804,1.1498828,0.7166959,0.7747488,3.4874601,3.7068808,2.7553852,2.2802203,2.2244248
467,1.9764614,1.8241423,1.1504468,0.71715415,0.77508825,3.48731,3.706722,2.7552254,2.2800362,2.224255
468,1.9781289,1.8253074,1.1510122,0.71761286,0.77542675,3.4871593,3.7065635,2.7550669,2.2798533,2.2240865
469,1.9797981,1.8264757,1.1515789,0.7180717,0.77576447,3.487009,3.706406,2.754909,2.279672,2.223918
470,1.9814684,1.8276439,1.1521461,0.71853065,0.7761021,3.4868598,3.706248,2.7547517,2.2794912,2.2237496
471,1.9831371,1.8288125,1.1527128,0.7189896,0.77644,3.4867096,3.7060905,2.7545943,2.279309,2.2235808
472,1.984807,1.8299804,1.1532795,0.71944857,0.7767778,3.4865599,3.705932,2.7544367,2.2791276,2.2234123
473,1.986476,1.831149,1.1538465,0.7199074,0.7771156,3.4864101,3.7057745,2.7542791,2.2789464,2.2232442
474,1.9881461,1.8323176,1.1544135,0.7203666,0.77745336,3.48626,3.7056162,2.7541208,2.2787647,2.2230756
475,1.9898229,1.8334928,1.1549835,0.72083056,0.7777926,3.4861078,3.7054589,2.753963,2.2785854,2.2229044
476,1.9914994,1.8346684,1.1555543,0.7212949,0.7781319,3.4859557,3.7053,2.7538047,2.2784054,2.2227323
477,1.9931753,1.8358439,1.1561247,0.7217589,0.7784711,3.485804,3.7051415,2.7536464,2.2782254,2.2225611
478,1.9948528,1.8370196,1.1566952,0.72222304,0.7788104,3.4856524,3.704983,2.7534878,2.2780457,2.2223897
479,1.9965289,1.8381948,1.1572659,0.722687,0.779149,3.4854999,3.7048252,2.7533295,2.277866,2.2222183
480,1.9982069,1.8393703,1.1578369,0.72315127,0.77948624,3.4853477,3.7046673,2.7531705,2.2776859,2.2220464
481,1.9998839,1.8405459,1.1584079,0.72361517,0.77982384,3.485196,3.7045085,2.7530117,2.2775068,2.2218745
482,2.001561,1.8417219,1.1589789,0.7240793,0.7801609,3.4850445,3.7043512,2.752853,2.2773266,2.221703
483,2.003238,1.8428975,1.15955,0.7245434,0.78049827,3.4848924,3.7041929,2.7526941,2.277147,2.2215314
484,2.0049157,1.844073,1.160121,0.7250073,0.78083545,3.4847412,3.704036,2.7525353,2.2769675,2.221359
485,2.0065925,1.8452485,1.160692,0.72547156,0.7811728,3.484589,3.7038772,2.7523768,2.2767882,2.2211876
486,2.00827,1.8464239,1.1612628,0.7259356,0.7815102,3.484437,3.7037194,2.7522182,2.276608,2.2210162
487,2.009947,1.8476,1.1618338,0.72639954,0.7818475,3.4842849,3.7035625,2.7520595,2.276429,2.220844
488,2.0116248,1.8487755,1.1624053,0.72686356,0.7821847,3.4841328,3.7034037,2.7519007,2.2762492,2.2206726
489,2.0133014,1.8499508,1.1629759,0.72732764,0.78252196,3.4839811,3.7032468,2.751742,2.2760696,2.2205005
490,2.0149786,1.8511267,1.1635468,0.7277917,0.7828593,3.483829,3.703089,2.751583,2.2758896,2.220329
491,2.0166564,1.8523023,1.1641178,0.72825575,0.7831966,3.4836783,3.7029302,2.7514243,2.2757103,2.2201574
492,2.0183337,1.853478,1.1646888,0.7287198,0.78353393,3.4835258,3.7027726,2.7512653,2.2755306,2.2199852
493,2.020011,1.8546535,1.1652598,0.7291839,0.78387135,3.4833736,3.702615,2.7511067,2.2753508,2.2198133
494,2.0216877,1.8558291,1.1658309,0.729648,0.78420854,3.4832215,3.7024572,2.7509482,2.2751713,2.2196417
495,2.023399,1.857023,1.1664097,0.73011446,0.78455025,3.4830642,3.7022893,2.7507834,2.274983,2.2194686
496,2.0251105,1.8582175,1.1669893,0.73058116,0.7848921,3.4829063,3.7021222,2.7506185,2.2747948,2.2192953
497,2.0268219,1.8594116,1.1675683,0.7310477,0.7852339,3.4827485,3.7019546,2.7504542,2.2746065,2.219122
498,2.0285335,1.8606058,1.1681478,0.73151433,0.7855758,3.4825907,3.7017872,2.7502894,2.2744179,2.2189493
499,2.0302455,1.8618001,1.1687272,0.7319809,0.7859176,3.4824328,3.7016203,2.750125,2.2742293,2.2187755
500,2.031957,1.8629944,1.1693065,0.7324475,0.78625935,3.482275,3.701452,2.74996,2.274041,2.2186027
501,2.033673,1.8641912,1.1698837,0.73291403,0.78659844,3.4821153,3.7012832,2.7497928,2.2738519,2.218428
502,2.0354066,1.8653908,1.1704617,0.73338354,0.78693897,3.4819503,3.7011082,2.7496173,2.2736554,2.2182481
503,2.0371506,1.8665885,1.1710403,0.73385954,0.78726894,3.4817839,3.7009304,2.7494388,2.2734551,2.2180626
504,2.038895,1.867785,1.1716175,0.7343362,0.78759456,3.481618,3.700753,2.749261,2.273256,2.2178764
505,2.0406387,1.8689817,1.172195,0.7348131,0.78792006,3.481452,3.7005754,2.7490835,2.2730563,2.21769
506,2.0423791,1.8701711,1.1727734,0.735292,0.7882481,3.4812865,3.7003982,2.7489052,2.2728577,2.2175038
507,2.044116,1.8713536,1.1733522,0.73577315,0.78857887,3.481121,3.700221,2.7487254,2.272659,2.2173178
508,2.045853,1.8725358,1.1739311,0.7362542,0.78890944,3.4809556,3.7000449,2.748546,2.2724602,2.2171311
509,2.0475888,1.8737181,1.17451,0.7367351,0.78924,3.4807901,3.6998677,2.748367,2.2722619,2.2169452
510,2.0493255,1.8749005,1.1750889,0.73721623,0.7895706,3.4806247,3.69969,2.7481873,2.272063,2.216759
511,2.0510616,1.8760827,1.1756678,0.73769724,0.7899013,3.4804592,3.6995134,2.7480083,2.271865,2.2165728
512,2.0527987,1.8772645,1.1762466,0.73817843,0.7902317,3.4802933,3.6993368,2.7478287,2.271666,2.2163863
513,2.054535,1.8784472,1.1768258,0.7386595,0.7905625,3.4801273,3.6991599,2.7476494,2.2714672,2.2162
514,2.0562716,1.8796291,1.1774044,0.7391403,0.7908928,3.4799614,3.6989825,2.74747,2.271269,2.2160141
515,2.0580077,1.8808117,1.1779833,0.7396215,0.7912234,3.479796,3.6988063,2.7472906,2.2710702,2.2158277
516,2.0597444,1.8819938,1.1785622,0.7401026,0.79155403,3.47963,3.6986277,2.7471106,2.2708724,2.2156417
517,2.0614808,1.8831758,1.179141,0.74058354,0.79188454,3.4794645,3.6984513,2.746932,2.2706733,2.2154555
518,2.0632172,1.8843583,1.1797199,0.7410647,0.7922152,3.4792995,3.6982744,2.746752,2.270475,2.215269
519,2.0649538,1.8855401,1.1802988,0.7415456,0.79254574,3.4791336,3.6980975,2.746573,2.2702765,2.2150834
520,2.066691,1.8867228,1.1808779,0.74202675,0.7928764,3.4789677,3.69792,2.7463937,2.270078,2.2148972
521,2.068427,1.887905,1.1814566,0.7425077,0.79320693,3.4788022,3.6977437,2.7462137,2.2698793,2.2147107
522,2.0701637,1.8890874,1.1820357,0.74298894,0.79353756,3.4786367,3.697566,2.7460349,2.2696807,2.2145245
523,2.0719004,1.8902696,1.1826144,0.74346995,0.7938681,3.4784708,3.6973884,2.7458556,2.2694826,2.2143383
524,2.0736368,1.8914517,1.1831934,0.7439511,0.7941985,3.4783049,3.697212,2.7456763,2.269284,2.2141523
525,2.0753708,1.8926351,1.1837718,0.7444328,0.79452544,3.4781404,3.697038,2.7454991,2.269086,2.2139676
526,2.0771053,1.8938181,1.1843505,0.74491477,0.7948527,3.4779754,3.696862,2.745323,2.2688873,2.2137833
527,2.0788398,1.8950012,1.1849289,0.7453966,0.79517955,3.4778094,3.6966875,2.745146,2.2686892,2.2135983
528,2.0805748,1.8961849,1.185508,0.7458786,0.79550666,3.477645,3.6965115,2.744969,2.2684913,2.2134137
529,2.082309,1.8973676,1.1860864,0.7463604,0.7958336,3.4774795,3.696337,2.7447925,2.2682927,2.213229
530,2.084046,1.8985528,1.186666,0.7468429,0.79616153,3.477315,3.696163,2.7446156,2.2680948,2.2130444
531,2.085788,1.8997416,1.187248,0.7473266,0.79649085,3.4771504,3.6959882,2.7444382,2.2678964,2.2128599
532,2.0875304,1.9009298,1.18783,0.74781024,0.79682004,3.476987,3.6958134,2.7442605,2.2676988,2.2126765
533,2.089272,1.9021188,1.1884117,0.7482939,0.79714936,3.4768224,3.6956398,2.7440834,2.267501,2.2124925
534,2.0910141,1.9033066,1.1889937,0.74877745,0.7974787,3.4766579,3.6954644,2.7439063,2.267303,2.2123084
535,2.0927563,1.9044952,1.1895754,0.749261,0.7978079,3.4764938,3.6952899,2.743729,2.267105,2.212124
536,2.094498,1.9056836,1.1901574,0.7497448,0.79813725,3.4763303,3.6951156,2.743552,2.2669067,2.21194
537,2.09624,1.9068718,1.1907392,0.7502283,0.7984665,3.4761653,3.6949413,2.7433743,2.266709,2.211756
538,2.0979815,1.9080602,1.1913211,0.7507118,0.7987958,3.4760022,3.6947665,2.7431972,2.2665112,2.211572
539,2.0997243,1.9092485,1.1919029,0.75119555,0.799125,3.4758377,3.6945918,2.7430193,2.2663124,2.2113876
540,2.1014657,1.9104371,1.1924849,0.751679,0.7994544,3.4756732,3.6944177,2.7428422,2.2661152,2.2112038
541,2.1032076,1.9116256,1.1930666,0.7521627,0.79978347,3.4755092,3.6942432,2.7426653,2.2659168,2.2110198
542,2.1049492,1.9128137,1.1936485,0.75264615,0.80011284,3.4753447,3.694069,2.742488,2.265719,2.2108357
543,2.106692,1.9140023,1.1942303,0.75312984,0.8004421,3.4751801,3.6938941,2.7423105,2.2655213,2.2106514
544,2.1084337,1.9151909,1.194812,0.75361335,0.8007715,3.4750166,3.6937194,2.742133,2.2653234,2.2104676
545,2.1101751,1.916379,1.195394,0.754097,0.8011006,3.474853,3.6935456,2.741956,2.265125,2.2102838
546,2.1119177,1.9175676,1.1959758,0.7545806,0.80143,3.4746885,3.693371,2.7417784,2.2649274,2.2100997
547,2.1136594,1.918756,1.1965575,0.75506413,0.80175924,3.474524,3.6931965,2.741601,2.264729,2.2099156
548,2.1154015,1.9199444,1.1971397,0.7555479,0.8020887,3.4743595,3.6930218,2.7414238,2.2645307,2.2097316
549,2.1171434,1.9211327,1.1977215,0.75603133,0.8024178,3.4741955,3.6928477,2.7412462,2.2643328,2.2095473
550,2.1188843,1.9223213,1.198303,0.7565149,0.8027471,3.474032,3.692673,2.741069,2.2641354,2.2093632
551,2.1206272,1.9235095,1.1988851,0.7569985,0.80307627,3.4738674,3.692498,2.7408915,2.263937,2.2091792
552,2.1223688,1.9246976,1.199467,0.75748223,0.80340576,3.4737024,3.692324,2.7407136,2.2637393,2.2089953
553,2.1241112,1.9258863,1.2000489,0.7579658,0.8037349,3.4735394,3.6921496,2.740537,2.2635412,2.2088115
554,2.1258533,1.9270747,1.2006307,0.7584493,0.8040641,3.4733753,3.6919749,2.7403593,2.2633429,2.2086275
555,2.1275947,1.928263,1.2012124,0.75893295,0.8043935,3.4732108,3.6918008,2.740182,2.2631454,2.2084434
556,2.1293368,1.9294516,1.2017944,0.75941753,0.80472285,3.4730458,3.6916273,2.740005,2.2629466,2.2082589
557,2.1310794,1.9306405,1.2023764,0.7599021,0.80505246,3.4728818,3.691453,2.7398276,2.2627473,2.2080748
558,2.132823,1.9318321,1.2029567,0.7603851,0.8053832,3.4727168,3.6912782,2.7396493,2.2625484,2.2078903
559,2.134567,1.9330251,1.203536,0.76086783,0.80571413,3.4725523,3.6911032,2.7394698,2.2623498,2.207705
560,2.1363106,1.9342177,1.2041153,0.7613504,0.8060451,3.4723864,3.6909273,2.7392912,2.262151,2.2075195
561,2.1380544,1.9354099,1.2046947,0.76183295,0.80637634,3.4722219,3.6907525,2.739112,2.2619522,2.2073343
562,2.1397982,1.9366024,1.2052742,0.7623156,0.80670744,3.4720569,3.6905766,2.7389336,2.2617528,2.2071486
563,2.1415412,1.9377956,1.2058537,0.7627982,0.80703825,3.4718919,3.6904018,2.7387543,2.2615542,2.2069635
564,2.1432853,1.938988,1.2064328,0.7632808,0.80736953,3.4717264,3.6902263,2.7385757,2.2613554,2.2067785
565,2.1450288,1.9401808,1.2070124,0.7637633,0.80770046,3.4715614,3.690051,2.738397,2.261157,2.206593
566,2.1467726,1.9413736,1.2075918,0.764246,0.8080316,3.4713964,3.6898754,2.738218,2.2609577,2.2064073
567,2.1485167,1.9425657,1.2081711,0.76472855,0.8083627,3.4712315,3.6897,2.738039,2.2607589,2.206222
568,2.1502595,1.9437586,1.2087514,0.7652122,0.80869365,3.4710665,3.6895258,2.7378602,2.2605603,2.2060373
569,2.1520026,1.944953,1.2093322,0.76569605,0.8090242,3.470903,3.6893523,2.7376814,2.2603621,2.205854
570,2.1537452,1.946147,1.209913,0.7661792,0.80935425,3.4707384,3.689178,2.7375019,2.2601638,2.2056696
571,2.1554878,1.9473406,1.2104938,0.7666622,0.8096843,3.4705734,3.6890037,2.7373226,2.2599652,2.2054853
572,2.1572306,1.9485346,1.2110744,0.7671455,0.8100145,3.4704094,3.6888306,2.7371426,2.2597663,2.205301
573,2.1589727,1.9497284,1.2116551,0.76762867,0.8103445,3.470245,3.6886559,2.7369635,2.2595677,2.2051175
574,2.1607158,1.9509225,1.2122362,0.7681118,0.81067467,3.4700809,3.688482,2.736784,2.2593691,2.2049332
575,2.1624584,1.9521161,1.212817,0.768595,0.8110049,3.4699159,3.6883085,2.7366042,2.2591703,2.2047489
576,2.1642015,1.9533099,1.2133975,0.7690781,0.81133485,3.4697518,3.688134,2.7364244,2.2589717,2.2045653
577,2.1659448,1.9545039,1.213978,0.7695613,0.811665,3.4695883,3.68796,2.7362447,2.2587729,2.204381
578,2.167687,1.9556979,1.2145591,0.77004445,0.811995,3.4694233,3.6877863,2.7360654,2.2585747,2.2041967
579,2.1694298,1.9568918,1.2151399,0.7705275,0.8123253,3.4692597,3.6876128,2.735886,2.2583756,2.2040124
580,2.1711724,1.9580855,1.2157207,0.7710109,0.8126553,3.4690957,3.6874382,2.7357066,2.2581773,2.203828
581,2.172915,1.9592793,1.2163012,0.7714939,0.8129854,3.4689307,3.6872644,2.7355268,2.257979,2.2036445
582,2.1746578,1.9604732,1.216882,0.77197695,0.8133155,3.4687662,3.68709,2.7353473,2.25778,2.2034605
583,2.1764007,1.9616668,1.2174628,0.7724601,0.8136455,3.4686022,3.686916,2.735168,2.2575817,2.2032762
584,2.1781435,1.962861,1.2180438,0.7729434,0.8139757,3.4684381,3.686742,2.7349887,2.2573826,2.203092
585,2.1798859,1.964055,1.2186244,0.7734266,0.814306,3.4682736,3.686569,2.734809,2.257184,2.2029076
586,2.181629,1.9652487,1.2192051,0.77390975,0.8146359,3.4681091,3.6863945,2.7346292,2.2569854,2.2027235
587,2.1833718,1.9664423,1.2197859,0.77439284,0.81496614,3.4679446,3.6862204,2.7344496,2.2567868,2.2025397
588,2.1851144,1.9676363,1.220367,0.77487606,0.81529623,3.4677806,3.6860464,2.7342699,2.256588,2.2023556
589,2.1868565,1.9688299,1.2209473,0.77535915,0.81562626,3.4676166,3.6858733,2.73409,2.2563894,2.2021716
590,2.1885998,1.9700241,1.2215283,0.77584237,0.81595635,3.4674516,3.6856985,2.7339106,2.256191,2.201987
591,2.1903422,1.971218,1.2221086,0.7763255,0.81628656,3.4672875,3.685525,2.7337315,2.2559924,2.201803
592,2.1920853,1.9724118,1.2226899,0.7768086,0.81661665,3.4671235,3.6853504,2.7335517,2.2557938,2.201619
593,2.1938279,1.9736059,1.2232705,0.777292,0.81694716,3.4669585,3.685177,2.7333724,2.2555957,2.2014349
594,2.1955695,1.9747996,1.2238512,0.77777636,0.8172798,3.4667954,3.6850035,2.7331932,2.2553978,2.2012506
595,2.1973104,1.9759936,1.2244325,0.7782607,0.81761247,3.4666314,3.6848304,2.7330136,2.2552001,2.2010658
596,2.1990519,1.9771878,1.225013,0.7787449,0.81794506,3.4664679,3.684657,2.7328343,2.2550025,2.2008817
597,2.2007928,1.9783819,1.225594,0.7792293,0.8182778,3.4663043,3.6844838,2.732655,2.2548048,2.2006977
598,2.2025359,1.9795785,1.2261791,0.7797141,0.8186124,3.4661384,3.6843107,2.7324772,2.2546062,2.2005153
599,2.2042797,1.9807758,1.2267654,0.78019905,0.8189472,3.4659724,3.6841385,2.7322993,2.2544076,2.2003329
600,2.2060235,1.9819732,1.2273513,0.78068393,0.8192817,3.465806,3.6839662,2.7321215,2.2542083,2.2001507
601,2.2077668,1.9831704,1.2279372,0.7811686,0.8196166,3.46564,3.6837938,2.7319436,2.2540097,2.199968
602,2.20951,1.9843673,1.228523,0.7816535,0.8199513,3.4654741,3.6836212,2.7317662,2.253811,2.1997864
603,2.2112534,1.9855647,1.2291093,0.78213847,0.82028604,3.4653077,3.6834486,2.7315893,2.253612,2.199604
604,2.2129972,1.9867618,1.2296953,0.78262335,0.8206208,3.4651423,3.6832764,2.731411,2.2534127,2.1994221
605,2.2147408,1.9879591,1.2302814,0.7831083,0.8209555,3.4649763,3.683104,2.7312336,2.253214,2.1992393
606,2.2164836,1.9891559,1.2308669,0.783593,0.8212903,3.46481,3.6829307,2.7310557,2.2530153,2.1990573
607,2.218227,1.9903524,1.2314513,0.7840767,0.8216274,3.4646444,3.682759,2.7308788,2.2528148,2.1988757
608,2.2199697,1.9915483,1.2320361,0.7845601,0.82196444,3.4644785,3.682587,2.730702,2.2526147,2.1986945
609,2.2217133,1.9927441,1.2326207,0.7850437,0.82230145,3.464314,3.6824152,2.730525,2.2524147,2.1985123
610,2.2234564,1.9939404,1.2332053,0.7855273,0.8226385,3.464148,3.682243,2.730348,2.252214,2.1983309
611,2.2251992,1.9951363,1.2337892,0.7860105,0.8229756,3.4639835,3.6820707,2.730171,2.2520137,2.1981487
612,2.2269423,1.9963326,1.2343738,0.7864942,0.82331264,3.4638176,3.6818998,2.7299948,2.2518134,2.1979673
613,2.2287087,1.9975462,1.2349608,0.7869823,0.82366556,3.463645,3.6817217,2.7298117,2.2516036,2.197785
614,2.2304878,1.9987711,1.2355493,0.78747344,0.8240275,3.4634676,3.6815405,2.7296255,2.251389,2.1976016
615,2.232268,1.9999955,1.2361376,0.78796315,0.8243896,3.4632893,3.681359,2.7294393,2.251174,2.197418
616,2.2340493,2.0012205,1.2367263,0.78845006,0.8247517,3.463111,3.6811748,2.729251,2.2509584,2.1972332
617,2.2358332,2.0024471,1.2373164,0.78893954,0.8251147,3.4629326,3.680992,2.7290635,2.250744,2.197049
618,2.2376187,2.0036745,1.2379081,0.7894306,0.82547826,3.4627542,3.6808088,2.7288766,2.2505305,2.1968653
619,2.2394044,2.0049021,1.2384994,0.7899217,0.8258419,3.4625764,3.6806252,2.7286901,2.250317,2.1966813
620,2.24119,2.0061295,1.2390912,0.79041284,0.8262053,3.462398,3.680442,2.7285037,2.2501035,2.1964974
621,2.2429752,2.0073566,1.2396826,0.790904,0.8265689,3.4622202,3.680258,2.728317,2.2498899,2.1963139
622,2.2447605,2.0085838,1.2402738,0.79139495,0.82693255,3.4620428,3.680075,2.7281308,2.2496765,2.1961298
623,2.2465463,2.0098119,1.2408655,0.7918861,0.8272959,3.4618645,3.6798923,2.727944,2.249463,2.1959465
624,2.2483318,2.0110397,1.2414567,0.792377,0.8276596,3.4616866,3.6797092,2.727757,2.2492497,2.1957624
625,2.2501178,2.0122695,1.2420473,0.7928666,0.828023,3.4615064,3.6795256,2.7275686,2.2490344,2.1955776
626,2.2519023,2.0135036,1.2426379,0.79335225,0.8283876,3.4613237,3.679341,2.7273796,2.2488174,2.1953912
627,2.2536871,2.0147388,1.243228,0.7938377,0.8287526,3.4611406,3.679156,2.72719,2.248601,2.1952045
628,2.255473,2.0159729,1.2438185,0.7943233,0.82911736,3.460958,3.6789725,2.7270002,2.2483842,2.1950183
629,2.2572575,2.0172076,1.2444088,0.794809,0.8294825,3.460775,3.678788,2.726811,2.2481675,2.1948318
630,2.2590427,2.0184424,1.2449993,0.7952945,0.82984746,3.4605918,3.6786034,2.7266214,2.2479508,2.1946452
631,2.2608275,2.0196772,1.2455897,0.79578024,0.83021235,3.4604087,3.6784194,2.7264314,2.2477345,2.1944587
632,2.2626126,2.0209117,1.24618,0.7962657,0.8305773,3.460226,3.6782353,2.726242,2.2475176,2.1942723
633,2.264398,2.0221467,1.2467704,0.7967514,0.8309421,3.4600434,3.6780512,2.7260523,2.2473006,2.1940856
634,2.2661827,2.0233812,1.2473607,0.7972369,0.831307,3.4598608,3.6778665,2.725863,2.2470844,2.1938994
635,2.2679682,2.024616,1.2479513,0.7977227,0.8316721,3.4596777,3.6776822,2.7256737,2.246868,2.1937125
636,2.2697532,2.0258508,1.2485418,0.7982082,0.832037,3.459495,3.6774983,2.725484,2.2466507,2.1935263
637,2.271541,2.02709,1.249136,0.79869604,0.8324018,3.4593124,3.677316,2.7252953,2.2464352,2.1933403
638,2.273333,2.0283346,1.2497334,0.7991861,0.83276635,3.4591308,3.6771343,2.7251072,2.2462199,2.1931553
639,2.2751243,2.0295787,1.2503314,0.7996763,0.8331312,3.458949,3.6769521,2.7249188,2.2460048,2.1929698
640,2.2769158,2.0308232,1.2509286,0.80016625,0.8334958,3.458767,3.6767704,2.7247314,2.2457895,2.1927845
641,2.2787075,2.0320678,1.2515264,0.8006563,0.83386034,3.4585857,3.6765897,2.724543,2.2455742,2.1925993
642,2.280499,2.0333118,1.2521241,0.8011463,0.83422506,3.458404,3.6764073,2.7243552,2.2453592,2.1924138
643,2.2822747,2.034544,1.2527144,0.8016316,0.8345842,3.458219,3.6762207,2.7241676,2.2451391,2.1922262
644,2.2840376,2.0357652,1.2532983,0.80211276,0.83493817,3.4580297,3.6760294,2.72398,2.2449152,2.1920364
645,2.2857995,2.0369868,1.2538824,0.80259395,0.8352923,3.4578414,3.6758382,2.7237935,2.244691,2.1918466
646,2.2875626,2.0382082,1.2544665,0.8030751,0.8356463,3.457653,3.675647,2.7236063,2.2444663,2.191657
647,2.2893252,2.0394294,1.25505,0.80355597,0.8360003,3.4574647,3.6754563,2.7234192,2.2442424,2.1914675
648,2.2910876,2.0406508,1.2556343,0.8040373,0.8363544,3.4572754,3.675265,2.7232325,2.2440186,2.1912777
649,2.2928505,2.041872,1.2562184,0.80451846,0.8367086,3.4570875,3.6750739,2.7230453,2.2437944,2.191088
650,2.294613,2.0430934,1.2568026,0.80499953,0.8370626,3.4568987,3.6748827,2.7228584,2.2435699,2.1908982
651,2.2963758,2.0443149,1.2573864,0.80548066,0.83741665,3.4567103,3.6746924,2.722671,2.243346,2.1907084
652,2.2981377,2.0455363,1.2579706,0.8059618,0.8377708,3.4565215,3.6745007,2.7224844,2.2431216,2.1905184
653,2.299879,2.04674,1.2585435,0.8064381,0.83811575,3.4563317,3.674307,2.7222922,2.2428987,2.1903286
654,2.3016157,2.0479403,1.259114,0.8069133,0.8384589,3.4561424,3.6741147,2.7220984,2.242676,2.1901386
655,2.3033524,2.04914,1.2596834,0.8073876,0.8388023,3.4559507,3.6739206,2.7219045,2.2424526,2.1899486
656,2.3050835,2.0503397,1.2602463,0.80785495,0.83914655,3.4557571,3.6737247,2.7217114,2.2422276,2.1897552
657,2.306815,2.051539,1.260809,0.80832225,0.83949053,3.455564,3.6735275,2.7215176,2.2420015,2.1895626
658,2.3085463,2.0527382,1.261372,0.8087897,0.8398347,3.4553695,3.6733313,2.721324,2.241776,2.1893697
659,2.3102775,2.053937,1.2619343,0.8092573,0.84017867,3.4551759,3.6731336,2.7211304,2.2415504,2.1891763
660,2.3120089,2.055134,1.262497,0.80972624,0.8405216,3.4549809,3.6729364,2.7209365,2.2413247,2.1889842
661,2.3137403,2.0563307,1.2630591,0.8101951,0.8408644,3.4547868,3.6727393,2.7207415,2.241099,2.1887913
662,2.315472,2.0575275,1.2636213,0.8106639,0.8412074,3.4545922,3.6725419,2.720548,2.2408733,2.1885982
663,2.317203,2.058724,1.2641833,0.8111326,0.84155035,3.4543977,3.6723454,2.7203538,2.2406478,2.1884058
664,2.3189347,2.0599208,1.2647457,0.8116014,0.8418932,3.4542031,3.672148,2.7201595,2.2404222,2.1882126
665,2.3206656,2.0611174,1.2653077,0.8120703,0.8422362,3.4540086,3.6719508,2.7199652,2.2401962,2.1880202
666,2.3223975,2.062314,1.2658702,0.81253916,0.842579,3.4538136,3.6717532,2.7197707,2.2399707,2.1878273
667,2.324129,2.0635111,1.2664323,0.81300807,0.8429219,3.4536195,3.671556,2.7195768,2.2397454,2.1876347
668,2.325862,2.0647068,1.2670002,0.81347835,0.84326625,3.4534245,3.6713583,2.7193778,2.2395184,2.1874409
669,2.327595,2.0659032,1.2675695,0.8139495,0.8436107,3.45323,3.6711595,2.7191787,2.2392905,2.1872468
670,2.3293285,2.067099,1.2681389,0.81442076,0.8439554,3.4530358,3.6709616,2.7189794,2.2390628,2.187053
671,2.3310618,2.0682955,1.2687085,0.8148919,0.8443,3.4528418,3.6707635,2.71878,2.238835,2.1868596
672,2.3327954,2.0694916,1.2692778,0.81536305,0.84464455,3.4526477,3.6705647,2.7185802,2.2386074,2.1866658
673,2.3345284,2.0706878,1.2698479,0.8158342,0.8449894,3.4524531,3.670367,2.7183814,2.23838,2.1864715
674,2.3362613,2.071885,1.2704203,0.8163057,0.84533554,3.452259,3.67017,2.718185,2.238154,2.186278
675,2.3379931,2.073082,1.270993,0.81677735,0.84568137,3.452065,3.6699731,2.7179892,2.237928,2.186085
676,2.339772,2.0743103,1.27157,0.81725615,0.8460328,3.4518557,3.6697586,2.7177804,2.2376876,2.1858795
677,2.341583,2.0755606,1.2721508,0.8177399,0.8463878,3.4516354,3.6695325,2.7175653,2.2374365,2.1856654
678,2.3433938,2.0768104,1.2727313,0.81822354,0.8467428,3.451416,3.669306,2.7173495,2.2371855,2.1854515
679,2.3452044,2.0780604,1.273312,0.81870717,0.8470976,3.4511957,3.6690803,2.717134,2.2369347,2.1852376
680,2.3470159,2.0793104,1.2738926,0.8191909,0.8474529,3.450976,3.6688542,2.7169182,2.236684,2.1850235
681,2.348827,2.0805602,1.2744732,0.81967455,0.84780794,3.450756,3.6686285,2.716703,2.236433,2.1848092
682,2.350638,2.0818105,1.275054,0.8201584,0.84816295,3.4505367,3.6684024,2.716487,2.236182,2.1845953
683,2.3524485,2.08306,1.2756345,0.820642,0.84851795,3.4503164,3.668176,2.7162712,2.2359312,2.1843815
684,2.3542595,2.0843105,1.2762153,0.82112575,0.8488729,3.450097,3.66795,2.7160563,2.2356803,2.1841679
685,2.35607,2.08556,1.2767959,0.8216093,0.8492279,3.4498763,3.667724,2.71584,2.2354293,2.1839528
686,2.3578808,2.0868106,1.2773765,0.822093,0.8495829,3.4496574,3.6674974,2.7156246,2.235179,2.1837394
687,2.3596923,2.0880604,1.277957,0.82257676,0.849938,3.4494371,3.6672716,2.7154086,2.2349277,2.1835253
688,2.3615026,2.0893102,1.2785375,0.82306045,0.8502931,3.4492173,3.6670463,2.715193,2.234677,2.183311
689,2.3633132,2.0905604,1.2791183,0.82354414,0.850648,3.448997,3.666819,2.7149773,2.2344258,2.1830976
690,2.365125,2.0918102,1.2796991,0.82402784,0.85100305,3.4487782,3.6665933,2.7147617,2.2341754,2.1828833
691,2.3669362,2.0930605,1.2802796,0.8245116,0.8513582,3.4485574,3.6663673,2.7145467,2.2339242,2.1826692
692,2.3687465,2.0943098,1.2808602,0.8249953,0.851713,3.4483376,3.6661417,2.7143304,2.2336733,2.182455
693,2.3705568,2.0955603,1.2814407,0.82547885,0.8520682,3.4481187,3.6659148,2.7141151,2.2334223,2.1822412
694,2.3723683,2.0968103,1.2820216,0.82596254,0.85242313,3.4478984,3.6656888,2.7138996,2.2331712,2.1820273
695,2.3741791,2.0980601,1.2826021,0.8264463,0.8527782,3.4476786,3.6654627,2.7136836,2.2329211,2.181813
696,2.37599,2.0993102,1.2831829,0.8269299,0.8531333,3.4474578,3.6652365,2.713468,2.23267,2.181599
697,2.3778007,2.1005602,1.2837636,0.8274137,0.8534883,3.447239,3.665011,2.7132525,2.2324195,2.181385
698,2.379612,2.10181,1.284344,0.8278973,0.85384333,3.4470186,3.6647844,2.7130368,2.2321684,2.1811712
699,2.381423,2.1030602,1.2849247,0.82838106,0.8541984,3.4467988,3.6645582,2.712821,2.2319174,2.1809568
700,2.383234,2.1043105,1.2855055,0.8288647,0.8545535,3.4465795,3.6643322,2.712606,2.2316668,2.180743
701,2.3850446,2.1055603,1.286086,0.82934844,0.85490847,3.4463592,3.6641061,2.7123904,2.2314155,2.1805289
702,2.3868556,2.10681,1.2866666,0.8298322,0.8552634,3.4461393,3.66388,2.712174,2.2311645,2.180315
703,2.388649,2.1080525,1.2872419,0.8303075,0.8556111,3.445918,3.6636531,2.7119584,2.230913,2.1801014
704,2.3904321,2.1092906,1.2878144,0.83077866,0.8559551,3.4456968,3.6634257,2.7117429,2.2306595,2.1798887
705,2.3922167,2.1105294,1.2883868,0.8312498,0.856299,3.4454756,3.6631973,2.7115266,2.230406,2.1796749
706,2.394,2.111768,1.2889595,0.8317207,0.85664296,3.4452538,3.6629689,2.7113106,2.2301533,2.1794615
707,2.3957846,2.113006,1.289532,0.83219194,0.85698676,3.4450326,3.6627414,2.7110949,2.2299006,2.1792486
708,2.3975685,2.1142447,1.2901044,0.8326629,0.8573309,3.4448113,3.662513,2.7108788,2.2296474,2.1790354
709,2.399352,2.1154828,1.2906766,0.8331339,0.85767484,3.4445891,3.6622849,2.7106628,2.229395,2.1788218
710,2.4011354,2.1167212,1.2912495,0.833605,0.85801864,3.444368,3.6620572,2.7104468,2.2291415,2.178609
711,2.40292,2.1179595,1.2918217,0.83407605,0.85836256,3.4441466,3.6618297,2.710231,2.2288885,2.1783957
712,2.4047039,2.1191978,1.2923944,0.8345471,0.8587066,3.4439254,3.6616013,2.7100146,2.228636,2.1781824
713,2.4064832,2.1204357,1.2929642,0.83501405,0.859051,3.4437027,3.661372,2.7097983,2.2283826,2.177969
714,2.4082527,2.1216722,1.2935295,0.83547336,0.85939544,3.4434786,3.6611397,2.7095802,2.228128,2.1777556
715,2.4100227,2.1229088,1.2940953,0.8359327,0.85974,3.4432545,3.660908,2.709363,2.2278738,2.1775424
716,2.4117932,2.1241455,1.2946608,0.8363921,0.8600847,3.4430308,3.6606758,2.7091453,2.2276194,2.1773293
717,2.4135633,2.1253822,1.2952265,0.8368516,0.86042947,3.4428062,3.6604438,2.7089272,2.2273648,2.1771164
718,2.4153335,2.1266193,1.2957921,0.83731115,0.860774,3.4425826,3.6602113,2.7087097,2.2271104,2.176903
719,2.4171033,2.1278553,1.2963574,0.83777034,0.86111844,3.4423585,3.6599789,2.708492,2.2268562,2.1766896
720,2.418873,2.1290922,1.2969232,0.83822995,0.8614634,3.4421344,3.659747,2.7082744,2.2266014,2.1764765
721,2.4206438,2.1303287,1.2974889,0.83868927,0.86180776,3.4419103,3.6595156,2.708057,2.2263474,2.176263
722,2.4224136,2.1315656,1.298054,0.8391487,0.8621526,3.4416866,3.6592824,2.707839,2.226093,2.1760497
723,2.4241846,2.1328025,1.29862,0.8396082,0.86249715,3.4414625,3.6590502,2.7076216,2.2258387,2.1758368
724,2.4259543,2.134039,1.2991853,0.8400677,0.86284184,3.4412384,3.658818,2.7074034,2.225585,2.1756237
725,2.4277248,2.1352756,1.2997508,0.840527,0.8631864,3.4410148,3.6585863,2.707186,2.2253299,2.1754103
726,2.4294944,2.136512,1.3003166,0.8409864,0.863531,3.4407902,3.6583536,2.7069683,2.2250752,2.1751976
727,2.4312646,2.1377492,1.300882,0.84144586,0.86387557,3.4405656,3.6581213,2.7067509,2.2248209,2.1749842
728,2.4330373,2.138987,1.3014493,0.84190637,0.8642199,3.4403424,3.6578896,2.706533,2.2245662,2.1747708
729,2.4348161,2.1402307,1.3020208,0.84237,0.86456263,3.4401207,3.6576583,2.706317,2.22431,2.1745567
730,2.436596,2.1414742,1.3025928,0.8428336,0.86490536,3.439898,3.6574259,2.7061012,2.2240534,2.1743429
731,2.4383752,2.1427176,1.3031647,0.8432971,0.86524796,3.4396758,3.657195,2.7058845,2.2237968,2.174129
732,2.4401543,2.143961,1.3037364,0.8437608,0.8655907,3.439454,3.6569626,2.7056682,2.2235408,2.1739151
733,2.441934,2.145204,1.3043084,0.8442245,0.8659334,3.4392319,3.6567318,2.705452,2.2232842,2.1737008
734,2.4437127,2.1464472,1.3048801,0.84468806,0.86627614,3.4390097,3.6564996,2.7052362,2.2230277,2.1734872
735,2.445497,2.147696,1.3054509,0.8451482,0.86661834,3.4387846,3.656264,2.7050164,2.2227664,2.1732705
736,2.4472833,2.1489472,1.3060215,0.84560764,0.86696076,3.4385576,3.6560256,2.7047968,2.222504,2.173053
737,2.449069,2.150198,1.3065922,0.846067,0.86730313,3.4383316,3.6557884,2.7045772,2.2222414,2.1728356
738,2.4508548,2.1514482,1.307163,0.8465262,0.86764544,3.4381046,3.65555,2.7043567,2.2219784,2.172618
739,2.4526405,2.1526985,1.307733,0.84698546,0.86798763,3.4378781,3.6553128,2.7041364,2.2217162,2.1724002
740,2.4544263,2.1539495,1.3083038,0.84744453,0.8683299,3.4376516,3.6550748,2.7039158,2.2214537,2.1721823
741,2.456212,2.1552,1.3088741,0.84790385,0.8686724,3.4374251,3.654837,2.7036958,2.2211914,2.1719654
742,2.4579978,2.1564503,1.3094449,0.8483632,0.86901456,3.437199,3.6545994,2.703476,2.2209287,2.171748
743,2.4597843,2.157701,1.3100154,0.84882236,0.8693569,3.4369726,3.6543624,2.7032557,2.220666,2.17153
744,2.4615693,2.1589518,1.3105857,0.8492816,0.8696991,3.4367456,3.6541235,2.7030363,2.220404,2.1713126
745,2.463355,2.1602025,1.3111567,0.84974086,0.8700415,3.4365191,3.6538856,2.702816,2.2201407,2.171095
746,2.4651306,2.1614437,1.3117213,0.8501956,0.8703832,3.4362926,3.6536481,2.7025936,2.2198787,2.1708777
747,2.466904,2.162684,1.3122842,0.85064894,0.8707246,3.4360652,3.65341,2.7023711,2.2196162,2.170661
748,2.468677,2.163923,1.3128476,0.8511024,0.8710662,3.4358387,3.6531718,2.702149,2.2193537,2.1704433
749,2.470449,2.1651626,1.3134106,0.8515559,0.87140757,3.4356122,3.6529334,2.7019267,2.219091,2.1702266
750,2.4722219,2.166402,1.3139739,0.85200936,0.8717492,3.4353848,3.652695,2.7017045,2.2188287,2.1700091
751,2.4739943,2.1676414,1.314537,0.8524628,0.8720909,3.4351583,3.6524565,2.7014823,2.2185667,2.1697922
752,2.4757676,2.1688812,1.3151002,0.85291636,0.8724324,3.4349313,3.6522186,2.7012599,2.218304,2.1695745
753,2.4775405,2.1701207,1.3156633,0.8533699,0.87277395,3.4347048,3.6519806,2.701038,2.2180417,2.1693575
754,2.4793136,2.1713605,1.3162267,0.85382336,0.87311536,3.4344773,3.6517422,2.7008147,2.217779,2.1691403
755,2.4810855,2.1725998,1.3167896,0.85427654,0.8734569,3.4342508,3.6515043,2.7005923,2.217517,2.1689231
756,2.4828591,2.1738393,1.317353,0.85473025,0.8737986,3.4340243,3.6512654,2.7003703,2.2172542,2.1687062
757,2.4846315,2.1750784,1.3179159,0.8551838,0.87414014,3.4337974,3.651028,2.700148,2.216992,2.1684887
758,2.4864044,2.1763182,1.3184793,0.85563725,0.8744816,3.43357,3.650789,2.6999257,2.216729,2.1682718
759,2.4881768,2.177558,1.3190423,0.85609055,0.8748232,3.433343,3.6505516,2.6997032,2.216467,2.1680548
760,2.4899502,2.1787972,1.3196056,0.8565442,0.8751647,3.4331174,3.6503131,2.699481,2.216205,2.1678371
761,2.4917226,2.1800365,1.320169,0.85699755,0.8755062,3.43289,3.6500742,2.699258,2.2159417,2.1676204
762,2.4934835,2.1812763,1.3207316,0.8574514,0.8758407,3.4326649,3.6498368,2.699038,2.215683,2.1674044
763,2.4952402,2.1825163,1.3212941,0.85790545,0.8761729,3.4324417,3.6495996,2.6988173,2.2154255,2.1671894
764,2.4969974,2.1837566,1.3218572,0.8583595,0.8765052,3.4322186,3.6493616,2.6985972,2.215167,2.1669748
765,2.498754,2.1849961,1.3224199,0.85881364,0.8768372,3.4319954,3.649124,2.6983767,2.2149098,2.1667595
766,2.5005112,2.1862369,1.3229823,0.85926765,0.8771693,3.4317713,3.6488867,2.6981564,2.214652,2.1665442
767,2.5022683,2.1874766,1.3235455,0.85972166,0.87750167,3.4315472,3.64865,2.697936,2.214394,2.166329
768,2.5040247,2.1887164,1.3241081,0.86017567,0.87783384,3.431324,3.6484115,2.697716,2.2141366,2.1661143
769,2.5057814,2.1899567,1.3246709,0.86062986,0.8781659,3.4311,3.648174,2.6974952,2.2138786,2.1658993
770,2.5075383,2.1911964,1.3252333,0.8610837,0.878498,3.4308767,3.6479366,2.6972742,2.2136207,2.165684
771,2.5092957,2.1924367,1.3257964,0.8615379,0.8788303,3.430653,3.6476982,2.6970544,2.213363,2.1654687
772,2.5110521,2.1936765,1.3263589,0.8619918,0.87916243,3.430429,3.6474612,2.696834,2.213105,2.1652536
773,2.512809,2.1949162,1.3269217,0.8624458,0.8794946,3.4302049,3.6472237,2.6966138,2.2128477,2.1650388
774,2.5145664,2.1961565,1.3274846,0.8629,0.8798267,3.4299817,3.6469858,2.6963935,2.2125897,2.1648238
775,2.5163226,2.197396,1.3280469,0.8633539,0.88015896,3.429758,3.6467483,2.6961732,2.2123318,2.1646087
776,2.51808,2.198636,1.3286102,0.86380804,0.88049126,3.429535,3.6465104,2.6959524,2.212074,2.1643937
777,2.519837,2.1998763,1.3291728,0.8642621,0.88082325,3.4293118,3.646273,2.6957328,2.211816,2.1641786
778,2.521594,2.201116,1.3297355,0.8647161,0.8811556,3.4290872,3.6460347,2.6955118,2.2115583,2.1639633
779,2.5233512,2.2023563,1.330298,0.86517006,0.8814876,3.4288645,3.6457973,2.6952915,2.2113004,2.1637483
780,2.5251074,2.203596,1.3308609,0.86562407,0.8818198,3.4286404,3.64556,2.6950712,2.211043,2.1635327
781,2.5268643,2.204836,1.3314238,0.8660783,0.882152,3.4284163,3.645322,2.6948504,2.2107854,2.163318
782,2.5286212,2.2060761,1.3319864,0.86653227,0.88248426,3.4281926,3.645085,2.6946304,2.2105274,2.1631029
783,2.5303779,2.207316,1.3325491,0.86698633,0.8828163,3.4279695,3.6448472,2.6944108,2.2102695,2.1628878
784,2.5321352,2.2085564,1.333112,0.8674404,0.88314855,3.4277458,3.6446092,2.6941898,2.2100122,2.1626725
785,2.5338922,2.2097964,1.3336747,0.86789423,0.8834808,3.4275222,3.644372,2.693969,2.2097538,2.1624575
786,2.5356488,2.2110362,1.3342376,0.8683483,0.88381284,3.427298,3.6441343,2.6937487,2.2094963,2.1622424
787,2.5374055,2.212276,1.3348002,0.8688024,0.8841449,3.427075,3.6438966,2.6935287,2.2092385,2.1620276
788,2.5391634,2.2135162,1.3353629,0.8692567,0.88447726,3.4268513,3.6436589,2.6933084,2.2089806,2.1618125
789,2.5409203,2.214756,1.3359256,0.86971176,0.8848095,3.4266286,3.6434224,2.693088,2.2087238,2.1615973
790,2.5426784,2.2159958,1.3364887,0.8701673,0.88514185,3.4264064,3.6431859,2.6928687,2.2084675,2.1613817
791,2.544436,2.217236,1.3370516,0.87062293,0.88547426,3.4261837,3.6429489,2.6926496,2.2082107,2.1611664
792,2.5461934,2.218476,1.337614,0.87107855,0.8858067,3.425962,3.642713,2.69243,2.207954,2.1609507
793,2.547951,2.2197165,1.3381772,0.87153417,0.886139,3.4257398,3.6424758,2.6922102,2.2076974,2.1607356
794,2.5497086,2.220956,1.3387399,0.8719898,0.8864712,3.4255176,3.6422396,2.6919909,2.2074409,2.1605203
795,2.5514665,2.222196,1.3393025,0.8724452,0.8868034,3.4252954,3.6420033,2.6917715,2.2071848,2.1603048
796,2.553224,2.2234359,1.3398653,0.8729008,0.88713586,3.4250727,3.6417663,2.6915524,2.2069283,2.1600893
797,2.554982,2.2246761,1.3404284,0.8733564,0.88746816,3.424851,3.6415298,2.691332,2.2066717,2.1598742
798,2.5567393,2.2259161,1.3409915,0.87381226,0.88780063,3.4246287,3.6412928,2.691113,2.2064145,2.1596587
799,2.5584972,2.2271562,1.3415542,0.8742678,0.88813287,3.4244065,3.6410568,2.6908927,2.2061584,2.159443
800,2.5602567,2.2283971,1.3421178,0.8747238,0.8884647,3.4241848,3.6408212,2.6906722,2.2059028,2.1592288
801,2.562024,2.2296402,1.3426845,0.8751807,0.88879526,3.423962,3.6405873,2.6904466,2.205648,2.1590168
802,2.5637887,2.2308822,1.3432498,0.8756361,0.889124,3.4237394,3.6403525,2.690219,2.2053938,2.158806
803,2.5655525,2.232124,1.3438151,0.87609166,0.88945246,3.4235168,3.6401186,2.6899915,2.2051392,2.158595
804,2.5673165,2.233365,1.3443804,0.8765472,0.88978136,3.423294,3.6398842,2.689764,2.2048848,2.1583843
805,2.5690804,2.2346077,1.3449459,0.8770028,0.89010984,3.4230714,3.6396499,2.689537,2.2046304,2.158173
806,2.5708447,2.2358491,1.3455112,0.8774583,0.8904383,3.4228482,3.639415,2.6893098,2.204376,2.1579623
807,2.5726092,2.2370903,1.3460763,0.8779136,0.89076686,3.422626,3.6391807,2.6890824,2.2041216,2.1577513
808,2.5743737,2.2383323,1.3466418,0.8783691,0.8910954,3.4224029,3.6389468,2.688855,2.2038672,2.1575403
809,2.5761375,2.2395744,1.3472068,0.8788247,0.89142406,3.4221802,3.6387124,2.6886277,2.203613,2.1573298
810,2.5779023,2.240816,1.3477731,0.87928075,0.89175296,3.4219575,3.6384785,2.6884003,2.2033584,2.157119
811,2.5796669,2.2420602,1.3483403,0.87973684,0.8920827,3.4217339,3.638243,2.6881714,2.2031038,2.1569088
812,2.5814304,2.2433047,1.348908,0.8801935,0.8924126,3.4215102,3.638007,2.687942,2.2028487,2.1566982
813,2.5831933,2.2445493,1.3494751,0.88064975,0.8927426,3.4212866,3.6377718,2.6877124,2.202593,2.1564882
814,2.5849576,2.2457943,1.3500426,0.8811063,0.89307237,3.4210625,3.6375358,2.6874833,2.2023377,2.1562777
815,2.5867214,2.247039,1.35061,0.88156265,0.8934025,3.4208393,3.6373,2.687254,2.2020824,2.1560678
816,2.5884848,2.2482836,1.3511772,0.8820191,0.89373237,3.4206157,3.6370637,2.6870253,2.2018273,2.1558573
817,2.5902476,2.249528,1.3517447,0.88247555,0.89406216,3.420393,3.6368282,2.686796,2.2015717,2.1556475
818,2.5920122,2.2507732,1.3523118,0.882932,0.89439225,3.4201684,3.6365924,2.6865668,2.2013164,2.1554368
819,2.5937755,2.2520175,1.3528793,0.88338846,0.8947221,3.4199448,3.6363568,2.686337,2.2010612,2.1552267
820,2.5955389,2.2532618,1.3534467,0.8838449,0.8950521,3.4197216,3.636121,2.6861079,2.200806,2.1550164
821,2.5973027,2.2545066,1.3540142,0.8843011,0.89538175,3.4194975,3.6358852,2.6858788,2.2005503,2.1548061
822,2.5990658,2.2557511,1.3545814,0.8847578,0.8957118,3.4192743,3.6356494,2.6856492,2.2002947,2.1545956
823,2.6008306,2.256996,1.3551488,0.88521415,0.8960417,3.4190512,3.6354134,2.68542,2.20004,2.1543856
824,2.602596,2.2582407,1.3557184,0.8856723,0.8963702,3.4188256,3.6351779,2.6851897,2.199784,2.1541753
825,2.6043622,2.259485,1.3562877,0.8861307,0.8966987,3.4186006,3.6349418,2.68496,2.1995282,2.153965
826,2.6061275,2.2607296,1.3568575,0.8865887,0.8970272,3.418375,3.6347058,2.6847298,2.1992729,2.1537542
827,2.6078937,2.2619739,1.3574271,0.8870472,0.89735556,3.418149,3.6344697,2.6844997,2.199017,2.1535447
828,2.6096597,2.2632184,1.3579967,0.8875054,0.89768374,3.417924,3.6342342,2.6842701,2.1987612,2.1533344
829,2.611426,2.2644627,1.3585663,0.8879637,0.89801234,3.4176989,3.6339984,2.6840398,2.1985059,2.1531239
830,2.6131926,2.2657073,1.3591359,0.888422,0.89834076,3.4174743,3.6337626,2.68381,2.1982505,2.1529133
831,2.6149585,2.266952,1.3597054,0.8888802,0.89866924,3.4172487,3.6335263,2.6835797,2.1979952,2.152703
832,2.6167245,2.2681963,1.360275,0.8893386,0.89899755,3.4170227,3.6332905,2.6833498,2.1977391,2.1524928
833,2.6184907,2.2694407,1.3608449,0.88979673,0.8993259,3.4167976,3.6330545,2.6831195,2.1974835,2.152283
834,2.6202567,2.270685,1.3614143,0.89025503,0.89965445,3.4165726,3.6328185,2.68289,2.197228,2.1520724
835,2.6220229,2.2719293,1.3619839,0.89071345,0.899983,3.4163475,3.6325824,2.6826596,2.1969721,2.151862
836,2.6237888,2.2731736,1.3625534,0.8911716,0.9003111,3.4161215,3.6323469,2.6824296,2.1967168,2.1516516
837,2.6255543,2.2744179,1.363123,0.8916299,0.9006397,3.4158964,3.6321108,2.6821992,2.196461,2.1514418
838,2.6273208,2.275663,1.3636928,0.8920881,0.9009682,3.4156713,3.6318746,2.6819692,2.1962054,2.151231
839,2.6290877,2.2769074,1.3642625,0.8925464,0.90129656,3.4154458,3.6316383,2.6817393,2.19595,2.1510208
840,2.6308544,2.278154,1.3648314,0.8930024,0.901626,3.4152203,3.6314023,2.6815095,2.1956944,2.1508112
841,2.6326094,2.2793927,1.3653903,0.89344585,0.90195525,3.4149952,3.631166,2.6812768,2.1954417,2.150604
842,2.6343503,2.280621,1.3659444,0.8938846,0.9022788,3.414772,3.6309297,2.6810467,2.1951892,2.1503983
843,2.6360817,2.2818432,1.3664968,0.8943215,0.90259814,3.4145494,3.6306932,2.6808164,2.194938,2.150194
844,2.6378133,2.2830653,1.367049,0.8947581,0.90291715,3.4143257,3.6304567,2.6805863,2.1946864,2.1499894
845,2.6395452,2.2842884,1.3676012,0.8951952,0.9032363,3.414102,3.6302207,2.680356,2.1944342,2.1497853
846,2.6412773,2.2855105,1.3681538,0.89563185,0.9035554,3.413879,3.6299844,2.6801267,2.194183,2.1495807
847,2.6430082,2.2867324,1.3687057,0.8960685,0.9038745,3.4136562,3.6297483,2.6798966,2.1939316,2.1493762
848,2.64474,2.287955,1.3692582,0.8965053,0.9041935,3.413433,3.629512,2.679667,2.1936798,2.149172
849,2.646472,2.2891774,1.3698103,0.8969422,0.9045127,3.4132094,3.629276,2.6794364,2.1934285,2.1489675
850,2.6482096,2.290402,1.3703635,0.8973799,0.90483147,3.4129848,3.629038,2.679206,2.1931741,2.1487622
851,2.6499524,2.2916284,1.3709168,0.8978181,0.90514994,3.4127588,3.6287978,2.6789744,2.1929183,2.1485553
852,2.6516953,2.2928543,1.3714705,0.8982565,0.90546846,3.4125314,3.628558,2.6787422,2.1926625,2.1483488
853,2.653439,2.2940807,1.372024,0.8986948,0.90578693,3.4123054,3.6283176,2.6785104,2.1924062,2.1481423
854,2.6551821,2.2953076,1.3725772,0.89913315,0.90610623,3.4120793,3.6280787,2.6782796,2.19215,2.1479356
855,2.6569252,2.2965345,1.3731306,0.89957106,0.9064262,3.4118533,3.6278386,2.6780481,2.1918945,2.1477296
856,2.6586752,2.297766,1.3736866,0.9000116,0.9067482,3.4116292,3.627601,2.6778164,2.1916394,2.1475234
857,2.6604326,2.2990024,1.3742464,0.90045494,0.90707177,3.4114075,3.6273656,2.6775842,2.191386,2.1473181
858,2.662189,2.300239,1.3748066,0.9008983,0.9073957,3.4111867,3.6271303,2.677352,2.191132,2.1471128
859,2.6639464,2.301475,1.3753667,0.90134144,0.90771973,3.4109645,3.6268957,2.6771195,2.1908784,2.1469076
860,2.665703,2.3027115,1.3759265,0.90178496,0.9080435,3.4107432,3.6266603,2.6768875,2.1906245,2.146702
861,2.66746,2.3039484,1.3764868,0.9022282,0.9083673,3.4105225,3.6264253,2.6766553,2.190371,2.1464965
862,2.6692173,2.3051844,1.3770466,0.9026715,0.90869117,3.4103012,3.626191,2.6764226,2.1901171,2.1462908
863,2.6709743,2.306421,1.3776066,0.9031149,0.90901506,3.410079,3.6259558,2.6761904,2.189863,2.1460857
864,2.6727314,2.307658,1.3781667,0.90355825,0.9093388,3.4098573,3.6257207,2.6759574,2.1896093,2.1458802
865,2.674488,2.3088942,1.3787267,0.9040015,0.9096626,3.4096365,3.6254854,2.6757262,2.1893556,2.1456747
866,2.6762455,2.3101308,1.3792872,0.904445,0.9099866,3.4094157,3.6252506,2.6754935,2.1891022,2.1454694
867,2.6780016,2.311367,1.3798468,0.9048881,0.9103103,3.4091935,3.6250155,2.6752613,2.1888483,2.1452646
868,2.679759,2.312604,1.3804071,0.90533143,0.9106343,3.4089723,3.6247814,2.675029,2.188594,2.1450589
869,2.681517,2.3138404,1.3809669,0.9057749,0.9109581,3.408751,3.624545,2.6747966,2.188341,2.1448534
870,2.6832736,2.3150764,1.3815267,0.9062181,0.9112819,3.4085302,3.6243103,2.6745646,2.188087,2.1446476
871,2.6850307,2.3163133,1.382087,0.90666157,0.9116056,3.408308,3.624076,2.6743324,2.1878333,2.1444423
872,2.6867874,2.3175495,1.3826473,0.90710485,0.91192955,3.4080868,3.62384,2.6741002,2.187579,2.1442375
873,2.6885443,2.3187861,1.3832071,0.90754807,0.9122535,3.4078655,3.6236057,2.6738677,2.1873255,2.144032
874,2.6903014,2.3200223,1.3837671,0.90799147,0.9125772,3.4076438,3.6233706,2.6736355,2.1870718,2.1438267
875,2.6920583,2.3212593,1.3843272,0.90843475,0.9129011,3.4074225,3.6231349,2.6734035,2.186818,2.143621
876,2.6938157,2.3224955,1.384887,0.90887815,0.9132249,3.4072008,3.6229002,2.6731713,2.1865642,2.1434157
877,2.6955726,2.3237317,1.385447,0.90932137,0.9135486,3.40698,3.6226652,2.6729383,2.1863105,2.1432104
878,2.6973293,2.3249686,1.3860071,0.9097648,0.9138726,3.4067583,3.6224298,2.6727066,2.1860566,2.143005
879,2.6990888,2.3262067,1.3865697,0.91020995,0.91419524,3.4065385,3.622196,2.6724746,2.1858037,2.1428
880,2.7008533,2.3274505,1.3871384,0.9106595,0.914515,3.4063215,3.6219637,2.672244,2.1855516,2.1425967
881,2.7026172,2.3286934,1.387707,0.9111089,0.9148348,3.4061046,3.6217322,2.672014,2.1852996,2.1423934
882,2.7043815,2.3299365,1.3882754,0.91155833,0.9151544,3.4058876,3.6214998,2.6717834,2.1850479,2.1421905
883,2.7061455,2.33118,1.3888438,0.9120076,0.91547406,3.4056702,3.6212676,2.6715531,2.1847966,2.1419866
884,2.7079103,2.332424,1.3894124,0.91245705,0.9157938,3.4054537,3.6210358,2.6713226,2.1845446,2.1417835
885,2.7096748,2.3336668,1.389981,0.91290635,0.9161134,3.4052372,3.6208026,2.6710918,2.1842928,2.1415803
886,2.7114394,2.3349102,1.3905497,0.9133561,0.9164333,3.4050198,3.620571,2.6708612,2.1840405,2.1413767
887,2.7132025,2.3361535,1.3911183,0.9138054,0.9167529,3.4048033,3.6203392,2.670631,2.1837893,2.1411731
888,2.7149673,2.3373964,1.3916867,0.9142547,0.9170725,3.4045863,3.6201062,2.6704001,2.183537,2.1409705
889,2.7167313,2.3386397,1.3922551,0.914704,0.9173922,3.4043689,3.6198747,2.6701703,2.1832857,2.1407669
890,2.7184954,2.3398833,1.3928237,0.9151535,0.9177121,3.4041524,3.619642,2.6699393,2.1830335,2.1405632
891,2.7202587,2.341126,1.3933918,0.9156027,0.9180314,3.403935,3.61941,2.669709,2.1827817,2.1403599
892,2.722015,2.3423653,1.3939593,0.9160498,0.9183478,3.4037185,3.6191769,2.6694784,2.182531,2.1401548
893,2.7237694,2.3436038,1.394526,0.9164967,0.9186642,3.4035006,3.618944,2.6692476,2.1822796,2.13995
894,2.7255259,2.3448434,1.3950937,0.9169436,0.91898084,3.4032836,3.6187117,2.6690176,2.1820288,2.1397448
895,2.727281,2.3460817,1.3956606,0.91739047,0.91929734,3.4030657,3.6184785,2.6687863,2.181778,2.13954
896,2.7290366,2.3473213,1.3962281,0.91783756,0.919614,3.4028487,3.618246,2.668556,2.1815262,2.139335
897,2.730795,2.3485615,1.3967955,0.9182858,0.91993076,3.4026303,3.6180122,2.6683245,2.1812744,2.1391304
898,2.7325656,2.3498147,1.3973656,0.91874367,0.9202502,3.4024057,3.6177697,2.6680856,2.1810164,2.1389263
899,2.7343378,2.3510673,1.3979361,0.91920155,0.9205698,3.4021802,3.6175275,2.6678476,2.180757,2.1387222
900,2.7361102,2.3523226,1.3985131,0.9196619,0.92088467,3.4019551,3.6172874,2.6676106,2.1804988,2.1385221
901,2.7378807,2.3535776,1.3990922,0.9201228,0.9211983,3.401731,3.6170485,2.6673746,2.1802409,2.1383233
902,2.7396522,2.3548334,1.3996713,0.9205839,0.92151165,3.401507,3.616809,2.6671383,2.179983,2.138125
903,2.741425,2.3560903,1.4002521,0.92104626,0.9218248,3.4012823,3.6165712,2.6669025,2.1797247,2.1379275
904,2.7431993,2.3573494,1.4008353,0.9215099,0.92213696,3.4010563,3.6163342,2.6666663,2.1794662,2.1377318
905,2.7449741,2.358608,1.4014187,0.9219738,0.9224492,3.4008327,3.6160977,2.6664288,2.1792078,2.1375358
906,2.746749,2.3598666,1.4020019,0.9224377,0.9227613,3.400607,3.6158602,2.6661925,2.17895,2.13734
907,2.7485247,2.3611255,1.4025862,0.922902,0.92307365,3.400383,3.615624,2.6659555,2.1786911,2.137144
908,2.7503023,2.3623834,1.4031739,0.92336816,0.9233851,3.4001575,3.6153889,2.6657162,2.1784313,2.13695
909,2.7520804,2.3636413,1.4037616,0.9238342,0.9236969,3.3999324,3.615153,2.665477,2.1781714,2.136756
910,2.7538586,2.3648992,1.4043496,0.9243004,0.92400867,3.3997078,3.6149185,2.6652384,2.1779113,2.1365616
911,2.755637,2.3661573,1.4049375,0.9247666,0.9243202,3.3994827,3.6146824,2.6649985,2.1776516,2.136367
912,2.7574153,2.3674154,1.405525,0.92523265,0.92463183,3.3992577,3.614448,2.6647596,2.1773918,2.1361732
913,2.7591934,2.3686733,1.4061129,0.92569876,0.9249437,3.399032,3.6142123,2.6645207,2.1771321,2.1359787
914,2.760971,2.3699312,1.4067008,0.9261649,0.9252552,3.398807,3.6139772,2.6642818,2.1768718,2.1357846
915,2.7627382,2.3711803,1.4072852,0.92662877,0.925565,3.398582,3.6137428,2.664044,2.1766133,2.1355903
916,2.7645032,2.3724277,1.4078691,0.92709184,0.9258738,3.398357,3.613508,2.6638064,2.1763544,2.135396
917,2.7662683,2.3736749,1.4084527,0.927555,0.926183,3.3981328,3.6132734,2.66357,2.1760962,2.1352017
918,2.7680326,2.3749225,1.4090364,0.92801803,0.92649204,3.3979073,3.6130385,2.6633325,2.1758378,2.1350079
919,2.769797,2.3761694,1.4096203,0.92848146,0.92680115,3.3976827,3.6128035,2.6630955,2.1755795,2.134813
920,2.7715626,2.3774195,1.4102046,0.92894477,0.92710936,3.3974595,3.61257,2.6628556,2.1753206,2.1346183
921,2.7733276,2.3786707,1.4107895,0.9294084,0.92741746,3.3972359,3.6123364,2.6626167,2.1750624,2.1344233
922,2.775093,2.3799212,1.4113743,0.929872,0.92772555,3.3970127,3.612103,2.6623776,2.174804,2.1342282
923,2.776875,2.3811846,1.4119613,0.93033683,0.92804205,3.3967862,3.611864,2.6621325,2.174541,2.1340284
924,2.7786663,2.3824537,1.4125483,0.93080163,0.92836285,3.3965569,3.6116226,2.6618843,2.174274,2.1338255
925,2.780457,2.3837218,1.413135,0.93126655,0.92868376,3.3963294,3.6113813,2.6616368,2.1740072,2.1336226
926,2.7822478,2.3849905,1.413722,0.9317315,0.92900485,3.3961005,3.6111395,2.6613889,2.1737401,2.1334193
927,2.7840397,2.3862588,1.414309,0.93219656,0.92932564,3.395872,3.610898,2.661141,2.1734731,2.1332161
928,2.7858305,2.3875272,1.4148955,0.93266124,0.92964655,3.3956432,3.6106565,2.660893,2.1732066,2.133013
929,2.787622,2.3887956,1.4154823,0.9331263,0.9299675,3.3954148,3.6104152,2.6606455,2.1729395,2.13281
930,2.7894125,2.3900652,1.4160693,0.93359125,0.9302885,3.395186,3.6101735,2.6603975,2.172673,2.1326072
931,2.791204,2.3913333,1.4166563,0.9340562,0.93060946,3.394957,3.6099322,2.6601496,2.1724057,2.132404
932,2.7929957,2.392602,1.417244,0.9345215,0.9309333,3.3947296,3.6096911,2.6599033,2.1721373,2.1322012
933,2.7947898,2.3938706,1.4178319,0.93498707,0.93126136,3.3945022,3.6094496,2.6596591,2.171866,2.1319966
934,2.7965832,2.3951387,1.4184201,0.93545234,0.9315892,3.3942747,3.6092083,2.6594155,2.171595,2.131793
935,2.7983758,2.3964071,1.4190083,0.935918,0.93191725,3.3940473,3.6089678,2.6591713,2.171324,2.1315892
936,2.8001695,2.3976758,1.4195967,0.9363836,0.93224525,3.3938203,3.6087263,2.6589274,2.1710532,2.131385
937,2.8019629,2.3989444,1.4201849,0.9368491,0.9325734,3.3935928,3.6084847,2.6586835,2.170782,2.1311808
938,2.8037553,2.400213,1.4207733,0.93731475,0.9329012,3.3933654,3.6082444,2.6584394,2.170511,2.1309764
939,2.8055491,2.4014812,1.4213617,0.9377802,0.9332293,3.3931384,3.608003,2.658195,2.1702404,2.130773
940,2.8073428,2.40275,1.4219496,0.9382457,0.9335573,3.392911,3.6077619,2.657951,2.169969,2.130569
941,2.8091364,2.4040184,1.4225376,0.9387112,0.93388516,3.3926835,3.6075208,2.657707,2.1696982,2.1303654
942,2.8109293,2.4052868,1.4231262,0.93917686,0.9342132,3.3924565,3.6072798,2.657463,2.1694274,2.130161
943,2.8127227,2.4065552,1.4237142,0.9396425,0.9345413,3.392229,3.6070383,2.6572192,2.1691566,2.1299572
944,2.8145156,2.4078238,1.4243021,0.94010794,0.93486905,3.392002,3.606798,2.6569753,2.1688852,2.1297534
945,2.816309,2.4090922,1.4248908,0.94057333,0.93519723,3.3917742,3.6065567,2.6567311,2.1686149,2.1295495
946,2.8181024,2.4103608,1.4254789,0.941039,0.9355251,3.3915467,3.6063154,2.6564875,2.1683435,2.1293452
947,2.8198955,2.4116292,1.4260671,0.9415046,0.93585306,3.3913198,3.6060746,2.6562433,2.168073,2.1291413
948,2.8216887,2.4128976,1.426656,0.9419701,0.93618214,3.3910923,3.6058333,2.6559975,2.167801,2.1289382
949,2.8234816,2.4141653,1.4272447,0.9424355,0.93651253,3.3908634,3.6055923,2.6557505,2.167529,2.128737
950,2.8252738,2.4154322,1.4278336,0.9429001,0.9368419,3.3906355,3.6053517,2.6555023,2.167258,2.1285362
951,2.827064,2.4166982,1.4284217,0.9433643,0.9371708,3.3904061,3.6051104,2.6552536,2.166986,2.1283352
952,2.8288548,2.4179642,1.4290099,0.94382846,0.9374999,3.3901768,3.6048691,2.6550055,2.1667142,2.1281338
953,2.8306453,2.41923,1.4295988,0.9442927,0.93782866,3.3899484,3.6046283,2.6547568,2.1664426,2.1279337
954,2.8324356,2.4204965,1.430187,0.9447568,0.9381577,3.3897195,3.604387,2.6545086,2.166171,2.1277323
955,2.834226,2.4217622,1.4307754,0.945221,0.9384866,3.389491,3.6041462,2.6542597,2.1658998,2.1275313
956,2.836017,2.4230282,1.4313638,0.9456852,0.9388154,3.3892617,3.6039054,2.654011,2.1656277,2.1273305
957,2.8378072,2.4242942,1.4319522,0.94614935,0.9391443,3.3890338,3.6036644,2.653763,2.1653564,2.1271293
958,2.8395977,2.425561,1.4325407,0.94661355,0.93947315,3.3888044,3.6034234,2.6535149,2.1650846,2.1269283
959,2.8413877,2.426827,1.4331288,0.9470777,0.9398021,3.3885756,3.6031826,2.6532667,2.1648133,2.1267273
960,2.8431792,2.4280927,1.4337177,0.94754195,0.94013107,3.3883467,3.6029415,2.6530178,2.1645415,2.1265264
961,2.8449697,2.4293594,1.4343059,0.94800615,0.94046,3.3881178,3.6027002,2.6527696,2.1642702,2.1263258
962,2.84676,2.430625,1.4348943,0.94847035,0.94078887,3.3878894,3.6024592,2.652521,2.1639984,2.1261249
963,2.8485508,2.4318907,1.4354827,0.9489346,0.9411178,3.3876605,3.6022189,2.6522722,2.1637268,2.1259234
964,2.8503408,2.433157,1.4360712,0.9493987,0.9414466,3.3874316,3.601977,2.652024,2.1634552,2.1257224
965,2.852131,2.434423,1.4366593,0.9498628,0.9417755,3.3872027,3.6017368,2.6517754,2.1631835,2.1255217
966,2.853922,2.435689,1.4372478,0.95032704,0.94210446,3.3869739,3.6014955,2.6515267,2.1629114,2.1253207
967,2.855713,2.4369555,1.4378362,0.95079124,0.94243354,3.386745,3.6012545,2.6512785,2.16264,2.1251194
968,2.8575032,2.4382222,1.4384246,0.9512555,0.9427624,3.386517,3.6010134,2.65103,2.1623688,2.124919
969,2.8592935,2.4394875,1.4390128,0.9517199,0.9430911,3.3862877,3.6007726,2.6507812,2.1620972,2.1247182
970,2.8610895,2.4407587,1.4396,0.95218605,0.9434183,3.3860574,3.600529,2.650529,2.1618245,2.1245174
971,2.8628867,2.4420292,1.4401872,0.9526525,0.94374555,3.3858266,3.6002858,2.6502764,2.161552,2.1243167
972,2.864683,2.4433002,1.4407742,0.953119,0.9440728,3.3855963,3.6000426,2.6500244,2.1612797,2.124116
973,2.8664804,2.444571,1.441361,0.9535853,0.9444,3.385365,3.5997994,2.6497722,2.1610074,2.1239157
974,2.868281,2.4458437,1.4419539,0.9540547,0.94473016,3.3851352,3.5995555,2.6495202,2.1607342,2.1237166
975,2.870082,2.4471178,1.4425478,0.9545242,0.94506097,3.3849044,3.5993125,2.6492686,2.160461,2.1235178
976,2.8718834,2.448391,1.4431412,0.95499355,0.94539136,3.384673,3.5990703,2.649017,2.1601875,2.1233187
977,2.8736627,2.4496586,1.443744,0.9554624,0.9457203,3.3844466,3.5988283,2.648769,2.1599145,2.1231167
978,2.8754416,2.4509265,1.4443474,0.9559316,0.9460494,3.3842192,3.5985858,2.6485214,2.1596413,2.1229148
979,2.8772202,2.4521945,1.4449501,0.9564006,0.9463786,3.3839922,3.5983453,2.648274,2.1593683,2.122713
980,2.8789978,2.4534624,1.4455533,0.9568696,0.94670737,3.3837657,3.598104,2.6480265,2.1590946,2.1225107
981,2.880777,2.45473,1.4461563,0.9573386,0.9470365,3.3835382,3.5978625,2.647778,2.1588213,2.122309
982,2.8825192,2.4559739,1.4467416,0.95779604,0.9473525,3.3833094,3.5976186,2.64753,2.1585512,2.122108
983,2.884235,2.4572015,1.4473174,0.95824826,0.94765997,3.3830824,3.5973742,2.6472833,2.158283,2.121907
984,2.8859544,2.4584324,1.4478927,0.9586998,0.94796604,3.3828554,3.5971293,2.6470351,2.1580143,2.1217043
985,2.887674,2.4596643,1.4484675,0.9591503,0.94827175,3.3826284,3.596884,2.6467867,2.1577463,2.121501
986,2.8893938,2.4608965,1.4490428,0.95960104,0.9485775,3.3824024,3.596639,2.646538,2.1574783,2.1212976
987,2.8911142,2.4621294,1.4496181,0.9600519,0.9488832,3.382176,3.5963943,2.646289,2.1572104,2.1210933
988,2.8928337,2.4633613,1.4501929,0.9605027,0.9491889,3.3819494,3.5961497,2.6460404,2.1569424,2.1208904
989,2.8945537,2.4645936,1.450768,0.9609533,0.9494948,3.381723,3.595904,2.6457922,2.156674,2.1206865
990,2.8962743,2.4658258,1.451343,0.961404,0.9498004,3.381496,3.5956595,2.645543,2.1564057,2.1204834
991,2.8979936,2.4670582,1.4519181,0.9618547,0.95010597,3.38127,3.595414,2.645295,2.1561377,2.1202796
992,2.8997135,2.4682906,1.4524932,0.96230555,0.9504117,3.3810434,3.595169,2.6450462,2.1558695,2.120076
993,2.9014342,2.4695225,1.4530683,0.9627562,0.9507175,3.380817,3.5949242,2.644798,2.1556015,2.119872
994,2.903154,2.470755,1.4536433,0.96320695,0.9510229,3.38059,3.5946794,2.644549,2.1553333,2.1196685
995,2.9048731,2.4719868,1.4542184,0.96365774,0.9513288,3.380364,3.5944345,2.6443002,2.155065,2.1194646
996,2.906593,2.4732192,1.4547935,0.9641086,0.9516343,3.380137,3.5941896,2.6440513,2.1547968,2.1192613
997,2.9083133,2.4744515,1.4553683,0.9645592,0.95194006,3.379911,3.5939438,2.6438031,2.154529,2.1190577
998,2.9100335,2.4756842,1.4559433,0.9650099,0.95224565,3.3796844,3.593699,2.6435542,2.1542609,2.1188538
999,2.9117532,2.4769158,1.4565184,0.96546066,0.9525515,3.3794575,3.5934541,2.6433058,2.1539924,2.1186504
1000,2.9134738,2.478148,1.4570937,0.9659114,0.9528571,3.3792305,3.5932093,2.6430573,2.1537244,2.118447
1001,2.915186,2.4793751,1.457664,0.9663587,0.95316076,3.379004,3.592964,2.642809,2.1534562,2.1182446
1002,2.9168751,2.4805858,1.4582212,0.96679693,0.9534584,3.3787785,3.5927174,2.6425617,2.1531885,2.1180456
1003,2.918565,2.4817967,1.4587784,0.96723473,0.9537561,3.3785515,3.5924704,2.6423147,2.1529207,2.1178463
1004,2.920255,2.483008,1.4593356,0.9676728,0.95405376,3.378326,3.5922244,2.6420672,2.1526527,2.1176476
1005,2.9219449,2.4842181,1.459893,0.96811086,0.9543513,3.3780994,3.5919774,2.6418204,2.152385,2.1174488
1006,2.923635,2.4854295,1.4604506,0.96854895,0.954649,3.3778734,3.5917313,2.641573,2.1521173,2.1172502
1007,2.925324,2.48664,1.4610074,0.9689868,0.9549465,3.3776464,3.5914848,2.6413255,2.1518502,2.1170511
1008,2.927014,2.4878507,1.4615648,0.96942496,0.9552442,3.3774204,3.5912383,2.6410785,2.1515818,2.116852
1009,2.9287038,2.4890618,1.4621222,0.9698629,0.9555419,3.3771944,3.5909917,2.6408312,2.1513145,2.116653
1010,2.9303935,2.4902723,1.4626794,0.9703009,0.95583946,3.3769684,3.5907452,2.6405838,2.1510468,2.1164536
1011,2.9320846,2.4914818,1.4632351,0.97074026,0.95613915,3.3767414,3.5904987,2.6403358,2.1507783,2.116256
1012,2.9337757,2.492691,1.4637897,0.97118086,0.95644087,3.3765154,3.590255,2.6400864,2.1505086,2.1160598
1013,2.9354663,2.4938996,1.4643447,0.97162175,0.95674264,3.376289,3.5900104,2.6398368,2.1502395,2.1158643
1014,2.9371572,2.4951086,1.4648991,0.97206247,0.95704436,3.3760629,3.5897658,2.639587,2.1499703,2.1156678
1015,2.9388487,2.4963179,1.4654536,0.9725033,0.957346,3.3758354,3.5895216,2.6393375,2.149701,2.1154714
1016,2.94054,2.4975266,1.4660082,0.972944,0.9576479,3.3756094,3.589277,2.6390886,2.149432,2.1152751
1017,2.9422314,2.4987354,1.4665627,0.9733848,0.9579496,3.3753839,3.5890324,2.6388388,2.1491623,2.1150787
1018,2.9439256,2.4999475,1.4671178,0.97382206,0.9582575,3.3751583,3.5887907,2.6385918,2.1488929,2.1148853
1019,2.9456205,2.5011616,1.4676719,0.9742578,0.9585676,3.3749347,3.5885496,2.638345,2.1486232,2.114693
1020,2.947316,2.5023756,1.4682269,0.9746936,0.9588779,3.3747106,3.5883079,2.638099,2.148353,2.1145005
1021,2.9490108,2.5035903,1.4687817,0.9751298,0.95918834,3.3744864,3.5880666,2.637852,2.1480834,2.114308
1022,2.9507113,2.5048113,1.4693367,0.9755678,0.95950055,3.374261,3.5878243,2.6376023,2.1478128,2.1141143
1023,2.9524117,2.506032,1.4698918,0.9760059,0.9598129,3.3740354,3.587584,2.6373515,2.147542,2.1139212
1024,2.9541123,2.507253,1.4704466,0.9764437,0.9601252,3.3738103,3.5873418,2.6371014,2.1472716,2.1137278
1025,2.9558122,2.5084736,1.4710019,0.9768819,0.96043754,3.3735847,3.5871003,2.636852,2.147001,2.1135342
1026,2.9575255,2.5097086,1.471559,0.9773183,0.9607605,3.3733578,3.5868547,2.6365988,2.1467304,2.1133373
1027,2.9592426,2.5109496,1.4721177,0.9777533,0.96108794,3.3731294,3.5866077,2.636345,2.1464581,2.1131387
1028,2.9609601,2.512191,1.4726756,0.9781887,0.96141535,3.3729024,3.5863602,2.6360903,2.146186,2.11294
1029,2.9626775,2.513432,1.4732337,0.9786237,0.9617428,3.3726745,3.5861132,2.6358364,2.145915,2.1127412
1030,2.9643958,2.5146728,1.4737918,0.979059,0.9620704,3.3724475,3.5858653,2.6355822,2.1456435,2.1125426
1031,2.9661133,2.5159135,1.47435,0.97949433,0.962398,3.3722196,3.5856192,2.635328,2.1453712,2.1123443
1032,2.9678307,2.5171547,1.4749084,0.9799295,0.9627254,3.3719916,3.5853717,2.635074,2.1451,2.1121457
1033,2.9695458,2.518398,1.4754672,0.9803644,0.96305394,3.3717642,3.5851247,2.63482,2.14483,2.111948
1034,2.9712584,2.5196435,1.476027,0.98079914,0.9633835,3.3715367,3.584879,2.6345658,2.1445613,2.111751
1035,2.9729722,2.5208883,1.4765866,0.9812338,0.9637125,3.3713098,3.5846326,2.6343122,2.144292,2.1115546
1036,2.9746857,2.5221343,1.4771452,0.98166823,0.96404195,3.3710814,3.584386,2.6340585,2.144023,2.1113577
1037,2.976398,2.5233796,1.4777019,0.982102,0.9643708,3.3708515,3.5841372,2.6338027,2.1437535,2.1111605
1038,2.978111,2.5246246,1.4782591,0.982536,0.96470004,3.3706207,3.583889,2.6335478,2.1434836,2.1109636
1039,2.9798238,2.5258698,1.4788153,0.98296976,0.96502876,3.3703904,3.5836413,2.6332934,2.143214,2.110767
1040,2.981537,2.5271153,1.4793723,0.9834036,0.9653578,3.3701596,3.5833933,2.6330383,2.1429446,2.1105697
1041,2.9832504,2.5283608,1.4799292,0.98383754,0.96568686,3.3699298,3.5831454,2.6327832,2.142675,2.1103728
1042,2.984963,2.5296056,1.4804857,0.9842711,0.96601576,3.3696995,3.582897,2.6325283,2.1424055,2.1101756
1043,2.9866767,2.5308518,1.4810424,0.984705,0.9663454,3.3694692,3.5826495,2.6322734,2.142136,2.1099784
1044,2.9883912,2.532098,1.4815993,0.98513854,0.96667707,3.3692393,3.582402,2.6320205,2.1418672,2.1097806
1045,2.990107,2.5333443,1.4821563,0.98557204,0.9670086,3.3690085,3.5821552,2.631767,2.1415982,2.1095817
1046,2.9918277,2.5345976,1.4827178,0.9860088,0.9673485,3.3687773,3.5819085,2.6315098,2.1413324,2.1093862
1047,2.9935486,2.535853,1.48328,0.98644614,0.9676893,3.368545,3.5816636,2.6312525,2.1410668,2.109191
1048,2.9952695,2.5371072,1.4838417,0.98688334,0.96803015,3.3683133,3.5814173,2.630995,2.1408007,2.1089954
1049,2.9969912,2.5383618,1.4844036,0.9873206,0.96837115,3.368081,3.5811727,2.6307378,2.1405358,2.1088002
1050,2.998712,2.5396163,1.4849656,0.9877577,0.968712,3.3678493,3.5809262,2.6304808,2.1402705,2.1086047
1051,3.0004334,2.5408707,1.4855278,0.9881951,0.9690526,3.367618,3.580681,2.6302226,2.1400046,2.1084094
1052,3.0021544,2.5421255,1.4860892,0.98863226,0.9693935,3.3673863,3.580435,2.6299648,2.1397388,2.1082141
1053,3.0038755,2.5433803,1.4866514,0.9890695,0.9697344,3.367155,3.5801895,2.6297078,2.1394734,2.108019
1054,3.0055962,2.5446346,1.4872136,0.98950666,0.9700752,3.3669229,3.579944,2.6294503,2.1392078,2.1078236
1055,3.007318,2.5458894,1.4877751,0.98994386,0.97041595,3.3666902,3.5796983,2.6291926,2.1389425,2.107628
1056,3.0090392,2.5471437,1.488337,0.9903812,0.97075677,3.366459,3.5794523,2.6289356,2.1386771,2.1074326
1057,3.0107598,2.5483985,1.488899,0.99081844,0.97109735,3.3662271,3.5792067,2.6286783,2.138411,2.1072385
1058,3.0124586,2.5496478,1.489464,0.99125344,0.9714303,3.365996,3.5789616,2.6284237,2.1381412,2.1070435
1059,3.0141578,2.550897,1.4900291,0.9916889,0.9717633,3.3657637,3.5787168,2.6281695,2.137871,2.106849
1060,3.0158567,2.552147,1.4905934,0.99212486,0.9720966,3.365532,3.5784717,2.6279144,2.1375997,2.106654
1061,3.017556,2.553397,1.4911578,0.9925609,0.9724295,3.3652997,3.5782254,2.6276593,2.1373296,2.1064594
1062,3.0192542,2.5546472,1.4917221,0.99299663,0.9727626,3.365068,3.5779805,2.627405,2.137059,2.1062648
1063,3.0209534,2.5558975,1.4922864,0.99343234,0.97309434,3.3648357,3.5777354,2.6271496,2.1367884,2.1060703
1064,3.0226498,2.5571518,1.492851,0.99386644,0.9734152,3.3645992,3.5774868,2.6268897,2.1365135,2.1058757
1065,3.024346,2.5584056,1.4934144,0.9943002,0.97373605,3.3643627,3.5772374,2.6266298,2.1362393,2.1056814
1066,3.0260425,2.5596595,1.4939787,0.9947341,0.9740569,3.3641262,3.576989,2.62637,2.1359642,2.1054873
1067,3.0277429,2.560915,1.4945462,0.99516904,0.97437626,3.3638902,3.5767415,2.6261086,2.135689,2.1052926
1068,3.0294473,2.562173,1.4951155,0.99560446,0.97469383,3.3636537,3.5764945,2.6258454,2.1354132,2.1050978
1069,3.0311506,2.5634308,1.4956851,0.99604017,0.9750116,3.3634167,3.576247,2.6255834,2.1351373,2.1049032
1070,3.0328546,2.564688,1.4962542,0.99647576,0.9753293,3.3631792,3.5760005,2.6253204,2.1348615,2.104709
1071,3.0345588,2.5659456,1.496824,0.99691135,0.975647,3.3629422,3.5757535,2.6250577,2.1345856,2.1045144
1072,3.0362628,2.5672035,1.4973936,0.9973469,0.9759648,3.3627057,3.575506,2.6247954,2.1343098,2.10432
1073,3.0379665,2.5684614,1.497963,0.9977827,0.9762824,3.3624682,3.5752594,2.6245332,2.134034,2.1041257
1074,3.0396707,2.569719,1.4985323,0.99821806,0.9766002,3.3622313,3.5750124,2.6242697,2.1337578,2.1039317
1075,3.0413744,2.5709765,1.4991019,0.9986535,0.976918,3.3619947,3.5747654,2.6240077,2.1334822,2.1037369
1076,3.0430784,2.5722342,1.4996715,0.99908924,0.9772358,3.3617573,3.5745175,2.6237445,2.1332064,2.1035426
1077,3.0447824,2.573492,1.500241,0.9995249,0.97755355,3.3615208,3.5742705,2.623482,2.1329305,2.103348
1078,3.0464861,2.5747495,1.5008106,0.9999604,0.9778713,3.3612838,3.574024,2.6232195,2.1326547,2.1031532
1079,3.04819,2.5760076,1.5013802,1.000396,0.9781889,3.3610468,3.5737772,2.6229568,2.132379,2.102959
1080,3.0498939,2.577265,1.5019498,1.0008316,0.9785067,3.3608108,3.5735295,2.622694,2.1321027,2.1027644
1081,3.051598,2.578523,1.5025191,1.0012672,0.9788243,3.3605733,3.5732825,2.6224318,2.131827,2.1025698
1082,3.0533018,2.57978,1.5030885,1.0017028,0.9791422,3.3603363,3.5730355,2.6221683,2.1315513,2.1023755
1083,3.0550065,2.581038,1.503658,1.0021384,0.97945994,3.3600998,3.572788,2.621906,2.1312752,2.1021812
1084,3.0567098,2.5822954,1.5042274,1.002574,0.97977763,3.3598628,3.5725415,2.6216435,2.130999,2.101987
1085,3.0584135,2.583553,1.5047972,1.0030096,0.9800952,3.3596258,3.572295,2.6213808,2.130724,2.1017919
1086,3.0601175,2.584811,1.5053666,1.0034453,0.98041314,3.3593888,3.572047,2.6211185,2.1304476,2.1015978
1087,3.061822,2.5860689,1.5059364,1.0038807,0.9807307,3.3591518,3.5718002,2.6208558,2.1301715,2.1014028
1088,3.0635252,2.587326,1.5065057,1.0043163,0.98104864,3.3589149,3.571553,2.6205926,2.1298957,2.1012084
1089,3.0652294,2.5885842,1.5070751,1.0047519,0.9813662,3.3586779,3.571306,2.6203303,2.1296198,2.1010144
1090,3.0669336,2.5898418,1.5076444,1.0051876,0.98168397,3.3584414,3.5710592,2.620068,2.1293442,2.1008198
1091,3.0686374,2.5910993,1.5082142,1.0056231,0.98200166,3.3582044,3.570812,2.619805,2.1290684,2.100625
1092,3.070341,2.5923572,1.5087838,1.0060587,0.9823195,3.357967,3.570565,2.6195421,2.1287925,2.100431
1093,3.0720453,2.5936146,1.5093536,1.0064943,0.98263717,3.3577304,3.570318,2.6192799,2.1285164,2.1002364
1094,3.073749,2.5948725,1.5099227,1.0069301,0.982955,3.3574934,3.570071,2.6190174,2.1282403,2.1000416
1095,3.0754528,2.5961301,1.5104921,1.0073655,0.9832727,3.3572564,3.5698242,2.6187544,2.1279647,2.099847
1096,3.077157,2.5973876,1.5110619,1.007801,0.98359036,3.3570194,3.5695765,2.6184914,2.1276884,2.099653
1097,3.0788603,2.5986454,1.511631,1.0082366,0.9839081,3.3567834,3.56933,2.618229,2.1274133,2.0994585
1098,3.0805645,2.599903,1.5122006,1.0086722,0.98422587,3.356546,3.5690825,2.6179664,2.1271374,2.099264
1099,3.0822697,2.6011605,1.5127695,1.0091064,0.9845425,3.3563085,3.568835,2.6177042,2.1268604,2.0990696
1100,3.0839734,2.602418,1.5133374,1.0095406,0.98485905,3.3560705,3.5685873,2.6174417,2.1265838,2.098875
1101,3.085678,2.6036754,1.5139055,1.0099747,0.98517555,3.355833,3.568339,2.6171794,2.1263075,2.0986805
1102,3.0873823,2.604935,1.5144773,1.0104129,0.9854893,3.3555965,3.5680919,2.6169162,2.1260297,2.098484
1103,3.089086,2.6061947,1.5150495,1.0108521,0.9858027,3.355362,3.5678444,2.6166527,2.1257513,2.0982866
1104,3.090789,2.6074543,1.5156219,1.011291,0.98611593,3.3551264,3.5675972,2.6163895,2.1254735,2.0980897
1105,3.092493,2.608714,1.5161943,1.0117302,0.98642915,3.3548908,3.5673492,2.6161256,2.1251955,2.0978923
1106,3.0941963,2.609974,1.5167663,1.0121691,0.9867423,3.3546553,3.5671017,2.6158624,2.124917,2.0976954
1107,3.095899,2.6112335,1.5173388,1.012608,0.98705554,3.3544202,3.5668538,2.6155987,2.124639,2.0974984
1108,3.097603,2.6124933,1.517911,1.0130472,0.98736876,3.3541842,3.5666063,2.6153355,2.124361,2.0973008
1109,3.0993066,2.6137528,1.5184834,1.0134864,0.9876821,3.353949,3.566359,2.615072,2.124083,2.0971036
1110,3.1010098,2.615013,1.5190556,1.0139253,0.98799527,3.3537135,3.5661108,2.614809,2.1238053,2.0969067
1111,3.1027136,2.6162727,1.5196278,1.0143641,0.9883087,3.353478,3.5658634,2.6145456,2.123527,2.0967095
1112,3.1044168,2.6175323,1.5202005,1.0148032,0.988622,3.3532434,3.5656164,2.6142821,2.1232493,2.0965123
1113,3.1061215,2.6187925,1.5207727,1.0152427,0.9889349,3.3530073,3.565369,2.6140184,2.122971,2.0963154
1114,3.107833,2.6200585,1.5213449,1.0156853,0.98924255,3.3527756,3.5651205,2.613754,2.1226923,2.0961199
1115,3.109545,2.6213248,1.5219169,1.0161276,0.98955005,3.3525438,3.5648727,2.6134892,2.1224148,2.0959246
1116,3.1112561,2.6225905,1.5224891,1.0165701,0.9898577,3.3523111,3.5646255,2.6132245,2.1221366,2.0957289
1117,3.1129673,2.6238568,1.523061,1.0170124,0.99016535,3.352079,3.564377,2.6129594,2.1218581,2.0955334
1118,3.1146789,2.6251228,1.5236332,1.0174551,0.99047315,3.3518476,3.5641298,2.6126947,2.1215801,2.0953379
1119,3.1163907,2.626389,1.5242054,1.0178976,0.9907807,3.351615,3.5638816,2.61243,2.121302,2.0951428
1120,3.118102,2.6276548,1.5247777,1.0183399,0.99108833,3.3513823,3.5636342,2.6121652,2.121024,2.0949469
1121,3.119814,2.628921,1.5253499,1.0187823,0.9913961,3.35115,3.5633864,2.6118999,2.1207457,2.0947516
1122,3.1215258,2.6301873,1.5259218,1.019225,0.9917038,3.3509183,3.5631387,2.6116357,2.1204672,2.0945559
1123,3.1232362,2.631453,1.526494,1.0196674,0.9920114,3.350687,3.5628908,2.6113708,2.1201897,2.0943604
1124,3.124948,2.6327193,1.527066,1.0201099,0.9923189,3.3504539,3.5626428,2.6111066,2.1199112,2.0941646
1125,3.1266599,2.6339853,1.5276382,1.0205522,0.9926266,3.3502216,3.5623956,2.6108413,2.1196327,2.093969
1126,3.1283715,2.6352515,1.5282109,1.0209948,0.9929345,3.349989,3.5621474,2.6105766,2.1193547,2.0937736
1127,3.130083,2.6365173,1.5287824,1.0214372,0.99324197,3.3497572,3.5618994,2.610312,2.1190765,2.0935786
1128,3.1317942,2.637784,1.529355,1.0218798,0.9935498,3.3495255,3.5616524,2.6100473,2.1187985,2.0933828
1129,3.1335053,2.6390498,1.5299265,1.0223222,0.99385726,3.3492932,3.5614035,2.6097827,2.1185205,2.0931873
1130,3.135217,2.6403155,1.530499,1.0227647,0.9941651,3.3490605,3.561156,2.6095176,2.118242,2.0929916
1131,3.136929,2.6415818,1.5310712,1.023207,0.9944726,3.3488288,3.5609086,2.609253,2.1179636,2.092796
1132,3.1386404,2.642848,1.5316429,1.0236496,0.9947803,3.348597,3.5606606,2.608988,2.1176858,2.0926008
1133,3.1403544,2.6441145,1.5322146,1.0240936,0.9950889,3.3483644,3.5604143,2.6087227,2.1174085,2.092404
1134,3.1420677,2.6453817,1.5327859,1.0245378,0.99539757,3.3481321,3.5601676,2.6084576,2.1171315,2.0922072
1135,3.1437812,2.6466477,1.5333571,1.0249817,0.99570614,3.347899,3.559921,2.608193,2.116854,2.0920105
1136,3.1454954,2.6479144,1.5339282,1.0254258,0.99601465,3.3476667,3.5596745,2.6079276,2.116577,2.091814
1137,3.1472096,2.6491818,1.5344994,1.0258696,0.9963227,3.3474336,3.5594265,2.6076617,2.116299,2.0916166
1138,3.1489236,2.650449,1.5350707,1.0263134,0.9966309,3.3472004,3.559179,2.6073964,2.1160207,2.0914192
1139,3.150638,2.6517165,1.5356417,1.0267572,0.99693894,3.3469677,3.5589316,2.6071315,2.1157427,2.0912216
1140,3.152352,2.6529837,1.5362129,1.0272009,0.997247,3.3467336,3.5586836,2.6068654,2.1154652,2.0910242
1141,3.1540668,2.654251,1.5367842,1.0276449,0.997555,3.3465009,3.5584357,2.6065996,2.1151872,2.0908267
1142,3.1557813,2.655518,1.5373552,1.0280886,0.9978633,3.3462672,3.5581877,2.6063337,2.1149092,2.0906296
1143,3.1574957,2.6567857,1.5379264,1.0285326,0.9981714,3.346034,3.5579398,2.6060693,2.1146312,2.0904322
1144,3.15921,2.658053,1.5384977,1.0289764,0.99847937,3.3458009,3.5576923,2.6058033,2.1143537,2.0902348
1145,3.1609247,2.6593204,1.5390687,1.0294201,0.99878746,3.3455672,3.5574448,2.6055381,2.1140754,2.090037
1146,3.1626394,2.660588,1.53964,1.0298641,0.99909556,3.345334,3.5571973,2.6052725,2.1137972,2.08984
1147,3.1643534,2.6618545,1.540211,1.0303078,0.9994036,3.3451009,3.5569494,2.605007,2.1135194,2.0896423
1148,3.1660678,2.6631222,1.5407822,1.0307517,0.99971163,3.3448677,3.556702,2.6047416,2.1132417,2.089445
1149,3.1677825,2.6643896,1.5413535,1.0311954,1.0000199,3.344635,3.556454,2.6044755,2.112964,2.0892475
1150,3.1694992,2.6656575,1.5419269,1.0316374,1.000327,3.3443985,3.5562036,2.6042094,2.1126838,2.0890505
1151,3.1712193,2.6669278,1.5425031,1.0320771,1.0006329,3.3441582,3.5559494,2.6039412,2.112401,2.0888534
1152,3.1729398,2.6681974,1.5430799,1.0325167,1.0009385,3.3439174,3.5556943,2.6036732,2.112118,2.0886562
1153,3.1746602,2.6694667,1.5436568,1.0329573,1.0012443,3.3436766,3.5554397,2.6034048,2.1118352,2.0884593
1154,3.176385,2.6707306,1.5442374,1.0334022,1.0015465,3.3434348,3.5551822,2.6031358,2.1115525,2.0882611
1155,3.17811,2.671995,1.5448177,1.0338471,1.0018486,3.343193,3.5549245,2.6028662,2.11127,2.0880628
1156,3.1798348,2.673258,1.5453982,1.034292,1.0021507,3.3429508,3.5546672,2.602597,2.1109877,2.0878644
1157,3.1815593,2.6745226,1.545979,1.0347371,1.0024532,3.342709,3.5544097,2.6023273,2.110705,2.0876665
1158,3.1832845,2.6757867,1.5465593,1.035182,1.0027552,3.3424668,3.5541527,2.6020586,2.1104224,2.0874681
1159,3.185009,2.6770506,1.5471399,1.0356269,1.0030575,3.342225,3.5538952,2.6017892,2.1101403,2.08727
1160,3.1867332,2.6783144,1.5477204,1.036072,1.0033597,3.3419833,3.5536377,2.60152,2.1098573,2.087072
1161,3.1884582,2.6795785,1.548301,1.0365168,1.0036619,3.341741,3.5533805,2.6012506,2.109575,2.0868733
1162,3.1901834,2.6808424,1.5488813,1.0369618,1.003964,3.3414998,3.5531228,2.6009815,2.1092925,2.0866752
1163,3.1919086,2.6821065,1.5494621,1.0374069,1.0042663,3.341258,3.5528653,2.6007123,2.1090097,2.0864768
1164,3.1936326,2.6833704,1.5500429,1.037852,1.0045685,3.3410153,3.5526087,2.6004431,2.1087272,2.0862784
1165,3.1953576,2.6846342,1.5506232,1.0382967,1.0048709,3.340773,3.552351,2.6001735,2.1084447,2.0860806
1166,3.1970825,2.6858985,1.5512037,1.0387416,1.0051728,3.3405313,3.5520935,2.5999048,2.1081617,2.0858824
1167,3.1988068,2.687162,1.5517843,1.0391867,1.005475,3.34029,3.5518363,2.5996354,2.1078796,2.085684
1168,3.2005322,2.6884258,1.5523646,1.0396316,1.0057772,3.3400478,3.551579,2.5993657,2.107597,2.0854855
1169,3.2022564,2.68969,1.5529451,1.0400765,1.0060794,3.3398066,3.551321,2.5990963,2.1073143,2.0852873
1170,3.2039812,2.690954,1.5535257,1.0405214,1.0063815,3.3395638,3.5510638,2.5988274,2.1070318,2.0850892
1171,3.2057061,2.6922183,1.5541062,1.0409665,1.0066838,3.3393226,3.5508072,2.5985584,2.106749,2.0848908
1172,3.2074304,2.6934822,1.554687,1.0414114,1.006986,3.3390799,3.5505493,2.598289,2.1064668,2.0846927
1173,3.2091556,2.6947465,1.5552673,1.0418563,1.0072882,3.338838,3.5502918,2.5980196,2.106184,2.0844946
1174,3.2108784,2.696009,1.5558465,1.0423007,1.0075907,3.3385963,3.5500343,2.5977504,2.1059017,2.0842965
1175,3.2125874,2.6972632,1.5564182,1.0427396,1.0078945,3.3383546,3.5497758,2.5974762,2.1056206,2.0841048
1176,3.2142975,2.6985173,1.5569892,1.0431784,1.0081979,3.3381119,3.549517,2.5972035,2.1053398,2.0839136
1177,3.2160072,2.6997714,1.5575607,1.0436175,1.0085014,3.337871,3.5492585,2.5969303,2.105059,2.083722
1178,3.217717,2.7010257,1.5581322,1.0440567,1.0088052,3.3376288,3.5489998,2.5966563,2.1047776,2.0835307
1179,3.2194257,2.70228,1.5587034,1.0444956,1.0091088,3.337387,3.5487406,2.596383,2.1044965,2.0833392
1180,3.221136,2.7035341,1.5592749,1.0449347,1.0094123,3.3371449,3.5484822,2.5961099,2.1042159,2.0831475
1181,3.2228448,2.7047887,1.5598464,1.0453739,1.009716,3.336903,3.5482235,2.5958362,2.1039348,2.082956
1182,3.2245553,2.706043,1.5604177,1.0458128,1.0100195,3.3366613,3.5479653,2.5955627,2.1036537,2.0827649
1183,3.2262645,2.7072968,1.5609891,1.0462518,1.0103232,3.336419,3.5477064,2.5952892,2.1033728,2.0825732
1184,3.227974,2.7085514,1.5615609,1.0466912,1.0106268,3.3361764,3.547448,2.5950155,2.103092,2.082382
1185,3.2296836,2.7098057,1.5621321,1.0471299,1.0109303,3.335935,3.5471895,2.5947428,2.1028109,2.0821903
1186,3.2313936,2.71106,1.5627031,1.047569,1.011234,3.3356934,3.546931,2.594469,2.10253,2.0819988
1187,3.2331033,2.7123141,1.5632751,1.0480081,1.0115376,3.3354511,3.5466719,2.594196,2.102249,2.0818074
1188,3.2348123,2.7135687,1.5638459,1.048447,1.011841,3.3352094,3.5464132,2.5939226,2.1019676,2.0816162
1189,3.2365217,2.7148225,1.5644178,1.0488862,1.0121447,3.3349676,3.5461555,2.593649,2.1016867,2.0814242
1190,3.2382317,2.7160769,1.5649891,1.049325,1.0124484,3.3347254,3.545896,2.5933757,2.1014059,2.0812328
1191,3.2399406,2.7173312,1.5655606,1.0497642,1.012752,3.3344831,3.5456378,2.593102,2.1011248,2.0810413
1192,3.2416506,2.718586,1.5661321,1.0502033,1.0130556,3.3342414,3.545379,2.5928285,2.1008434,2.08085
1193,3.24336,2.71984,1.5667031,1.0506423,1.0133593,3.3339996,3.54512,2.592555,2.100563,2.0806584
1194,3.2450695,2.721094,1.567275,1.0510813,1.0136628,3.3337579,3.5448616,2.5922823,2.1002812,2.0804672
1195,3.2467794,2.7223487,1.5678463,1.0515206,1.0139664,3.3335152,3.5446029,2.5920088,2.1000006,2.0802758
1196,3.2484896,2.7236035,1.5684173,1.0519593,1.0142701,3.3332734,3.5443447,2.5917351,2.0997195,2.0800846
1197,3.2501824,2.724852,1.5689821,1.0523944,1.0145763,3.3330317,3.5440843,2.5914617,2.0994377,2.0798907
1198,3.2518735,2.7261019,1.5695457,1.052829,1.0148827,3.332789,3.5438235,2.5911882,2.0991557,2.0796978
1199,3.253566,2.7273505,1.5701098,1.0532637,1.0151892,3.3325467,3.5435631,2.5909138,2.0988734,2.0795045
1200,3.255258,2.728601,1.5706732,1.0536981,1.0154953,3.3323035,3.543302,2.5906403,2.098591,2.0793111
1201,3.2569494,2.7298503,1.5712371,1.0541328,1.0158018,3.3320613,3.5430415,2.5903673,2.0983086,2.079118
1202,3.258641,2.7310994,1.5718012,1.0545673,1.0161084,3.331819,3.5427809,2.590094,2.0980268,2.078925
1203,3.2603402,2.7323532,1.5723658,1.0550022,1.0164176,3.331575,3.542518,2.5898185,2.0977452,2.07873
1204,3.2620444,2.73361,1.5729306,1.0554378,1.0167284,3.3313298,3.5422547,2.5895417,2.097463,2.0785341
1205,3.2637482,2.7348673,1.5734956,1.0558729,1.0170394,3.3310847,3.5419924,2.5892656,2.0971818,2.0783381
1206,3.265452,2.7361233,1.5740607,1.0563083,1.0173503,3.3308396,3.5417283,2.5889888,2.0969002,2.0781426
1207,3.267156,2.7373803,1.574626,1.0567439,1.0176613,3.330594,3.5414648,2.5887122,2.096619,2.0779471
1208,3.2688599,2.738637,1.575191,1.0571792,1.0179724,3.330349,3.5412016,2.588436,2.0963368,2.0777512
1209,3.270564,2.739894,1.5757561,1.0576143,1.0182832,3.3301034,3.5409381,2.58816,2.0960553,2.0775557
1210,3.2722852,2.7411644,1.5763257,1.0580506,1.0186001,3.3298478,3.5406654,2.58787,2.095768,2.0773544
1211,3.274007,2.7424366,1.5768957,1.0584867,1.0189173,3.3295903,3.5403912,2.5875795,2.0954795,2.077153
1212,3.275755,2.7437267,1.5774648,1.0589242,1.019235,3.3293266,3.540109,2.5872874,2.095187,2.0769491
1213,3.2775187,2.7450254,1.5780363,1.0593634,1.0195532,3.3290582,3.5398214,2.5869935,2.094892,2.0767443
1214,3.2792826,2.7463245,1.5786071,1.0598022,1.0198716,3.3287897,3.5395343,2.5866997,2.0945976,2.076539
1215,3.281047,2.747624,1.5791783,1.0602413,1.0201901,3.3285213,3.5392468,2.586406,2.0943024,2.076334
1216,3.2828112,2.7489233,1.5797493,1.0606804,1.0205085,3.3282533,3.5389588,2.5861125,2.0940075,2.0761282
1217,3.2845743,2.7502224,1.5803208,1.0611193,1.0208269,3.3279843,3.5386715,2.5858192,2.0937126,2.0759232
1218,3.2863393,2.751522,1.5808916,1.0615582,1.0211452,3.3277164,3.5383842,2.585525,2.093418,2.075718
1219,3.288103,2.7528214,1.5814626,1.0619974,1.0214638,3.327448,3.5380962,2.5852315,2.093123,2.0755124
1220,3.289867,2.7541208,1.5820339,1.0624366,1.021782,3.32718,3.5378096,2.5849376,2.0928285,2.0753071
1221,3.291631,2.7554197,1.5826049,1.0628754,1.0221003,3.3269114,3.5375216,2.584644,2.0925333,2.075102
1222,3.293395,2.756719,1.5831759,1.0633144,1.0224189,3.326643,3.537234,2.5843506,2.0922387,2.0748966
1223,3.2951589,2.758018,1.5837469,1.0637534,1.0227373,3.3263745,3.5369473,2.5840569,2.0919442,2.074691
1224,3.296923,2.7593174,1.5843177,1.0641924,1.0230558,3.3261065,3.5366597,2.5837634,2.0916488,2.0744863
1225,3.298687,2.7606165,1.5848894,1.0646316,1.0233741,3.325838,3.5363717,2.5834696,2.0913541,2.074281
1226,3.3004513,2.7619157,1.5854602,1.0650706,1.0236926,3.3255692,3.5360844,2.5831761,2.0910594,2.074076
1227,3.3022046,2.7632074,1.5860295,1.0655155,1.0240065,3.3253021,3.535798,2.5828822,2.0907683,2.0738754
1228,3.3039556,2.7644973,1.5865991,1.065962,1.0243187,3.325035,3.5355127,2.5825872,2.0904799,2.0736768
1229,3.3057055,2.765786,1.5871685,1.0664086,1.0246311,3.3247676,3.5352266,2.5822928,2.09019,2.0734782
1230,3.3074563,2.7670758,1.587738,1.0668552,1.0249435,3.3245006,3.534941,2.5819983,2.0899005,2.07328
1231,3.3092067,2.7683647,1.5883071,1.0673018,1.025256,3.3242335,3.5346558,2.5817037,2.0896113,2.0730813
1232,3.310958,2.7696543,1.5888765,1.0677483,1.0255684,3.3239665,3.5343697,2.5814092,2.0893216,2.072883
1233,3.3127089,2.770944,1.5894458,1.0681949,1.0258807,3.323699,3.5340838,2.5811148,2.089032,2.0726838
1234,3.314459,2.772233,1.5900149,1.0686412,1.026193,3.323432,3.533798,2.5808198,2.0887427,2.0724857
1235,3.3162098,2.773522,1.590584,1.0690887,1.0265056,3.323165,3.5335128,2.5805259,2.0884542,2.0722878
1236,3.3179588,2.7748103,1.5911517,1.0695393,1.0268173,3.3228993,3.5332277,2.5802326,2.088169,2.0720918
1237,3.3197093,2.7760987,1.5917199,1.0699897,1.027129,3.3226342,3.532942,2.5799396,2.087884,2.0718963
1238,3.3214586,2.7773874,1.5922878,1.07044,1.027441,3.3223681,3.5326562,2.5796466,2.0875986,2.0717003
1239,3.3232095,2.7786756,1.5928559,1.0708904,1.027753,3.3221016,3.532371,2.5793536,2.0873137,2.0715044
1240,3.3249595,2.7799644,1.5934238,1.0713408,1.0280648,3.3218365,3.5320847,2.5790598,2.0870283,2.0713086
1241,3.3267083,2.7812517,1.5939918,1.0717909,1.0283769,3.3215704,3.5317993,2.5787673,2.086743,2.0711129
1242,3.3284166,2.782512,1.5945313,1.0722203,1.0286851,3.3213034,3.5315115,2.5784726,2.0864592,2.070915
1243,3.3301241,2.783772,1.5950713,1.0726495,1.0289931,3.3210359,3.5312228,2.578178,2.086176,2.0707176
1244,3.331832,2.785032,1.5956111,1.0730789,1.0293008,3.3207688,3.530934,2.5778837,2.0858924,2.0705197
1245,3.3335402,2.7862926,1.5961509,1.0735085,1.0296091,3.3205013,3.5306468,2.5775888,2.0856094,2.0703223
1246,3.3352475,2.7875533,1.5966907,1.0739379,1.0299169,3.3202338,3.530359,2.5772943,2.0853255,2.0701246
1247,3.3369553,2.788813,1.5972302,1.0743673,1.0302249,3.3199668,3.5300705,2.5769997,2.0850422,2.0699267
1248,3.338663,2.7900732,1.5977702,1.0747967,1.0305328,3.3196993,3.5297825,2.5767055,2.084759,2.0697293
1249,3.3403714,2.7913337,1.59831,1.0752258,1.0308408,3.3194318,3.529494,2.576411,2.0844755,2.069532
1250,3.3420792,2.792594,1.5988498,1.0756555,1.0311489,3.3191643,3.529206,2.5761166,2.0841916,2.069334
1251,3.343787,2.793854,1.5993898,1.0760849,1.031457,3.3188968,3.528918,2.5758219,2.0839086,2.0691364
1252,3.345495,2.7951143,1.5999293,1.0765142,1.0317649,3.3186288,3.52863,2.5755274,2.0836248,2.0689387
1253,3.3472023,2.7963743,1.6004691,1.0769435,1.0320728,3.3183618,3.5283418,2.5752332,2.0833414,2.068741
1254,3.3489103,2.7976356,1.6010091,1.0773729,1.0323808,3.3180947,3.528054,2.5749393,2.0830576,2.0685437
1255,3.3506184,2.7988963,1.6015494,1.0778029,1.0326889,3.3178272,3.5277662,2.5746431,2.0827737,2.0683467
1256,3.3523276,2.8001568,1.6020904,1.0782332,1.0329967,3.3175611,3.5274794,2.574348,2.0824895,2.0681503
1257,3.3540373,2.801419,1.6026318,1.0786648,1.033305,3.3172946,3.5271914,2.574052,2.082205,2.067954
1258,3.355751,2.802685,1.6031764,1.079099,1.0336139,3.3170295,3.5269048,2.5737555,2.081922,2.0677595
1259,3.3574643,2.803952,1.6037209,1.0795338,1.0339228,3.3167639,3.5266175,2.5734596,2.081638,2.067565
1260,3.3591783,2.8052177,1.6042652,1.0799685,1.034232,3.3164988,3.5263307,2.5731628,2.081355,2.0673702
1261,3.360892,2.8064842,1.60481,1.0804031,1.0345408,3.3162336,3.5260437,2.5728655,2.0810714,2.0671756
1262,3.3626094,2.8077574,1.605356,1.080835,1.0348577,3.3159628,3.5257514,2.572561,2.0807827,2.0669801
1263,3.3643277,2.809031,1.6059029,1.0812666,1.0351758,3.3156905,3.525457,2.5722551,2.0804927,2.0667844
1264,3.36605,2.8103085,1.6064508,1.0816994,1.0354933,3.3154178,3.5251644,2.5719507,2.0802042,2.0665882
1265,3.3677754,2.8115873,1.6069989,1.082133,1.0358105,3.315145,3.5248725,2.5716476,2.079916,2.0663922
1266,3.3695102,2.8128738,1.6075475,1.0825675,1.0361309,3.3148685,3.524577,2.5713408,2.0796254,2.066193
1267,3.371259,2.8141713,1.6080961,1.0830032,1.0364571,3.3145876,3.5242746,2.5710275,2.0793314,2.0659902
1268,3.3730083,2.8154688,1.608644,1.0834388,1.036783,3.3143058,3.5239725,2.5707135,2.0790386,2.0657873
1269,3.3747578,2.8167663,1.6091928,1.0838747,1.037109,3.314025,3.5236704,2.5704002,2.0787451,2.0655837
1270,3.376507,2.8180637,1.609741,1.08431,1.0374349,3.3137436,3.5233681,2.5700865,2.0784514,2.0653808
1271,3.378256,2.8193614,1.6102893,1.0847459,1.0377607,3.3134618,3.5230668,2.5697732,2.078158,2.065178
1272,3.3800058,2.8206592,1.6108375,1.0851814,1.0380867,3.313181,3.5227644,2.5694594,2.0778646,2.064975
1273,3.3817549,2.8219557,1.6113861,1.0856171,1.0384126,3.3128996,3.5224612,2.5691452,2.0775714,2.0647717
1274,3.3835042,2.8232536,1.6119344,1.0860528,1.0387385,3.3126178,3.5221598,2.5688322,2.077278,2.0645695
1275,3.385253,2.824551,1.6124828,1.0864882,1.0390645,3.312337,3.5218577,2.5685186,2.0769844,2.064366
1276,3.3870025,2.825849,1.6130309,1.086924,1.0393906,3.3120556,3.5215552,2.568205,2.076691,2.064163
1277,3.3887525,2.8271463,1.6135793,1.0873598,1.0397166,3.3117743,3.5212533,2.5678918,2.076398,2.06396
1278,3.3905015,2.8284435,1.6141274,1.0877955,1.0400425,3.311493,3.520951,2.5675776,2.0761044,2.063757
1279,3.3922536,2.8297439,1.6146774,1.0882318,1.0403675,3.3112116,3.5206485,2.567265,2.0758102,2.0635543
1280,3.3940113,2.8310459,1.6152277,1.0886691,1.0406914,3.3109312,3.520346,2.5669534,2.0755165,2.0633523
1281,3.3957682,2.832348,1.6157784,1.0891066,1.0410151,3.3106503,3.520044,2.5666413,2.0752225,2.0631504
1282,3.397525,2.8336506,1.6163287,1.0895438,1.041339,3.31037,3.5197413,2.5663302,2.0749288,2.062948
1283,3.399284,2.8349533,1.6168795,1.0899813,1.041663,3.310089,3.5194385,2.566018,2.0746346,2.0627458
1284,3.4010403,2.8362558,1.61743,1.0904185,1.0419867,3.3098083,3.5191357,2.5657067,2.0743406,2.0625439
1285,3.4027977,2.8375578,1.6179807,1.0908557,1.0423104,3.3095274,3.5188336,2.5653954,2.0740466,2.062342
1286,3.4045548,2.838861,1.618531,1.0912933,1.0426345,3.3092475,3.5185308,2.565083,2.0737524,2.0621395
1287,3.4063122,2.8401628,1.619082,1.0917306,1.0429583,3.3089662,3.5182283,2.5647721,2.073459,2.0619376
1288,3.4080696,2.8414652,1.6196322,1.0921679,1.0432822,3.3086858,3.5179257,2.5644598,2.0731647,2.0617354
1289,3.4098272,2.8427675,1.620183,1.0926054,1.0436059,3.308405,3.5176232,2.564148,2.0728705,2.0615335
1290,3.4115844,2.8440702,1.6207335,1.0930426,1.0439298,3.308124,3.5173204,2.563837,2.0725763,2.0613315
1291,3.413342,2.8453724,1.6212842,1.0934801,1.0442536,3.3078432,3.517018,2.5635247,2.0722826,2.0611296
1292,3.4150991,2.8466752,1.6218348,1.0939176,1.0445772,3.3075628,3.5167158,2.5632133,2.0719886,2.0609274
1293,3.4168565,2.8479776,1.6223853,1.0943549,1.0449013,3.3072824,3.516413,2.562902,2.0716946,2.0607255
1294,3.4186141,2.8492799,1.6229362,1.0947921,1.0452253,3.307002,3.5161102,2.5625904,2.0714006,2.060523
1295,3.4203713,2.8505821,1.6234863,1.0952295,1.0455489,3.3067203,3.5158074,2.5622787,2.0711064,2.060321
1296,3.4221287,2.8518853,1.6240375,1.0956669,1.0458729,3.3064399,3.5155056,2.5619664,2.0708125,2.060119
1297,3.4238858,2.8531873,1.624588,1.0961041,1.0461966,3.306159,3.5152028,2.561655,2.070519,2.0599167
1298,3.425643,2.85449,1.6251385,1.0965416,1.0465206,3.305879,3.5149,2.561343,2.070225,2.0597146
1299,3.4274037,2.8557935,1.6256874,1.0969771,1.0468423,3.3055954,3.5145943,2.5610316,2.0699286,2.05951
1300,3.429167,2.857099,1.6262352,1.0974114,1.0471632,3.3053112,3.5142884,2.5607204,2.0696318,2.059303
1301,3.4309304,2.8584044,1.6267827,1.0978458,1.0474837,3.3050265,3.513981,2.5604088,2.0693347,2.0590968
1302,3.4326932,2.8597093,1.6273305,1.0982802,1.0478045,3.3047423,3.513675,2.5600972,2.0690382,2.05889
1303,3.4344497,2.8610094,1.6278737,1.0987115,1.0481216,3.3044553,3.5133665,2.5597835,2.0687404,2.0586832
1304,3.4362211,2.8623247,1.6284206,1.0991464,1.0484378,3.304163,3.5130498,2.5594587,2.068435,2.0584707
1305,3.4379973,2.8636453,1.6289687,1.0995818,1.0487542,3.3038669,3.5127313,2.5591316,2.0681279,2.0582561
1306,3.439773,2.8649673,1.6295176,1.1000178,1.0490706,3.3035717,3.5124125,2.558805,2.0678205,2.0580423
1307,3.4415495,2.8662887,1.6300664,1.1004539,1.049387,3.303276,3.5120943,2.5584776,2.067513,2.0578275
1308,3.4433253,2.867609,1.6306145,1.1008897,1.0497032,3.3029804,3.5117753,2.5581503,2.067206,2.0576134
1309,3.4451015,2.86893,1.6311634,1.1013256,1.0500197,3.3026857,3.5114563,2.5578237,2.0668983,2.0573988
1310,3.4468777,2.8702517,1.631712,1.1017613,1.0503364,3.3023896,3.511138,2.5574963,2.066591,2.0571845
1311,3.4486558,2.8715749,1.6322601,1.1021965,1.0506512,3.302095,3.5108206,2.5571723,2.0662832,2.0569704
1312,3.4504359,2.872902,1.6328077,1.10263,1.0509641,3.3018007,3.510506,2.5568542,2.065975,2.0567572
1313,3.4522154,2.8742287,1.6333551,1.1030633,1.0512768,3.301507,3.5101912,2.5565364,2.0656657,2.0565434
1314,3.4539952,2.875556,1.633903,1.1034973,1.0515897,3.3012128,3.5098763,2.5562186,2.0653574,2.0563295
1315,3.455776,2.8768833,1.6344504,1.1039306,1.0519024,3.3009186,3.509562,2.5559006,2.065049,2.0561163
1316,3.4575553,2.87821,1.6349983,1.1043642,1.0522152,3.3006253,3.5092473,2.5555825,2.0647402,2.0559027
1317,3.4593356,2.8795366,1.6355462,1.1047978,1.0525285,3.3003316,3.5089338,2.5552645,2.064432,2.0556889
1318,3.4611137,2.8808641,1.6360955,1.105232,1.0528431,3.3000398,3.5086215,2.5549464,2.064123,2.055475
1319,3.462893,2.8821912,1.6366448,1.1056662,1.0531577,3.299747,3.508309,2.5546293,2.0638142,2.0552614
1320,3.4646716,2.8835175,1.6371937,1.1061003,1.0534723,3.2994537,3.5079973,2.5543113,2.0635056,2.0550475
1321,3.4664507,2.8848443,1.6377428,1.1065344,1.0537866,3.2991629,3.5076847,2.5539942,2.0631971,2.0548334
1322,3.4682288,2.8861713,1.6382921,1.1069686,1.0541013,3.29887,3.507372,2.5536764,2.0628886,2.0546198
1323,3.4700081,2.8874986,1.6388412,1.1074028,1.0544158,3.2985778,3.5070598,2.553359,2.0625794,2.054406
1324,3.4717867,2.8888261,1.6393905,1.1078367,1.0547303,3.298285,3.506748,2.5530407,2.062271,2.054192
1325,3.4735656,2.8901522,1.6399398,1.108271,1.0550448,3.2979932,3.5064356,2.5527236,2.0619624,2.0539782
1326,3.4753442,2.8914795,1.6404889,1.1087053,1.0553595,3.297701,3.5061233,2.5524056,2.0616536,2.0537648
1327,3.4771235,2.8928063,1.6410382,1.1091394,1.0556741,3.297409,3.5058115,2.552088,2.0613453,2.0535505
1328,3.4789016,2.8941329,1.6415873,1.1095736,1.0559886,3.2971158,3.5054986,2.551771,2.061036,2.053337
1329,3.480681,2.8954597,1.6421363,1.1100075,1.0563029,3.2968235,3.5051868,2.5514534,2.0607276,2.0531232
1330,3.48246,2.8967862,1.6426852,1.1104412,1.0566176,3.2965312,3.5048738,2.5511355,2.0604188,2.0529094
1331,3.4842405,2.8981128,1.6432343,1.110873,1.0569324,3.296236,3.5045598,2.5508192,2.0601084,2.052694
1332,3.486021,2.8994384,1.6437833,1.111305,1.0572475,3.2959414,3.5042455,2.5505025,2.059798,2.052479
1333,3.4878173,2.9007754,1.6443381,1.1117349,1.0575728,3.295641,3.5039241,2.5501778,2.0594802,2.052257
1334,3.4896135,2.9021125,1.6448927,1.1121647,1.0578978,3.2953405,3.503602,2.5498538,2.059163,2.0520356
1335,3.4914143,2.9034526,1.6454513,1.1125948,1.0582191,3.295041,3.5032814,2.5495322,2.0588477,2.051814
1336,3.4932175,2.904792,1.6460102,1.1130246,1.0585401,3.2947416,3.5029602,2.549211,2.0585322,2.0515933
1337,3.4950187,2.9061327,1.6465688,1.1134546,1.0588611,3.2944422,3.5026388,2.54889,2.0582168,2.0513718
1338,3.496821,2.9074728,1.6471276,1.1138843,1.0591822,3.2941437,3.5023184,2.5485692,2.0579011,2.0511508
1339,3.4986215,2.908812,1.647686,1.1143141,1.0595031,3.2938447,3.5019977,2.5482476,2.0575864,2.0509295
1340,3.5004244,2.9101524,1.6482449,1.114744,1.059824,3.2935457,3.5016768,2.547927,2.0572712,2.0507083
1341,3.5022254,2.9114923,1.6488035,1.1151738,1.0601451,3.2932467,3.501355,2.5476048,2.0569553,2.0504873
1342,3.5040278,2.9128325,1.6493623,1.1156039,1.0604662,3.2929473,3.501034,2.5472841,2.0566397,2.0502658
1343,3.5058296,2.9141724,1.649921,1.1160336,1.0607873,3.2926483,3.5007136,2.5469627,2.0563247,2.0500448
1344,3.5076315,2.915512,1.6504796,1.1164634,1.0611082,3.2923498,3.500393,2.5466416,2.0560093,2.0498235
1345,3.5094354,2.9168515,1.6510382,1.1168927,1.0614293,3.2920513,3.500072,2.5463202,2.0556931,2.0496018
1346,3.511231,2.9181833,1.6515899,1.1173167,1.0617493,3.2917542,3.4997518,2.5459979,2.0553777,2.0493805
1347,3.5130184,2.9195077,1.6521366,1.1177373,1.0620693,3.2914562,3.49943,2.5456748,2.0550616,2.0491602
1348,3.5148058,2.9208333,1.6526828,1.1181581,1.0623891,3.2911582,3.4991086,2.545352,2.054746,2.0489395
1349,3.5165942,2.9221585,1.6532297,1.1185787,1.062709,3.2908611,3.4987872,2.5450287,2.0544302,2.0487194
1350,3.518381,2.9234843,1.6537762,1.1189995,1.0630288,3.2905636,3.4984658,2.5447059,2.0541136,2.048499
1351,3.520168,2.9248087,1.6543229,1.11942,1.0633485,3.2902656,3.498144,2.544383,2.0537982,2.0482786
1352,3.5219567,2.9261348,1.6548691,1.1198406,1.0636684,3.289968,3.4978223,2.5440598,2.0534828,2.0480578
1353,3.5237446,2.9274602,1.6554158,1.1202612,1.0639883,3.2896705,3.497501,2.543737,2.0531669,2.0478377
1354,3.525531,2.928785,1.6559627,1.120682,1.0643082,3.2893724,3.4971793,2.5434144,2.052851,2.0476172
1355,3.527318,2.9301112,1.6565092,1.1211025,1.0646279,3.289075,3.496858,2.5430913,2.0525348,2.0473967
1356,3.529107,2.9314363,1.6570556,1.1215231,1.0649477,3.2887774,3.496536,2.542768,2.0522192,2.0471764
1357,3.5308936,2.9327612,1.6576021,1.1219438,1.0652674,3.2884798,3.4962146,2.5424447,2.0519035,2.0469556
1358,3.532681,2.9340868,1.6581488,1.1223648,1.0655873,3.2881818,3.4958937,2.542122,2.0515876,2.0467358
1359,3.534469,2.935412,1.6586955,1.1227853,1.0659071,3.2878838,3.4955714,2.541799,2.0512717,2.046515
1360,3.5362563,2.936738,1.6592419,1.1232061,1.0662268,3.2875862,3.49525,2.5414762,2.0509565,2.0462945
1361,3.5380437,2.9380631,1.6597884,1.1236267,1.0665469,3.2872882,3.4949286,2.5411527,2.05064,2.0460737
1362,3.5398312,2.9393888,1.6603348,1.1240469,1.0668663,3.2869906,3.4946067,2.5408301,2.0503247,2.0458531
1363,3.5416174,2.9407122,1.6608808,1.1244667,1.0671854,3.2866926,3.4942844,2.540507,2.0500083,2.0456326
1364,3.5434034,2.9420366,1.6614265,1.1248863,1.0675043,3.2863932,3.4939613,2.5401845,2.049692,2.0454123
1365,3.54519,2.9433603,1.6619725,1.1253059,1.0678234,3.2860947,3.4936395,2.5398614,2.049376,2.0451913
1366,3.5469759,2.9446845,1.6625185,1.1257254,1.0681423,3.2857962,3.4933171,2.5395389,2.0490596,2.0449703
1367,3.5487626,2.946009,1.6630645,1.1261451,1.0684614,3.2854977,3.4929948,2.5392156,2.0487435,2.04475
1368,3.5505483,2.9473333,1.6636105,1.1265647,1.0687803,3.2851992,3.4926722,2.5388927,2.0484278,2.0445294
1369,3.5523348,2.948657,1.6641564,1.1269841,1.0690993,3.2849007,3.4923496,2.53857,2.048112,2.0443084
1370,3.5541213,2.9499812,1.6647022,1.1274039,1.0694181,3.2846022,3.492027,2.5382476,2.0477958,2.0440874
1371,3.555908,2.9513052,1.6652479,1.1278234,1.0697372,3.2843032,3.4917045,2.5379245,2.0474794,2.0438666
1372,3.5576942,2.9526298,1.6657939,1.128243,1.0700561,3.2840047,3.4913821,2.5376015,2.047163,2.043646
1373,3.5594795,2.9539537,1.6663401,1.1286628,1.0703752,3.2837052,3.49106,2.5372782,2.0468469,2.0434253
1374,3.561267,2.9552774,1.6668859,1.1290821,1.0706941,3.2834077,3.4907377,2.5369558,2.0465307,2.0432048
1375,3.563052,2.956602,1.6674318,1.1295018,1.0710131,3.2831082,3.490415,2.5366328,2.0462146,2.0429842
1376,3.5648394,2.9579256,1.6679776,1.1299214,1.071332,3.2828102,3.4900928,2.53631,2.045899,2.042763
1377,3.5666256,2.95925,1.6685238,1.1303409,1.0716511,3.2825108,3.4897692,2.535987,2.0455825,2.0425427
1378,3.5684114,2.9605737,1.6690698,1.1307606,1.07197,3.2822127,3.4894476,2.5356643,2.0452662,2.0423217
1379,3.5701976,2.9618979,1.6696155,1.1311804,1.0722892,3.2819142,3.4891248,2.5353415,2.04495,2.0421011
1380,3.5719843,2.9632225,1.6701612,1.1315997,1.072608,3.2816153,3.4888022,2.5350184,2.0446343,2.0418804
1381,3.5737705,2.9645467,1.6707072,1.1320195,1.072927,3.2813168,3.4884803,2.5346956,2.0443177,2.0416596
1382,3.575557,2.9658704,1.671253,1.1324389,1.0732459,3.2810183,3.4881575,2.5343726,2.0440018,2.041439
1383,3.5773306,2.9671686,1.6717985,1.1328576,1.0735655,3.2807193,3.487839,2.5340486,2.0436842,2.0412114
1384,3.5791037,2.968467,1.672344,1.1332761,1.0738847,3.2804198,3.48752,2.533725,2.0433664,2.0409837
1385,3.5808773,2.9697647,1.6728892,1.1336944,1.0742043,3.2801208,3.487202,2.5334005,2.0430489,2.0407553
1386,3.5826511,2.9710631,1.6734345,1.1341127,1.0745238,3.2798219,3.4868822,2.5330765,2.0427318,2.0405276
1387,3.5844305,2.9723654,1.6739812,1.1345316,1.0748421,3.2795196,3.4865608,2.532749,2.0424109,2.0402985
1388,3.5862176,2.9736726,1.6745288,1.1349509,1.0751592,3.2792149,3.4862363,2.5324185,2.0420868,2.0400684
1389,3.5880046,2.9749794,1.6750765,1.13537,1.0754763,3.278911,3.4859111,2.5320878,2.0417635,2.039838
1390,3.5897913,2.976285,1.6756246,1.1357903,1.0757936,3.2786064,3.4855864,2.531757,2.0414398,2.0396075
1391,3.591578,2.9775896,1.676173,1.136211,1.0761108,3.2783017,3.4852612,2.5314271,2.0411155,2.0393765
1392,3.5933638,2.978894,1.6767216,1.1366317,1.076428,3.2779965,3.484936,2.5310974,2.0407925,2.0391457
1393,3.5951505,2.9801989,1.6772699,1.1370528,1.0767454,3.2776918,3.4846113,2.5307672,2.0404677,2.0389147
1394,3.5969365,2.9815028,1.6778183,1.1374736,1.0770626,3.2773876,3.484286,2.5304375,2.0401437,2.038684
1395,3.5987232,2.9828079,1.6783669,1.1378946,1.07738,3.277083,3.4839618,2.5301073,2.0398202,2.0384533
1396,3.6005092,2.9841118,1.6789153,1.1383152,1.077697,3.2767782,3.4836366,2.5297773,2.0394964,2.0382228
1397,3.6022959,2.9854174,1.6794636,1.1387362,1.0780146,3.2764735,3.4833112,2.5294468,2.0391722,2.0379918
1398,3.6040816,2.9867213,1.6800117,1.139157,1.078332,3.2761688,3.482986,2.529117,2.0388486,2.0377614
1399,3.6058688,2.9880264,1.6805606,1.1395776,1.0786492,3.2758641,3.482661,2.5287867,2.0385244,2.037531
1400,3.607654,2.9893305,1.6811087,1.1399987,1.0789665,3.2755594,3.4823358,2.528457,2.0382006,2.0372996
1401,3.6094408,2.990635,1.6816576,1.1404196,1.0792836,3.2752552,3.482011,2.5281267,2.0378773,2.0370688
1402,3.6112282,2.9919398,1.6822057,1.1408405,1.0796012,3.2749505,3.4816864,2.5277967,2.0375533,2.0368378
1403,3.6130133,2.9932437,1.682754,1.1412612,1.0799184,3.2746449,3.481361,2.5274665,2.0372288,2.0366073
1404,3.6148033,2.9945529,1.6832969,1.14168,1.080237,3.2743392,3.4810328,2.5271332,2.0369036,2.0363748
1405,3.6166024,2.995875,1.6838248,1.142093,1.0805588,3.2740283,3.4806976,2.5267906,2.0365746,2.0361385
1406,3.618402,2.9971979,1.6843522,1.1425059,1.0808805,3.2737174,3.4803631,2.5264487,2.0362456,2.0359025
1407,3.6202006,2.998519,1.6848803,1.1429188,1.0812025,3.2734075,3.4800282,2.5261066,2.035916,2.0356667
1408,3.6219993,2.9998412,1.6854079,1.143332,1.0815246,3.273096,3.4796925,2.5257642,2.035587,2.03543
1409,3.6237962,3.0011601,1.6859355,1.1437457,1.081846,3.2727852,3.479358,2.525422,2.035257,2.035194
1410,3.6255813,3.0024695,1.6864543,1.1441543,1.082163,3.2724738,3.4790232,2.525078,2.034926,2.0349562
1411,3.6273642,3.0037766,1.6869731,1.1445625,1.0824798,3.2721624,3.478688,2.524735,2.034594,2.034719
1412,3.6291487,3.005085,1.6874919,1.1449711,1.0827966,3.27185,3.4783537,2.524392,2.0342622,2.0344813
1413,3.6309323,3.0063932,1.6880105,1.1453795,1.0831137,3.2715383,3.478018,2.5240483,2.0339308,2.034244
1414,3.6327162,3.0077014,1.6885295,1.1457882,1.0834303,3.271227,3.477683,2.5237052,2.0335991,2.0340064
1415,3.6344938,3.0090082,1.6890433,1.1461961,1.083744,3.270914,3.477346,2.5233636,2.033265,2.0337708
1416,3.636262,3.0103157,1.6895595,1.1466048,1.0840547,3.2706027,3.477009,2.5230262,2.0329292,2.0335362
1417,3.6380317,3.011622,1.6900756,1.1470132,1.0843652,3.2702913,3.476672,2.5226889,2.0325933,2.0333028
1418,3.6397994,3.012929,1.6905916,1.1474218,1.0846759,3.2699795,3.4763353,2.5223517,2.032257,2.0330687
1419,3.641566,3.0142422,1.6911051,1.1478288,1.0849833,3.2696662,3.475996,2.5220108,2.0319219,2.0328372
1420,3.6433315,3.0155563,1.691618,1.1482356,1.0852902,3.269352,3.4756563,2.521668,2.0315864,2.0326068
1421,3.6450973,3.016872,1.6921308,1.1486421,1.0855968,3.2690372,3.4753165,2.5213263,2.0312514,2.0323768
1422,3.6468623,3.018186,1.6926436,1.1490482,1.0859026,3.2687216,3.474975,2.5209827,2.0309145,2.0321455
1423,3.6486273,3.0195,1.6931555,1.1494536,1.0862066,3.2684035,3.4746308,2.5206356,2.030575,2.0319126
1424,3.650393,3.0208144,1.6936677,1.1498597,1.0865105,3.2680845,3.4742875,2.520289,2.0302358,2.0316799
1425,3.6521583,3.0221286,1.6941805,1.150265,1.0868144,3.267766,3.473944,2.519942,2.0298965,2.0314462
1426,3.653923,3.023442,1.6946924,1.1506705,1.0871185,3.2674475,3.4735997,2.519595,2.0295575,2.0312138
1427,3.6556883,3.0247574,1.6952045,1.1510761,1.0874225,3.2671285,3.4732563,2.5192487,2.0292175,2.0309806
1428,3.6574535,3.026071,1.6957171,1.1514816,1.0877262,3.26681,3.472912,2.5189016,2.028879,2.0307477
1429,3.6592193,3.0273857,1.6962292,1.1518872,1.0880303,3.2664914,3.4725683,2.5185547,2.0285397,2.0305145
1430,3.660984,3.0287,1.6967413,1.1522927,1.0883342,3.266173,3.472225,2.5182076,2.0282,2.0302813
1431,3.6627493,3.0300145,1.6972537,1.1526983,1.0886382,3.2658544,3.4718802,2.517861,2.027861,2.0300481
1432,3.664514,3.0313292,1.6977661,1.153104,1.088942,3.2655358,3.4715369,2.5175138,2.0275216,2.0298154
1433,3.6662793,3.0326426,1.698278,1.1535094,1.089246,3.2652173,3.471193,2.517167,2.0271826,2.0295823
1434,3.668046,3.0339575,1.6987898,1.1539164,1.0895524,3.2648983,3.4708488,2.5168214,2.026844,2.0293484
1435,3.6698127,3.0352705,1.6993,1.1543257,1.0898633,3.2645783,3.4705045,2.516478,2.0265067,2.0291133
1436,3.6715803,3.0365846,1.69981,1.1547346,1.090174,3.2642574,3.4701598,2.5161352,2.0261695,2.0288775
1437,3.6733484,3.0379,1.7003188,1.1551442,1.090485,3.2639375,3.469814,2.5157924,2.0258324,2.0286417
1438,3.6750827,3.039199,1.7008388,1.1555567,1.0908006,3.2636204,3.4694698,2.5154536,2.0254982,2.0284107
1439,3.6768217,3.0404985,1.7013602,1.1559682,1.091125,3.2632985,3.4691184,2.51511,2.0251577,2.0281744
1440,3.6785648,3.0418007,1.7018814,1.156379,1.091454,3.2629752,3.4687629,2.5147636,2.024814,2.027935
1441,3.6803057,3.0431032,1.7024012,1.1567881,1.091782,3.2626476,3.4684033,2.514414,2.0244675,2.0276933
1442,3.6820474,3.0444057,1.7029209,1.1571968,1.0921096,3.262319,3.4680421,2.5140638,2.0241203,2.0274503
1443,3.6837893,3.0457084,1.7034404,1.1576056,1.0924374,3.261991,3.4676805,2.513714,2.023773,2.0272071
1444,3.6855307,3.047011,1.7039597,1.1580143,1.0927652,3.261663,3.4673202,2.5133638,2.0234256,2.0269644
1445,3.687272,3.0483139,1.7044797,1.1584232,1.093093,3.2613344,3.4669585,2.5130136,2.0230784,2.0267212
1446,3.6890137,3.0496163,1.7049985,1.1588321,1.0934209,3.2610064,3.4665978,2.512664,2.0227315,2.0264778
1447,3.6907554,3.0509186,1.7055182,1.1592408,1.0937487,3.2606788,3.4662356,2.5123134,2.0223842,2.0262353
1448,3.6924968,3.0522213,1.7060378,1.1596496,1.0940763,3.2603502,3.4658747,2.5119634,2.0220368,2.0259924
1449,3.6942375,3.053524,1.706557,1.1600583,1.0944041,3.2600222,3.4655135,2.5116134,2.0216894,2.0257494
1450,3.6959782,3.0548368,1.7070737,1.1604654,1.0947345,3.2596893,3.4651487,2.5112584,2.021339,2.0255067
1451,3.697719,3.0561514,1.7075906,1.160872,1.0950648,3.259356,3.4647827,2.5109034,2.0209875,2.0252643
1452,3.6994607,3.0574658,1.7081068,1.1612787,1.0953956,3.2590232,3.4644163,2.5105476,2.020636,2.025021
1453,3.7012017,3.05878,1.7086232,1.1616853,1.095726,3.2586899,3.4640515,2.5101922,2.020285,2.024778
1454,3.7029428,3.0600944,1.7091396,1.162092,1.0960567,3.258357,3.463685,2.5098367,2.0199335,2.0245357
1455,3.7046802,3.061407,1.7096603,1.1625018,1.0963906,3.2580242,3.463322,2.5094795,2.0195827,2.0242906
1456,3.706417,3.0627196,1.7101827,1.1629125,1.0967261,3.257691,3.462961,2.5091217,2.019232,2.024045
1457,3.708152,3.0640314,1.7107055,1.1633236,1.0970613,3.2573571,3.4625998,2.508764,2.0188823,2.0237992
1458,3.7098892,3.0653439,1.7112279,1.1637344,1.0973966,3.2570238,3.4622376,2.5084066,2.0185318,2.0235536
1459,3.711625,3.066656,1.71175,1.1641454,1.0977316,3.256691,3.4618757,2.508049,2.0181813,2.0233073
1460,3.7133605,3.0679684,1.7122729,1.1645563,1.0980669,3.2563581,3.4615142,2.5076914,2.017831,2.0230615
1461,3.715097,3.0692806,1.7127955,1.1649671,1.0984021,3.2560248,3.4611533,2.507334,2.017481,2.0228155
1462,3.7168326,3.0705922,1.7133179,1.1653781,1.0987375,3.2556915,3.4607913,2.5069764,2.0171304,2.02257
1463,3.7185686,3.0719044,1.7138402,1.1657889,1.0990727,3.2553577,3.46043,2.5066183,2.01678,2.0223238
1464,3.72031,3.073221,1.7143619,1.1661981,1.0994112,3.255021,3.4600651,2.5062594,2.0164275,2.0220752
1465,3.7220554,3.0745418,1.7148824,1.1666057,1.099753,3.2546802,3.4596965,2.5059,2.0160728,2.0218241
1466,3.7238007,3.0758624,1.7154026,1.1670134,1.1000949,3.2543392,3.459328,2.5055397,2.015719,2.0215724
1467,3.725546,3.077183,1.7159231,1.1674211,1.1004366,3.2539988,3.4589598,2.5051801,2.0153644,2.021321
1468,3.727291,3.0785034,1.7164433,1.1678287,1.1007783,3.2536578,3.4585912,2.50482,2.0150096,2.02107
1469,3.7290363,3.0798242,1.7169638,1.1682365,1.10112,3.2533169,3.4582233,2.5044608,2.0146558,2.0208185
1470,3.7307816,3.0811443,1.717484,1.168644,1.1014619,3.252976,3.4578555,2.5041003,2.0143013,2.0205672
1471,3.7325268,3.0824652,1.7180042,1.1690519,1.1018035,3.252635,3.4574873,2.5037403,2.0139465,2.0203156
1472,3.7342715,3.0837858,1.7185247,1.1694593,1.1021452,3.252294,3.4571187,2.5033803,2.0135925,2.0200644
1473,3.7360172,3.0851064,1.7190454,1.169867,1.102487,3.2519536,3.4567506,2.5030198,2.0132377,2.019813
1474,3.737763,3.0864265,1.7195656,1.1702745,1.1028286,3.2516127,3.456382,2.5026603,2.012884,2.0195618
1475,3.7395072,3.087747,1.7200859,1.1706824,1.1031705,3.2512717,3.4560142,2.502301,2.0125296,2.0193102
1476,3.7412603,3.0890753,1.720607,1.1710882,1.1035084,3.250928,3.455643,2.5019376,2.0121758,2.0190556
1477,3.7430248,3.0904064,1.7211297,1.1714962,1.1038533,3.2505808,3.455269,2.5015728,2.0118222,2.0187995
1478,3.744791,3.0917392,1.7216523,1.1719044,1.1041992,3.2502327,3.4548943,2.5012074,2.0114686,2.018543
1479,3.7465582,3.093072,1.7221792,1.1723158,1.104542,3.2498846,3.4545224,2.500843,2.011117,2.0182874
1480,3.7483273,3.0944057,1.7227082,1.1727284,1.104883,3.249536,3.454153,2.5004792,2.010766,2.0180314
1481,3.7500951,3.095739,1.7232375,1.1731412,1.1052238,3.2491875,3.453783,2.5001154,2.0104148,2.017776
1482,3.751864,3.0970726,1.7237668,1.173554,1.1055645,3.248839,3.4534135,2.4997513,2.010064,2.01752
1483,3.753632,3.098406,1.7242961,1.1739669,1.1059057,3.2484908,3.4530432,2.4993873,2.0097127,2.0172641
1484,3.7553995,3.0997396,1.7248254,1.1743796,1.1062465,3.2481422,3.4526734,2.4990232,2.0093622,2.0170085
1485,3.7571683,3.1010725,1.7253544,1.1747923,1.1065873,3.2477932,3.4523036,2.4986594,2.009011,2.0167527
1486,3.758936,3.102406,1.7258837,1.1752052,1.1069283,3.2474456,3.4519336,2.4982958,2.0086598,2.0164971
1487,3.7607021,3.1037378,1.7264104,1.1756191,1.1072707,3.247099,3.451566,2.4979312,2.008309,2.0162427
1488,3.762465,3.1050682,1.7269344,1.1760342,1.107615,3.2467546,3.451199,2.4975667,2.0079572,2.0159895
1489,3.764228,3.1063979,1.7274582,1.1764493,1.1079592,3.24641,3.4508326,2.4972014,2.007606,2.0157363
1490,3.7659907,3.107727,1.7279818,1.1768644,1.1083035,3.2460666,3.450466,2.4968364,2.0072546,2.0154834
1491,3.767753,3.1090562,1.7285063,1.1772795,1.108648,3.2457223,3.4500992,2.4964716,2.006903,2.0152304
1492,3.7695103,3.1103816,1.729033,1.177696,1.1089957,3.2453804,3.449733,2.4961092,2.0065541,2.014976
1493,3.7712572,3.1116967,1.7295644,1.1781147,1.1093509,3.2450423,3.4493701,2.4957516,2.0062113,2.0147204
1494,3.773004,3.1130123,1.7300961,1.178533,1.1097057,3.2447033,3.4490068,2.4953942,2.0058687,2.0144646
1495,3.7747505,3.1143274,1.7306271,1.1789515,1.1100607,3.2443643,3.4486427,2.4950366,2.0055256,2.0142086
1496,3.7765017,3.1156597,1.7311506,1.1793656,1.1104126,3.244022,3.4482746,2.4946713,2.0051796,2.0139492
1497,3.778254,3.116996,1.7316706,1.1797774,1.1107635,3.2436762,3.4479039,2.4943047,2.0048323,2.0136888
1498,3.780007,3.1183326,1.7321908,1.1801895,1.1111149,3.243331,3.4475338,2.493938,2.0044847,2.0134284
1499,3.7817578,3.1196694,1.7327113,1.1806011,1.1114657,3.2429862,3.4471633,2.4935713,2.0041368,2.0131676
1500,3.7835097,3.1210053,1.7332315,1.1810131,1.1118166,3.242641,3.4467928,2.4932048,2.0037894,2.012907
1501,3.7852607,3.1223416,1.7337515,1.1814251,1.1121677,3.2422967,3.4464223,2.4928381,2.0034423,2.0126464
1502,3.7870135,3.123678,1.734272,1.181837,1.1125187,3.2419515,3.4460516,2.4924712,2.003095,2.0123856
1503,3.7887654,3.1250145,1.7347922,1.1822488,1.1128696,3.2416067,3.4456813,2.492105,2.0027473,2.012125
1504,3.7905169,3.1263506,1.7353125,1.1826607,1.1132205,3.241261,3.445311,2.4917388,2.0023997,2.011865
1505,3.7922726,3.127695,1.7358391,1.1830735,1.1135659,3.2409177,3.444941,2.4913697,2.0020545,2.011607
1506,3.7940292,3.1290421,1.7363682,1.1834866,1.1139091,3.2405744,3.4445722,2.4910007,2.0017095,2.011351
1507,3.795785,3.1303892,1.736897,1.1838996,1.1142517,3.2402315,3.4442039,2.4906316,2.0013647,2.0110946
1508,3.797542,3.1317368,1.737426,1.1843128,1.1145948,3.2398887,3.443834,2.4902625,2.00102,2.0108385
1509,3.7992992,3.1330838,1.7379549,1.184726,1.114938,3.2395449,3.4434655,2.4898932,2.0006747,2.0105824
1510,3.8010592,3.1344337,1.7384884,1.1851416,1.1152797,3.2392025,3.4430974,2.4895258,2.000329,2.010327
1511,3.8028195,3.1357837,1.739022,1.1855574,1.1156212,3.2388592,3.4427285,2.4891584,1.9999833,2.010072
1512,3.8045802,3.1371336,1.7395561,1.1859734,1.1159626,3.2385168,3.44236,2.488791,1.9996378,2.0098166
1513,3.8063412,3.1384835,1.7400897,1.1863894,1.116304,3.2381744,3.4419916,2.4884236,1.9992919,2.0095613
1514,3.8081012,3.139834,1.7406237,1.1868052,1.1166458,3.2378316,3.4416234,2.4880564,1.9989462,2.0093062
1515,3.8098621,3.1411846,1.7411573,1.1872213,1.1169871,3.2374883,3.4412544,2.487689,1.9986007,2.0090513
1516,3.8116226,3.1425352,1.7416914,1.1876371,1.1173289,3.2371464,3.4408863,2.4873223,1.9982548,2.008796
1517,3.8133826,3.1438847,1.7422249,1.1880533,1.1176704,3.236804,3.440518,2.4869547,1.9979086,2.0085409
1518,3.8151443,3.1452346,1.7427592,1.1884694,1.1180115,3.2364612,3.440149,2.4865875,1.9975624,2.0082858
1519,3.8169074,3.1465855,1.743295,1.1888864,1.118352,3.2361178,3.439781,2.48622,1.9972138,2.0080302
1520,3.8186707,3.1479354,1.7438302,1.1893036,1.1186924,3.2357745,3.4394124,2.4858527,1.9968655,2.007774
1521,3.8204336,3.149286,1.7443659,1.1897207,1.1190327,3.2354317,3.4390433,2.485485,1.9965167,2.0075192
1522,3.8221974,3.1506362,1.7449012,1.1901379,1.1193732,3.2350888,3.4386752,2.4851184,1.9961686,2.0072644
1523,3.8239603,3.151987,1.7454367,1.190555,1.1197137,3.234746,3.4383068,2.4847507,1.9958193,2.0070086
1524,3.8257236,3.1533363,1.7459722,1.1909721,1.1200541,3.2344022,3.4379375,2.484384,1.9954715,2.0067532
1525,3.8274865,3.154687,1.7465076,1.1913893,1.1203945,3.2340598,3.4375694,2.4840164,1.9951229,2.0064983
1526,3.829249,3.1560383,1.7470434,1.1918063,1.1207348,3.233716,3.437202,2.4836488,1.9947746,2.0062425
1527,3.8310127,3.1573882,1.7475789,1.1922233,1.1210755,3.2333732,3.4368327,2.4832819,1.994426,2.0059874
1528,3.8327744,3.1587377,1.7481141,1.1926401,1.1214159,3.2330303,3.436464,2.4829144,1.9940779,2.0057325
1529,3.8345351,3.160085,1.7486486,1.1930563,1.1217562,3.2326875,3.4360945,2.4825475,1.993731,2.0054774
1530,3.8362951,3.1614316,1.7491841,1.1934726,1.1220965,3.232345,3.4357257,2.4821806,1.9933844,2.0052228
1531,3.838056,3.1627786,1.7497182,1.1938889,1.1224368,3.2320027,3.435357,2.4818134,1.9930375,2.004968
1532,3.839815,3.164126,1.7502532,1.1943052,1.1227771,3.2316604,3.4349883,2.481446,1.992691,2.004713
1533,3.8415756,3.165474,1.7507885,1.1947212,1.1231174,3.2313175,3.4346197,2.4810789,1.9923437,2.0044582
1534,3.8433352,3.1668208,1.751323,1.1951376,1.1234579,3.2309756,3.4342513,2.4807124,1.9919968,2.004203
1535,3.845096,3.1681674,1.7518578,1.1955538,1.1237983,3.2306328,3.4338825,2.4803452,1.9916503,2.0039487
1536,3.846842,3.1695051,1.752392,1.195971,1.1241347,3.23029,3.4335165,2.479981,1.9913023,2.0036943
1537,3.8485594,3.1708274,1.7529247,1.1963906,1.124467,3.22995,3.4331548,2.479621,1.9909527,2.0034423
1538,3.8502767,3.1721516,1.7534595,1.1968107,1.1248004,3.229609,3.4327943,2.4792607,1.9906027,2.00319
1539,3.851994,3.1734743,1.7539935,1.1972308,1.1251336,3.229269,3.432433,2.4789002,1.9902534,2.002938
1540,3.8537118,3.1747983,1.754528,1.1976509,1.125467,3.2289286,3.4320729,2.47854,1.9899042,2.0026865
1541,3.8554277,3.1761217,1.7550619,1.1980709,1.1258003,3.228588,3.4317122,2.4781795,1.9895546,2.0024343
1542,3.8571455,3.1774447,1.7555966,1.1984912,1.1261336,3.2282472,3.4313514,2.4778194,1.9892051,2.0021827
1543,3.8588629,3.1787674,1.7561305,1.1989112,1.1264668,3.2279067,3.4309905,2.4774594,1.9888558,2.0019307
1544,3.86058,3.1800919,1.7566652,1.1993312,1.1268001,3.2275667,3.43063,2.4770992,1.9885066,2.0016787
1545,3.862298,3.181415,1.7571993,1.1997511,1.1271334,3.2272263,3.430269,2.4767385,1.9881568,2.0014267
1546,3.8640144,3.1827376,1.7577331,1.2001708,1.1274673,3.2268858,3.429908,2.4763784,1.987807,2.0011742
1547,3.8657296,3.1840594,1.7582662,1.2005894,1.1278018,3.226544,3.4295454,2.4760175,1.9874563,2.0009212
1548,3.8674483,3.18538,1.7588005,1.2010067,1.1281363,3.2262068,3.4291842,2.4756615,1.987107,2.0006711
1549,3.8691678,3.1866999,1.7593353,1.2014238,1.1284709,3.2258701,3.4288254,2.4753065,1.9867568,2.0004232
1550,3.8708873,3.1880193,1.7598698,1.2018406,1.1288055,3.225535,3.4284663,2.4749517,1.9864075,2.0001745
1551,3.872606,3.1893396,1.7604043,1.2022576,1.1291403,3.2251983,3.4281073,2.474597,1.9860582,1.9999264
1552,3.8743253,3.1906595,1.7609391,1.2026746,1.1294748,3.2248626,3.427748,2.474242,1.9857087,1.9996783
1553,3.8760438,3.1919794,1.7614737,1.2030916,1.1298095,3.224527,3.427389,2.473888,1.9853594,1.9994301
1554,3.8777733,3.1933062,1.7620115,1.2035074,1.1301502,3.2241879,3.4270258,2.4735286,1.9850073,1.9991807
1555,3.8795192,3.1946445,1.7625537,1.2039211,1.130501,3.2238436,3.4266562,2.4731643,1.9846511,1.9989289
1556,3.8812652,3.1959815,1.7630966,1.2043347,1.1308516,3.2234993,3.4262862,2.4727998,1.9842954,1.9986781
1557,3.8830109,3.1973202,1.763639,1.2047484,1.1312027,3.223155,3.425916,2.4724345,1.9839387,1.9984263
1558,3.8847566,3.1986578,1.7641819,1.2051622,1.1315532,3.2228107,3.4255464,2.4720702,1.9835823,1.9981749
1559,3.8865032,3.1999955,1.7647245,1.2055758,1.1319039,3.222467,3.4251766,2.4717052,1.9832263,1.9979237
1560,3.8882482,3.201333,1.7652669,1.2059891,1.1322547,3.2221227,3.424807,2.471341,1.9828701,1.9976724
1561,3.8899946,3.202671,1.7658095,1.206403,1.1326054,3.2217784,3.4244373,2.4709764,1.9825139,1.997421
1562,3.8917398,3.2040093,1.7663522,1.2068169,1.1329563,3.221434,3.4240675,2.4706116,1.9821582,1.9971696
1563,3.893486,3.205347,1.766895,1.2072306,1.133307,3.2210903,3.4236977,2.470247,1.981802,1.9969183
1564,3.8952289,3.2066848,1.7674379,1.207643,1.1336579,3.2207446,3.4233267,2.469881,1.9814439,1.9966654
1565,3.8969712,3.208022,1.767981,1.2080551,1.1340092,3.2203984,3.4229567,2.469515,1.981086,1.9964123
1566,3.898714,3.2093601,1.7685239,1.2084675,1.1343606,3.2200522,3.422585,2.469149,1.9807277,1.9961591
1567,3.900457,3.2106977,1.769067,1.2088797,1.1347119,3.2197065,3.4222143,2.468783,1.9803703,1.9959058
1568,3.9021997,3.2120352,1.7696099,1.2092917,1.1350633,3.2193604,3.4218433,2.468416,1.9800119,1.9956523
1569,3.9039426,3.2133727,1.7701528,1.209704,1.1354145,3.2190146,3.4214723,2.4680505,1.9796541,1.9953994
1570,3.905686,3.21471,1.7706962,1.2101164,1.1357659,3.2186675,3.421102,2.4676843,1.9792964,1.9951464
1571,3.9074278,3.2160473,1.7712395,1.2105287,1.1361171,3.2183213,3.4207308,2.4673176,1.9789386,1.9948927
1572,3.9091702,3.2173858,1.7717819,1.2109408,1.1364684,3.2179756,3.42036,2.4669518,1.9785802,1.99464
1573,3.9109135,3.2187233,1.7723253,1.2113533,1.1368196,3.2176294,3.4199884,2.4665852,1.9782224,1.9943866
1574,3.912656,3.22006,1.7728684,1.2117653,1.1371708,3.2172837,3.4196177,2.4662194,1.9778643,1.994133
1575,3.9143991,3.2213984,1.7734113,1.2121778,1.1375223,3.216937,3.4192472,2.4658532,1.9775062,1.9938797
1576,3.9161417,3.2227366,1.7739544,1.21259,1.1378735,3.2165914,3.418876,2.465487,1.9771485,1.993627
1577,3.917884,3.224074,1.774497,1.2130022,1.1382247,3.2162447,3.4185054,2.4651203,1.9767902,1.993374
1578,3.9196274,3.2254114,1.7750401,1.2134144,1.138576,3.215899,3.4181335,2.4647546,1.9764326,1.9931203
1579,3.9213698,3.2267494,1.7755835,1.2138269,1.1389275,3.2155528,3.4177632,2.464388,1.9760745,1.9928674
1580,3.923112,3.228087,1.7761264,1.2142389,1.1392785,3.2152076,3.4173923,2.4640222,1.9757161,1.9926139
1581,3.9248555,3.229424,1.7766695,1.2146513,1.1396297,3.2148604,3.4170213,2.4636564,1.9753587,1.992361
1582,3.926598,3.230762,1.7772126,1.2150635,1.139981,3.2145143,3.4166508,2.4632895,1.9750006,1.9921077
1583,3.92834,3.232099,1.7777557,1.2154753,1.1403323,3.214168,3.4162793,2.4629233,1.974642,1.9918545
1584,3.9300842,3.2334375,1.7782979,1.2158854,1.1406841,3.213821,3.4159067,2.4625568,1.9742837,1.9915994
1585,3.9318275,3.234776,1.7788398,1.2162951,1.1410359,3.2134733,3.4155335,2.4621902,1.9739249,1.991345
1586,3.9335709,3.2361152,1.7793825,1.2167051,1.1413877,3.2131262,3.415161,2.461823,1.9735656,1.9910902
1587,3.9353147,3.2374535,1.7799249,1.2171149,1.1417395,3.2127786,3.414787,2.461456,1.9732068,1.9908353
1588,3.937057,3.238792,1.7804673,1.217525,1.1420914,3.212431,3.4144146,2.4610891,1.9728482,1.9905807
1589,3.9388003,3.24013,1.7810097,1.2179348,1.1424432,3.2120833,3.4140406,2.4607224,1.9724891,1.9903257
1590,3.9405434,3.241469,1.7815516,1.2183447,1.1427951,3.2117362,3.4136684,2.4603558,1.9721305,1.9900713
1591,3.9422908,3.2428138,1.7820923,1.2187562,1.1431558,3.2113905,3.4132988,2.4599922,1.9717724,1.9898211
1592,3.9440372,3.2441578,1.7826312,1.2191682,1.1435199,3.2110467,3.4129314,2.4596317,1.9714155,1.9895736
1593,3.9457827,3.245503,1.7831695,1.2195799,1.1438843,3.210703,3.4125645,2.4592705,1.9710586,1.9893259
1594,3.9475286,3.246848,1.7837081,1.2199914,1.1442484,3.2103586,3.412197,2.4589105,1.9707024,1.9890783
1595,3.9492736,3.2481925,1.7842467,1.220403,1.1446127,3.2100153,3.4118295,2.4585497,1.9703457,1.9888307
1596,3.9510198,3.2495368,1.7847853,1.2208147,1.1449769,3.209671,3.411463,2.458189,1.9699883,1.9885827
1597,3.952766,3.2508814,1.7853239,1.2212262,1.145341,3.2093267,3.411094,2.4578285,1.9696314,1.9883353
1598,3.9545105,3.2522264,1.7858622,1.221638,1.1457052,3.2089834,3.4107275,2.457468,1.9692752,1.988088
1599,3.956261,3.253574,1.7864003,1.2220511,1.1460698,3.2086382,3.4103591,2.4571052,1.9689178,1.987842
1600,3.958012,3.2549236,1.786938,1.2224646,1.1464343,3.208294,3.4099905,2.4567406,1.9685595,1.9875969
1601,3.9597635,3.2562728,1.7874751,1.2228787,1.1467987,3.2079492,3.409621,2.4563766,1.9682012,1.9873523
1602,3.9615157,3.2576215,1.7880127,1.2232925,1.1471632,3.207604,3.4092517,2.456012,1.9678435,1.9871074
1603,3.963267,3.2589707,1.7885501,1.2237065,1.1475276,3.2072597,3.4088826,2.4556475,1.9674852,1.9868627
1604,3.9650187,3.2603202,1.789088,1.22412,1.1478919,3.206915,3.4085138,2.4552832,1.9671273,1.986618
1605,3.9667654,3.2616656,1.789623,1.2245352,1.1482435,3.2065716,3.4081478,2.4549186,1.9667735,1.9863749
1606,3.9685066,3.2630086,1.790158,1.2249511,1.1485864,3.2062297,3.4077833,2.4545543,1.9664221,1.9861318
1607,3.9702492,3.2643518,1.7906921,1.2253671,1.1489295,3.2058868,3.4074187,2.4541893,1.9660707,1.9858891
1608,3.971991,3.2656944,1.7912269,1.2257829,1.1492723,3.205545,3.407054,2.4538248,1.9657199,1.9856461
1609,3.973733,3.2670372,1.7917616,1.2261988,1.1496153,3.2052035,3.4066896,2.4534602,1.9653683,1.9854032
1610,3.9754753,3.2683794,1.7922962,1.2266145,1.1499583,3.2048612,3.4063253,2.4530954,1.9650168,1.9851601
1611,3.9772172,3.2697225,1.7928305,1.2270305,1.150301,3.2045193,3.4059613,2.4527307,1.9646657,1.9849175
1612,3.97896,3.2710652,1.7933648,1.2274464,1.150644,3.2041774,3.4055963,2.4523664,1.9643145,1.9846748
1613,3.9807014,3.272408,1.7938995,1.2278624,1.1509869,3.2038355,3.4052322,2.4520016,1.963963,1.984432
1614,3.9824438,3.2737508,1.7944343,1.2282782,1.1513296,3.203494,3.4048674,2.4516373,1.9636121,1.9841892
1615,3.9841864,3.275094,1.7949688,1.228694,1.1516726,3.2031507,3.4045029,2.4512725,1.9632607,1.9839464
1616,3.9859283,3.2764368,1.7955031,1.2291098,1.1520157,3.2028098,3.4041383,2.4509077,1.962909,1.9837036
1617,3.9876697,3.277779,1.7960377,1.2295258,1.1523585,3.202467,3.403774,2.4505432,1.962558,1.9834605
1618,3.9894125,3.279122,1.7965727,1.2299418,1.1527015,3.202125,3.4034092,2.4501786,1.9622071,1.9832174
1619,3.9911542,3.2804642,1.797107,1.2303575,1.1530443,3.2017832,3.4030452,2.449814,1.9618554,1.9829746
1620,3.9928966,3.2818074,1.7976415,1.2307734,1.1533871,3.2014413,3.402681,2.4494495,1.961504,1.9827315
1621,3.9946384,3.2831504,1.798176,1.2311893,1.15373,3.201099,3.402316,2.4490852,1.9611528,1.982489
1622,3.996381,3.284493,1.7987108,1.2316053,1.1540732,3.200757,3.4019518,2.4487202,1.9608016,1.9822465
1623,3.9981234,3.2858362,1.7992454,1.2320209,1.1544161,3.2004151,3.4015872,2.4483557,1.9604504,1.9820032
1624,3.9998658,3.287179,1.7997799,1.2324369,1.1547588,3.2000732,3.4012222,2.447991,1.960099,1.9817604
1625,4.001607,3.2885218,1.8003144,1.2328529,1.1551018,3.1997309,3.4008584,2.4476264,1.9597478,1.9815174
1626,4.00335,3.2898636,1.8008492,1.2332686,1.1554449,3.1993885,3.4004939,2.4472618,1.9593966,1.981275
1627,4.005092,3.2912073,1.8013835,1.2336845,1.1557876,3.199047,3.4001296,2.4468973,1.9590454,1.9810321
1628,4.006834,3.2925496,1.801918,1.2341003,1.1561306,3.1987052,3.3997648,2.4465327,1.958694,1.9807892
1629,4.0085764,3.2938929,1.8024526,1.2345164,1.1564734,3.1983638,3.3994007,2.446168,1.9583423,1.9805465
1630,4.0103183,3.295236,1.8029876,1.2349323,1.1568164,3.198021,3.3990364,2.4458036,1.9579914,1.9803035
1631,4.0120606,3.2965777,1.8035219,1.2353481,1.1571593,3.197679,3.398672,2.4454386,1.9576399,1.9800607
1632,4.013802,3.2979207,1.8040564,1.235764,1.1575023,3.1973367,3.398307,2.4450738,1.9572885,1.9798177
1633,4.0155478,3.299265,1.8045919,1.236182,1.1578449,3.1969953,3.397942,2.4447095,1.9569354,1.9795736
1634,4.017297,3.300612,1.805129,1.2366028,1.1581875,3.1966538,3.3975768,2.4443438,1.9565797,1.9793277
1635,4.0190454,3.3019578,1.805666,1.2370229,1.1585299,3.1963124,3.3972116,2.4439793,1.9562242,1.9790817
1636,4.0207944,3.3033037,1.8062027,1.2374434,1.1588726,3.1959715,3.3968463,2.4436142,1.9558682,1.9788359
1637,4.022543,3.3046496,1.8067398,1.2378638,1.1592149,3.19563,3.3964803,2.4432497,1.9555128,1.9785904
1638,4.024292,3.3059955,1.8072765,1.2382841,1.1595575,3.1952887,3.3961155,2.4428844,1.955157,1.9783443
1639,4.026041,3.307341,1.8078136,1.2387047,1.1599,3.1949477,3.395749,2.44252,1.9548018,1.9780986
1640,4.0277905,3.3086882,1.8083508,1.239125,1.1602424,3.1946068,3.3953834,2.4421544,1.9544456,1.9778531
1641,4.029538,3.3100338,1.8088877,1.2395453,1.160585,3.1942654,3.395019,2.4417892,1.9540901,1.977607
1642,4.0312877,3.31138,1.8094246,1.2399657,1.1609274,3.193924,3.394653,2.4414246,1.9537346,1.9773618
1643,4.033036,3.312727,1.8099618,1.2403862,1.16127,3.1935825,3.3942878,2.4410594,1.9533784,1.9771155
1644,4.034785,3.3140724,1.8104987,1.2408067,1.1616125,3.1932411,3.3939223,2.4406946,1.9530232,1.9768701
1645,4.036534,3.3154178,1.8110354,1.2412271,1.1619549,3.1929007,3.3935568,2.44033,1.952667,1.9766246
1646,4.0382833,3.316765,1.8115723,1.2416476,1.1622975,3.1925588,3.393191,2.4399645,1.9523118,1.9763783
1647,4.0400314,3.3181112,1.8121092,1.2420679,1.1626399,3.1922178,3.3928254,2.4395995,1.951956,1.9761325
1648,4.0417876,3.3194566,1.812643,1.2424903,1.162984,3.1918721,3.3924549,2.4392343,1.9515967,1.9758842
1649,4.0435457,3.320803,1.8131752,1.2429132,1.1633288,3.191527,3.392083,2.4388695,1.9512367,1.9756352
1650,4.0453033,3.3221498,1.8137083,1.2433363,1.1636734,3.1911812,3.3917115,2.4385042,1.9508767,1.9753864
1651,4.047063,3.3234982,1.8142402,1.2437601,1.1640228,3.190837,3.3913407,2.4381433,1.9505186,1.9751384
1652,4.048823,3.32485,1.8147724,1.2441852,1.1643763,3.1904926,3.3909707,2.4377847,1.9501622,1.9748918
1653,4.050584,3.3262002,1.8153045,1.2446103,1.1647298,3.1901488,3.3906012,2.437427,1.9498057,1.9746451
1654,4.0523443,3.3275514,1.8158367,1.2450354,1.1650833,3.1898046,3.390231,2.437069,1.9494491,1.9743987
1655,4.054105,3.328903,1.8163686,1.24546,1.1654369,3.1894603,3.389861,2.436711,1.9490926,1.974152
1656,4.0558653,3.3302538,1.8169007,1.2458855,1.1657903,3.1891165,3.3894918,2.4363527,1.9487362,1.9739054
1657,4.057626,3.3316052,1.8174326,1.2463105,1.1661439,3.1887722,3.389122,2.4359949,1.9483795,1.9736592
1658,4.0593863,3.3329558,1.8179648,1.2467356,1.1664972,3.1884284,3.3887522,2.435637,1.9480228,1.9734126
1659,4.061147,3.3343065,1.8184972,1.2471604,1.1668508,3.1880846,3.3883822,2.4352787,1.9476664,1.9731661
1660,4.0629086,3.335661,1.8190293,1.2475854,1.1672045,3.1877422,3.388014,2.434922,1.9473083,1.9729117
1661,4.0646706,3.3370152,1.819562,1.2480104,1.1675583,3.1873994,3.3876448,2.434565,1.9469495,1.9726571
1662,4.0664325,3.338369,1.8200943,1.2484353,1.1679125,3.1870575,3.387276,2.4342084,1.9465909,1.9724025
1663,4.068194,3.3397236,1.8206265,1.2488604,1.168266,3.1867156,3.3869066,2.4338512,1.9462321,1.9721483
1664,4.0699563,3.3410778,1.8211589,1.2492852,1.16862,3.1863728,3.3865383,2.433495,1.945874,1.9718937
1665,4.0717177,3.3424313,1.8216913,1.2497101,1.1689738,3.1860304,3.3861687,2.4331384,1.9455154,1.9716393
1666,4.07348,3.3437862,1.8222234,1.2501352,1.1693276,3.185688,3.3858001,2.4327812,1.9451566,1.9713844
1667,4.075242,3.3451407,1.822756,1.25056,1.1696814,3.1853461,3.385431,2.4324245,1.9447982,1.9711298
1668,4.0770025,3.3464942,1.8232884,1.2509849,1.1700352,3.1850038,3.3850617,2.4320674,1.9444396,1.9708755
1669,4.0787654,3.3478484,1.8238208,1.2514098,1.1703893,3.1846614,3.3846934,2.4317107,1.9440808,1.9706211
1670,4.0805254,3.349203,1.824353,1.2518349,1.1707429,3.184319,3.3843243,2.4313538,1.9437222,1.9703666
1671,4.0822883,3.350557,1.8248861,1.2522597,1.1710968,3.1839771,3.3839557,2.4309976,1.9433637,1.970112
1672,4.0840497,3.351911,1.825418,1.2526848,1.1714506,3.1836348,3.383586,2.4306407,1.9430051,1.9698576
1673,4.0858116,3.35326,1.8259525,1.2531066,1.1718068,3.1832952,3.3832202,2.4302845,1.9426503,1.9696068
1674,4.0875735,3.3546033,1.826489,1.2535257,1.1721658,3.1829576,3.3828564,2.4299293,1.9423003,1.9693592
1675,4.089335,3.355947,1.8270257,1.2539451,1.1725245,3.182621,3.3824933,2.429574,1.9419487,1.9691124
1676,4.0910974,3.3572898,1.8275619,1.2543643,1.1728833,3.1822839,3.3821304,2.4292188,1.9415984,1.968865
1677,4.092859,3.3586326,1.8280983,1.2547832,1.1732419,3.1819468,3.381767,2.4288628,1.9412472,1.968618
1678,4.0946198,3.3599758,1.8286333,1.2551981,1.1735963,3.1816115,3.3814042,2.4285107,1.9408975,1.9683713
1679,4.0963755,3.3613157,1.8291643,1.2556047,1.173941,3.181281,3.3810449,2.4281628,1.9405496,1.9681269
1680,4.098125,3.362653,1.8296981,1.2560133,1.174284,3.1809525,3.380685,2.4278138,1.9402058,1.9678859
1681,4.099871,3.36399,1.8302326,1.2564225,1.1746259,3.180624,3.380326,2.427464,1.9398625,1.9676462
1682,4.101618,3.3653264,1.8307672,1.2568314,1.1749673,3.180296,3.3799675,2.4271145,1.9395199,1.9674062
1683,4.1033635,3.3666635,1.8313015,1.2572404,1.1753093,3.1799679,3.3796084,2.4267654,1.9391768,1.9671665
1684,4.1051097,3.3679993,1.8318362,1.2576494,1.175651,3.1796403,3.3792489,2.4264154,1.9388342,1.9669268
1685,4.106856,3.3693366,1.8323708,1.2580588,1.1759927,3.1793118,3.3788903,2.4260669,1.9384916,1.9666871
1686,4.108602,3.3706732,1.8329053,1.258468,1.1763345,3.1789832,3.378531,2.4257169,1.9381483,1.9664475
1687,4.1103477,3.3720098,1.8334398,1.258877,1.1766762,3.1786547,3.3781724,2.4253674,1.9378057,1.9662076
1688,4.112094,3.3733466,1.8339744,1.259286,1.1770179,3.1783266,3.3778126,2.4250176,1.9374626,1.9659679
1689,4.113839,3.374682,1.8345087,1.259695,1.1773596,3.1779985,3.377454,2.4246678,1.9371195,1.9657282
1690,4.115586,3.3760195,1.8350437,1.2601044,1.1777015,3.177671,3.3770947,2.4243188,1.9367769,1.9654888
1691,4.1173315,3.377356,1.835578,1.2605133,1.178043,3.1773424,3.3767354,2.423969,1.936434,1.9652487
1692,4.1190777,3.3786926,1.8361127,1.2609226,1.178385,3.1770139,3.376377,2.4236197,1.9360912,1.9650091
1693,4.1208243,3.3800292,1.8366473,1.2613316,1.1787264,3.1766863,3.3760176,2.4232702,1.9357481,1.9647697
1694,4.122571,3.3813658,1.8371818,1.2617404,1.1790683,3.1763577,3.375659,2.4229207,1.935405,1.9645298
1695,4.124316,3.3827026,1.8377161,1.2621498,1.1794101,3.1760302,3.3753002,2.4225712,1.9350624,1.96429
1696,4.126062,3.3840392,1.8382511,1.262559,1.1797518,3.1757016,3.374941,2.422222,1.9347196,1.96405
1697,4.1278086,3.385376,1.8387856,1.262968,1.1800936,3.175374,3.3745816,2.421872,1.9343765,1.9638103
1698,4.1295547,3.386713,1.83932,1.2633772,1.1804355,3.1750455,3.374223,2.4215226,1.9340339,1.9635708
1699,4.131301,3.3880486,1.8398547,1.2637861,1.1807772,3.1747174,3.3738635,2.421173,1.9336908,1.9633313
1700,4.133046,3.3893857,1.8403897,1.2641954,1.181119,3.1743894,3.3735049,2.4208238,1.9333482,1.9630915
1701,4.1347933,3.3907228,1.8409238,1.2646044,1.1814606,3.1740603,3.3731458,2.420474,1.9330053,1.9628519
1702,4.136539,3.3920588,1.8414586,1.2650137,1.1818025,3.1737328,3.3727872,2.4201248,1.9326622,1.9626123
1703,4.138285,3.3933954,1.8419933,1.2654228,1.1821442,3.1734047,3.3724277,2.419775,1.9323192,1.9623722
1704,4.1400313,3.3947322,1.8425276,1.265832,1.1824858,3.1730766,3.3720686,2.4194255,1.9319766,1.9621323
1705,4.141777,3.396068,1.8430626,1.2662408,1.1828277,3.172748,3.3717096,2.419076,1.9316337,1.9618932
1706,4.143524,3.3974051,1.8435965,1.26665,1.1831694,3.17242,3.371351,2.4187264,1.9312904,1.9616531
1707,4.1452694,3.3987417,1.8441315,1.2670591,1.1835111,3.172092,3.3709915,2.418377,1.930948,1.9614136
1708,4.147015,3.4000778,1.844666,1.2674681,1.1838528,3.1717634,3.3706326,2.4180274,1.9306049,1.9611741
1709,4.1487617,3.4014149,1.8452008,1.2678771,1.1841947,3.1714358,3.370273,2.417678,1.9302621,1.960934
1710,4.1505084,3.4027514,1.8457351,1.2682865,1.1845363,3.1711073,3.369914,2.4173284,1.929919,1.9606944
1711,4.152254,3.404088,1.8462698,1.2686954,1.184878,3.1707792,3.3695552,2.416979,1.9295766,1.9604548
1712,4.154,3.4054248,1.8468041,1.2691047,1.1852199,3.1704512,3.3691967,2.4166293,1.9292336,1.9602147
1713,4.155745,3.4067616,1.8473387,1.2695138,1.1855613,3.1701221,3.368837,2.4162803,1.9288902,1.9599754
1714,4.157492,3.4080973,1.8478737,1.2699227,1.1859033,3.1697946,3.3684783,2.4159303,1.9285479,1.959736
1715,4.159238,3.4094348,1.848408,1.2703319,1.1862451,3.1694665,3.3681188,2.4155807,1.928205,1.9594959
1716,4.1609836,3.4107707,1.8489423,1.2707409,1.1865867,3.169138,3.3677602,2.4152315,1.9278622,1.9592563
1717,4.1627307,3.4121077,1.849477,1.2711501,1.1869286,3.1688104,3.3674011,2.414882,1.9275191,1.9590167
1718,4.164476,3.4134445,1.8500116,1.2715592,1.1872703,3.1684823,3.367042,2.4145327,1.9271758,1.958777
1719,4.1662226,3.414781,1.8505461,1.2719684,1.187612,3.1681542,3.3666832,2.414183,1.9268334,1.9585366
1720,4.1679683,3.416118,1.8510807,1.2723775,1.187954,3.1678252,3.3663244,2.4138336,1.9264905,1.9582975
1721,4.1697145,3.4174545,1.8516154,1.2727866,1.1882955,3.167498,3.3659651,2.4134839,1.9261477,1.9580576
1722,4.1714664,3.418797,1.8521531,1.2731993,1.1886442,3.167171,3.3656068,2.4131355,1.9258037,1.9578189
1723,4.17322,3.4201405,1.8526914,1.273613,1.1889948,3.1668444,3.3652492,2.4127872,1.9254599,1.9575804
1724,4.1749744,3.4214845,1.85323,1.2740269,1.1893452,3.1665187,3.3648922,2.4124389,1.9251156,1.9573414
1725,4.1767287,3.422829,1.8537683,1.2744402,1.1896958,3.1661916,3.3645346,2.4120903,1.924772,1.9571033
1726,4.1784806,3.4241683,1.8543088,1.2748556,1.1900434,3.1658664,3.3641775,2.4117417,1.9244273,1.9568652
1727,4.180234,3.4255114,1.8548505,1.2752717,1.190398,3.1655393,3.3638158,2.4113936,1.9240792,1.9566251
1728,4.1819677,3.4268394,1.8553874,1.2756922,1.1907489,3.1652145,3.363455,2.411049,1.9237351,1.9563814
1729,4.183689,3.4281566,1.8559217,1.2761154,1.1910936,3.1648912,3.363097,2.410707,1.923394,1.9561371
1730,4.185411,3.429473,1.8564558,1.2765388,1.1914383,3.164569,3.3627386,2.4103646,1.9230528,1.9558923
1731,4.1871333,3.4307933,1.8569982,1.2769675,1.1917809,3.1642456,3.3623786,2.4100206,1.9227111,1.9556471
1732,4.188857,3.4321127,1.8575425,1.2773975,1.192123,3.1639228,3.3620186,2.4096751,1.9223692,1.9554014
1733,4.1905813,3.4334319,1.8580868,1.2778275,1.1924651,3.1635995,3.3616571,2.4093294,1.9220269,1.9551554
1734,4.1923056,3.434752,1.8586314,1.2782575,1.1928074,3.1632767,3.3612964,2.4089842,1.921685,1.9549096
1735,4.1940303,3.4360716,1.8591759,1.278688,1.1931494,3.1629539,3.3609357,2.4086394,1.9213428,1.9546641
1736,4.1957536,3.4373918,1.8597186,1.2791169,1.19349,3.1626291,3.360574,2.4082923,1.9210007,1.9544177
1737,4.1974764,3.4387126,1.8602605,1.2795453,1.193829,3.1623034,3.3602116,2.4079444,1.9206591,1.9541721
1738,4.1991997,3.4400325,1.8608019,1.2799735,1.1941682,3.1619782,3.3598497,2.4075952,1.9203169,1.9539262
1739,4.2009206,3.4413536,1.8613439,1.2804017,1.1945076,3.161653,3.3594873,2.407247,1.9199753,1.9536804
1740,4.202645,3.4426742,1.8618858,1.2808301,1.1948466,3.1613264,3.3591251,2.406899,1.9196332,1.9534342
1741,4.204367,3.4439945,1.8624275,1.2812586,1.1951859,3.1610007,3.3587627,2.4065502,1.9192915,1.953189
1742,4.2060905,3.4453146,1.8629696,1.281687,1.195525,3.1606755,3.3584006,2.4062018,1.9189494,1.952943
1743,4.2078204,3.4466298,1.8635168,1.282116,1.1958636,3.1603513,3.3580363,2.405851,1.9186037,1.952697
1744,4.2095504,3.4479456,1.8640637,1.2825449,1.1962022,3.1600275,3.3576722,2.4055,1.9182582,1.9524506
1745,4.2112794,3.4492588,1.8646102,1.282974,1.1965404,3.1597037,3.3573086,2.405149,1.9179132,1.9522048
1746,4.2130084,3.4505725,1.8651531,1.2834024,1.196877,3.1593776,3.356942,2.4047956,1.9175658,1.9519583
1747,4.2147403,3.4518855,1.865695,1.2838299,1.1972138,3.15905,3.3565736,2.4044409,1.9172187,1.9517109
1748,4.216471,3.4531987,1.8662362,1.2842572,1.1975505,3.1587234,3.3562062,2.4040859,1.9168708,1.9514636
1749,4.2182016,3.4545124,1.8667781,1.2846849,1.1978872,3.1583962,3.3558383,2.4037309,1.9165237,1.9512168
1750,4.2199326,3.4558256,1.8673201,1.2851124,1.1982241,3.1580687,3.3554702,2.4033759,1.9161761,1.9509693
1751,4.221664,3.4571388,1.8678615,1.2855399,1.1985607,3.1577425,3.3551025,2.403021,1.915829,1.9507226
1752,4.2233915,3.4584498,1.8684018,1.285965,1.1988995,3.1574106,3.3547292,2.4026618,1.9154785,1.9504744
1753,4.2251186,3.4597607,1.8689418,1.2863894,1.1992389,3.1570778,3.3543537,2.4023006,1.9151275,1.9502271
1754,4.2268457,3.461071,1.8694813,1.2868137,1.1995779,3.1567454,3.353978,2.4019406,1.9147768,1.949979
1755,4.228575,3.4623826,1.8700194,1.2872365,1.1999141,3.1564112,3.3536012,2.401581,1.9144254,1.949729
1756,4.230306,3.463694,1.8705578,1.2876592,1.20025,3.1560774,3.353225,2.4012213,1.9140742,1.9494792
1757,4.2320366,3.4650056,1.8710957,1.2880816,1.200586,3.1557436,3.3528485,2.4008622,1.913723,1.9492289
1758,4.233765,3.466318,1.8716333,1.2885044,1.2009217,3.1554098,3.3524709,2.400503,1.913372,1.9489785
1759,4.235495,3.467629,1.8721707,1.2889261,1.2012569,3.1550756,3.3520942,2.4001434,1.9130206,1.9487288
1760,4.237223,3.4689388,1.8727076,1.2893475,1.2015916,3.1547418,3.351717,2.3997846,1.9126694,1.948479
1761,4.2389507,3.4702492,1.8732445,1.2897689,1.2019262,3.1544075,3.3513396,2.3994248,1.9123182,1.9482297
1762,4.2406783,3.4715598,1.8737812,1.29019,1.202261,3.1540732,3.350962,2.399065,1.9119668,1.9479795
1763,4.242406,3.4728699,1.8743184,1.2906115,1.2025957,3.1537395,3.3505857,2.398705,1.9116154,1.9477297
1764,4.244135,3.4741812,1.8748548,1.291033,1.2029302,3.1534052,3.3502083,2.398346,1.9112644,1.9474798
1765,4.2458596,3.4754918,1.8753927,1.2914522,1.2032647,3.153071,3.3498316,2.3979864,1.9109144,1.9472312
1766,4.247578,3.476801,1.8759289,1.2918687,1.2035984,3.1527357,3.349455,2.3976276,1.9105654,1.9469839
1767,4.249291,3.478107,1.876461,1.2922823,1.203931,3.1523995,3.3490775,2.3972685,1.9102163,1.9467357
1768,4.2510037,3.4794116,1.8769932,1.2926961,1.2042636,3.1520638,3.3487003,2.3969097,1.9098673,1.9464883
1769,4.252718,3.4807174,1.8775253,1.2931099,1.2045964,3.1517277,3.3483224,2.3965504,1.9095178,1.9462407
1770,4.2544303,3.4820228,1.8780575,1.2935237,1.2049289,3.1513915,3.3479452,2.3961916,1.9091687,1.9459926
1771,4.2561436,3.4833283,1.8785899,1.2939373,1.2052613,3.1510553,3.3475683,2.3958325,1.9088194,1.945745
1772,4.2578564,3.484634,1.879122,1.2943511,1.2055941,3.1507187,3.3471901,2.3954735,1.9084699,1.9454969
1773,4.2595706,3.4859393,1.8796539,1.2947648,1.2059267,3.150383,3.346812,2.3951147,1.9081209,1.9452492
1774,4.261283,3.4872448,1.8801866,1.2951787,1.2062593,3.1500468,3.3464348,2.3947554,1.9077716,1.9450014
1775,4.262997,3.4885507,1.8807185,1.2955923,1.206592,3.1497111,3.3460572,2.3943963,1.9074225,1.9447538
1776,4.2647085,3.4898562,1.8812506,1.296006,1.2069247,3.149375,3.34568,2.3940368,1.9070733,1.944506
1777,4.266423,3.491161,1.8817828,1.2964199,1.2072573,3.1490393,3.345302,2.3936782,1.906724,1.9442583
1778,4.268135,3.492467,1.8823144,1.2968335,1.2075899,3.1487021,3.3449242,2.3933194,1.9063747,1.9440106
1779,4.2698493,3.493772,1.8828471,1.2972474,1.2079226,3.1483665,3.344547,2.39296,1.9060256,1.9437624
1780,4.2715626,3.4950778,1.883379,1.2976611,1.2082552,3.1480308,3.3441694,2.3926015,1.9056766,1.9435147
1781,4.273276,3.4963832,1.8839114,1.2980748,1.2085876,3.1476946,3.3437922,2.3922424,1.9053271,1.943267
1782,4.274988,3.497688,1.8844435,1.2984884,1.20892,3.147358,3.343414,2.3918834,1.9049778,1.9430194
1783,4.2767015,3.4989939,1.8849757,1.298902,1.209253,3.1470222,3.3430364,2.3915243,1.9046285,1.9427716
1784,4.2784142,3.5002995,1.8855078,1.2993162,1.2095855,3.1466866,3.3426597,2.3911653,1.9042792,1.9425236
1785,4.2801275,3.501605,1.8860397,1.2997298,1.2099181,3.14635,3.342282,2.3908062,1.90393,1.9422759
1786,4.281841,3.5029101,1.8865721,1.3001435,1.2102509,3.1460142,3.3419046,2.390447,1.9035811,1.9420283
1787,4.283555,3.5042155,1.887104,1.3005574,1.2105832,3.1456776,3.3415267,2.3900876,1.9032316,1.9417808
1788,4.2852674,3.5055213,1.8876362,1.3009708,1.2109159,3.1453424,3.341149,2.3897293,1.9028826,1.9415329
1789,4.2869806,3.5068264,1.8881683,1.3013847,1.2112485,3.1450057,3.3407714,2.3893697,1.9025333,1.941285
1790,4.2886934,3.508132,1.8887002,1.3017983,1.211581,3.14467,3.3403945,2.389011,1.9021838,1.941037
1791,4.290407,3.5094376,1.8892326,1.3022122,1.2119138,3.1443334,3.3400168,2.3886518,1.9018345,1.9407895
1792,4.29212,3.510743,1.889765,1.3026261,1.2122465,3.1439972,3.339639,2.3882928,1.9014854,1.9405416
1793,4.2938323,3.512049,1.8902967,1.3030396,1.2125789,3.1436615,3.3392615,2.3879337,1.9011359,1.9402939
1794,4.2955465,3.5133538,1.8908291,1.3034536,1.2129116,3.1433253,3.3388834,2.387575,1.9007869,1.9400467
1795,4.2972603,3.514659,1.891361,1.3038673,1.2132442,3.1429896,3.3385065,2.3872156,1.9004378,1.9397984
1796,4.2989726,3.5159645,1.8918936,1.3042808,1.2135767,3.1426535,3.3381286,2.3868566,1.9000885,1.9395505
1797,4.300674,3.5172634,1.8924212,1.304695,1.2139115,3.1423178,3.3377504,2.3864977,1.89974,1.9393023
1798,4.302349,3.518546,1.8929393,1.30511,1.2142513,3.141985,3.3373718,2.3861392,1.8993936,1.9390533
1799,4.3040237,3.5198288,1.8934577,1.3055248,1.2145905,3.1416526,3.3369925,2.3857806,1.8990471,1.9388039
1800,4.3057,3.5211112,1.8939755,1.3059394,1.2149303,3.1413198,3.3366132,2.3854222,1.898701,1.9385554
1801,4.3073735,3.5223958,1.8944919,1.3063538,1.2152717,3.140987,3.336233,2.3850636,1.8983531,1.9383053
1802,4.3090506,3.5236797,1.8950071,1.3067675,1.215614,3.1406536,3.3358524,2.3847046,1.8980057,1.9380559
1803,4.3107257,3.5249643,1.8955221,1.3071814,1.2159561,3.1403208,3.335472,2.3843458,1.8976576,1.9378061
1804,4.3124022,3.5262482,1.8960378,1.3075953,1.2162985,3.139987,3.3350914,2.3839867,1.8973098,1.9375561
1805,4.314077,3.527532,1.8965528,1.3080089,1.2166407,3.1396537,3.3347104,2.383628,1.8969619,1.9373064
1806,4.315754,3.5288172,1.8970678,1.3084228,1.216983,3.13932,3.33433,2.383269,1.8966141,1.9370567
1807,4.317419,3.5301058,1.8975832,1.3088317,1.2173264,3.1389885,3.3339515,2.3829107,1.8962641,1.9368056
1808,4.319079,3.531398,1.8980997,1.3092365,1.2176703,3.138659,3.333574,2.3825529,1.8959126,1.9365541
1809,4.3207383,3.532691,1.8986161,1.3096416,1.2180145,3.1383295,3.3331966,2.3821952,1.8955615,1.9363024
1810,4.3223977,3.5339832,1.8991323,1.3100469,1.2183584,3.1380005,3.3328192,2.3818378,1.8952103,1.9360505
1811,4.324057,3.5352762,1.8996484,1.3104517,1.2187026,3.1376705,3.3324418,2.3814797,1.8948591,1.935799
1812,4.3257165,3.53657,1.9001639,1.3108554,1.21905,3.137341,3.3320644,2.3811212,1.8945079,1.9355471
1813,4.327378,3.5378644,1.9006784,1.3112566,1.2194049,3.1370106,3.331686,2.380762,1.8941567,1.9352933
1814,4.3290386,3.5391595,1.9011929,1.3116574,1.2197595,3.1366806,3.331308,2.3804033,1.893806,1.9350394
1815,4.3307047,3.540454,1.901706,1.3120606,1.2201023,3.136353,3.3309343,2.380048,1.8934569,1.93479
1816,4.3323545,3.5417392,1.902215,1.3124635,1.2204514,3.1360273,3.3305638,2.3796983,1.893111,1.9345421
1817,4.3339944,3.5430162,1.9027205,1.3128657,1.2208058,3.1357036,3.3301952,2.3793526,1.8927665,1.9342948
1818,4.335638,3.544304,1.9032297,1.3132687,1.2211599,3.135377,3.3298225,2.379006,1.8924203,1.934044
1819,4.3372827,3.5455925,1.9037406,1.3136711,1.221514,3.1350493,3.3294492,2.3786592,1.8920732,1.9337922
1820,4.3389263,3.5468812,1.9042504,1.3140736,1.221868,3.1347218,3.3290758,2.378313,1.8917255,1.9335406
1821,4.3405714,3.5481706,1.9047606,1.3144765,1.2222223,3.1343937,3.3287022,2.3779657,1.8913784,1.9332887
1822,4.342216,3.5494602,1.905271,1.3148787,1.2225763,3.1340656,3.3283288,2.377619,1.8910308,1.9330368
1823,4.34385,3.5507398,1.9057744,1.3152745,1.2229308,3.1337376,3.3279538,2.3772728,1.8906837,1.9327846
1824,4.3454833,3.5520182,1.9062762,1.3156691,1.2232851,3.13341,3.3275783,2.3769271,1.8903368,1.932532
1825,4.3471174,3.553297,1.9067783,1.3160636,1.2236396,3.1330814,3.3272028,2.3765814,1.8899896,1.9322792
1826,4.34875,3.554575,1.9072807,1.3164585,1.2239943,3.132753,3.326828,2.3762355,1.8896425,1.9320271
1827,4.3503838,3.5558531,1.9077835,1.316853,1.2243487,3.1324248,3.326452,2.3758895,1.8892951,1.9317745
1828,4.3520155,3.5571318,1.9082859,1.3172479,1.2247031,3.1320968,3.3260767,2.3755438,1.8889477,1.9315221
1829,4.353649,3.5584106,1.9087877,1.3176425,1.225057,3.1317687,3.3257008,2.3751976,1.8886011,1.9312693
1830,4.3552833,3.559688,1.9092903,1.318037,1.2254119,3.1314402,3.3253257,2.3748522,1.8882532,1.9310168
1831,4.3569136,3.5609689,1.90979,1.3184304,1.2257627,3.1311116,3.32495,2.3745058,1.8879068,1.9307655
1832,4.3585434,3.5622475,1.9102879,1.3188229,1.2261105,3.130784,3.3245738,2.374159,1.8875606,1.9305142
1833,4.3601723,3.5635276,1.9107854,1.3192153,1.2264584,3.1304545,3.324198,2.3738122,1.8872149,1.9302629
1834,4.361801,3.564807,1.9112828,1.3196075,1.2268063,3.1301265,3.3238215,2.3734658,1.886868,1.9300121
1835,4.3634315,3.566087,1.9117804,1.3199999,1.2271539,3.129798,3.3234446,2.3731186,1.8865218,1.9297608
1836,4.3650603,3.567366,1.9122772,1.3203921,1.2275017,3.129469,3.3230689,2.372772,1.8861763,1.9295099
1837,4.3666897,3.5686455,1.9127753,1.3207846,1.2278496,3.1291404,3.3226926,2.3724256,1.8858294,1.9292591
1838,4.3683195,3.569925,1.9132724,1.321177,1.2281976,3.1288118,3.3223162,2.3720784,1.8854833,1.9290074
1839,4.369949,3.5712047,1.91377,1.3215692,1.2285451,3.1284838,3.3219404,2.3717315,1.8851371,1.9287566
1840,4.3715773,3.5724845,1.914268,1.3219614,1.228893,3.1281552,3.3215637,2.371385,1.8847909,1.9285054
1841,4.373207,3.5737643,1.9147654,1.3223541,1.2292408,3.1278267,3.3211877,2.3710387,1.884445,1.9282542
1842,4.374836,3.575043,1.9152625,1.322746,1.2295886,3.1274986,3.3208115,2.3706913,1.884099,1.9280037
1843,4.376466,3.576323,1.9157603,1.3231385,1.2299365,3.1271687,3.3204348,2.3703444,1.8837526,1.9277524
1844,4.378095,3.5776026,1.9162579,1.3235312,1.2302842,3.126841,3.3200593,2.3699977,1.8834064,1.9275017
1845,4.3797245,3.5788822,1.916755,1.3239231,1.2306321,3.126512,3.319683,2.3696506,1.8830602,1.9272501
1846,4.381354,3.580161,1.9172528,1.3243155,1.2309797,3.126184,3.3193061,2.3693044,1.8827143,1.9269993
1847,4.3829827,3.5814414,1.9177504,1.3247077,1.2313277,3.1258554,3.31893,2.3689573,1.8823683,1.9267479
1848,4.384613,3.582721,1.9182477,1.3251002,1.2316755,3.1255274,3.3185542,2.3686106,1.8820217,1.9264966
1849,4.3862414,3.5840003,1.9187453,1.3254924,1.2320232,3.1251984,3.3181777,2.3682637,1.8816757,1.9262458
1850,4.387872,3.5852802,1.9192431,1.325885,1.2323711,3.1248698,3.3178017,2.3679175,1.8813295,1.9259945
1851,4.389501,3.586559,1.9197404,1.326277,1.232719,3.1245418,3.3174255,2.3675706,1.8809834,1.9257436
1852,4.3911295,3.5878384,1.9202378,1.3266692,1.2330667,3.1242127,3.3170488,2.3672237,1.8806369,1.9254926
1853,4.39276,3.5891185,1.9207354,1.3270617,1.2334146,3.1238842,3.3166728,2.366877,1.8802907,1.9252416
1854,4.3943887,3.5903986,1.9212329,1.3274541,1.2337623,3.1235557,3.3162963,2.36653,1.8799446,1.9249902
1855,4.3960185,3.5916772,1.9217303,1.3278465,1.23411,3.1232266,3.3159204,2.3661835,1.8795981,1.9247392
1856,4.3976474,3.592957,1.9222279,1.3282387,1.2344577,3.122899,3.3155444,2.3658366,1.8792524,1.9244882
1857,4.3992767,3.5942373,1.9227254,1.3286312,1.2348057,3.1225705,3.3151674,2.3654897,1.878906,1.924237
1858,4.4009056,3.595517,1.9232228,1.3290234,1.2351533,3.1222415,3.3147917,2.3651433,1.8785598,1.9239858
1859,4.402534,3.5967956,1.9237199,1.3294148,1.2355018,3.1219125,3.3144147,2.364796,1.8782132,1.923735
1860,4.40416,3.5980737,1.9242167,1.3298063,1.2358502,3.1215835,3.3140378,2.3644485,1.8778667,1.9234838
1861,4.405787,3.599352,1.9247136,1.3301973,1.2361984,3.1212535,3.3136613,2.364102,1.8775203,1.9232328
1862,4.407414,3.6006298,1.9252105,1.3305888,1.2365469,3.120925,3.3132846,2.3637543,1.8771734,1.9229815
1863,4.4090405,3.6019082,1.9257073,1.3309801,1.2368954,3.120596,3.3129075,2.3634074,1.8768265,1.9227306
1864,4.4106674,3.6031861,1.9262042,1.3313713,1.2372437,3.120267,3.3125308,2.3630598,1.8764801,1.9224793
1865,4.412294,3.6044645,1.9267011,1.3317626,1.237592,3.119937,3.3121538,2.3627124,1.8761332,1.9222286
1866,4.4139223,3.6057427,1.9271975,1.3321538,1.2379402,3.119608,3.311777,2.3623648,1.8757868,1.9219769
1867,4.415548,3.6070201,1.9276946,1.3325448,1.2382888,3.119279,3.3113997,2.362018,1.8754399,1.9217259
1868,4.417175,3.6082988,1.9281912,1.332936,1.2386371,3.11895,3.3110232,2.3616705,1.8750935,1.9214748
1869,4.4188013,3.6095762,1.9286885,1.3333278,1.2389854,3.1186204,3.3106468,2.3613238,1.8747463,1.9212238
1870,4.420429,3.6108549,1.9291852,1.3337181,1.2393315,3.1182919,3.3102703,2.3609762,1.8744004,1.9209735
1871,4.4220676,3.6121345,1.9296818,1.3341048,1.2396668,3.117969,3.3098936,2.3606274,1.8740575,1.9207262
1872,4.4237046,3.6134148,1.9301786,1.3344915,1.240002,3.1176462,3.3095188,2.3602796,1.8737137,1.9204794
1873,4.425341,3.6146944,1.9306755,1.334878,1.2403375,3.1173239,3.3091428,2.3599308,1.8733711,1.9202324
1874,4.426977,3.6159744,1.9311721,1.3352649,1.2406727,3.117,3.3087666,2.3595822,1.8730278,1.9199854
1875,4.428615,3.6172545,1.931669,1.3356514,1.2410079,3.1166782,3.3083913,2.3592339,1.872685,1.9197387
1876,4.4302516,3.6185348,1.9321654,1.3360381,1.2413434,3.116355,3.3080153,2.3588855,1.8723416,1.9194915
1877,4.4318895,3.6198115,1.9326682,1.3364203,1.2416766,3.1160336,3.3076403,2.3585365,1.8719945,1.9192456
1878,4.433528,3.6210885,1.9331708,1.3368032,1.2420096,3.1157122,3.3072646,2.3581884,1.8716474,1.9189998
1879,4.435166,3.6223645,1.9336739,1.3371854,1.242343,3.1153903,3.3068893,2.3578393,1.8713002,1.9187537
1880,4.436805,3.6236417,1.9341764,1.337568,1.242676,3.115069,3.3065138,2.3574908,1.8709526,1.9185079
1881,4.4384456,3.6249208,1.9346836,1.337954,1.2430085,3.1147485,3.3061404,2.3571405,1.8706083,1.9182616
1882,4.4400873,3.6262007,1.9351907,1.3383403,1.2433411,3.11443,3.3057663,2.35679,1.8702638,1.9180152
1883,4.441728,3.6274805,1.9356978,1.3387265,1.2436737,3.1141105,3.305393,2.3564394,1.8699191,1.9177692
1884,4.443373,3.628764,1.9362051,1.3391123,1.2440069,3.11379,3.3050182,2.3560882,1.8695738,1.9175216
1885,4.445039,3.6300669,1.9367142,1.3394947,1.2443423,3.1134644,3.3046346,2.355732,1.8692255,1.9172689
1886,4.446703,3.6313689,1.937223,1.3398769,1.2446783,3.1131392,3.3042514,2.355376,1.8688772,1.9170164
1887,4.448369,3.6326704,1.9377313,1.3402593,1.2450137,3.1128135,3.3038685,2.35502,1.8685281,1.9167638
1888,4.4500337,3.6339736,1.9382398,1.3406417,1.2453493,3.1124883,3.303486,2.3546636,1.86818,1.9165114
1889,4.4516997,3.6352742,1.9387493,1.3410239,1.245684,3.112162,3.3031023,2.3543074,1.867831,1.9162575
1890,4.453366,3.6365721,1.9392593,1.3414054,1.2460163,3.111834,3.3027165,2.3539495,1.8674817,1.9160025
1891,4.4550314,3.6378698,1.9397697,1.3417866,1.2463484,3.111507,3.3023307,2.353592,1.8671324,1.9157474
1892,4.4566994,3.6391654,1.9402826,1.342166,1.2466794,3.1111784,3.301944,2.3532329,1.8667824,1.9154927
1893,4.4583707,3.640462,1.9407973,1.3425448,1.247008,3.1108518,3.3015568,2.352874,1.8664324,1.9152371
1894,4.4600434,3.6417599,1.9413135,1.3429255,1.2473345,3.1105251,3.3011708,2.3525157,1.8660822,1.914982
1895,4.4617143,3.6430569,1.9418302,1.3433061,1.2476621,3.1101975,3.3007846,2.3521574,1.865732,1.9147266
1896,4.4633827,3.6443517,1.9423449,1.3436837,1.2480018,3.1098657,3.300392,2.3517957,1.8653784,1.9144698
1897,4.465029,3.6456318,1.9428449,1.3440499,1.2483364,3.1095304,3.2999985,2.3514326,1.8650255,1.9142139
1898,4.4666753,3.646912,1.9433448,1.3444157,1.248671,3.1091957,3.2996042,2.3510695,1.8646717,1.9139577
1899,4.4683204,3.6481922,1.9438438,1.3447814,1.2490057,3.10886,3.2992096,2.3507068,1.8643188,1.9137024
1900,4.469966,3.6494713,1.9443438,1.3451474,1.2493404,3.1085253,3.2988157,2.3503432,1.8639657,1.9134458
1901,4.4716125,3.6507518,1.944844,1.3455131,1.2496754,3.1081896,3.2984214,2.3499806,1.8636127,1.9131902
1902,4.4732594,3.652032,1.9453437,1.3458791,1.2500097,3.1078548,3.2980268,2.3496172,1.8632596,1.9129342
1903,4.474904,3.6533124,1.9458435,1.3462448,1.2503445,3.1075196,3.297633,2.3492544,1.862906,1.9126786
1904,4.4765496,3.6545923,1.9463432,1.3466108,1.2506793,3.1071844,3.2972388,2.3488915,1.8625531,1.9124223
1905,4.4781804,3.6558585,1.9468358,1.3469694,1.2510107,3.1068459,3.2968416,2.348525,1.8621974,1.912165
1906,4.4798064,3.6571226,1.947326,1.3473263,1.2513413,3.1065063,3.2964425,2.3481588,1.8618414,1.9119068
1907,4.481433,3.6583853,1.9478166,1.3476827,1.2516719,3.1061668,3.296044,2.3477926,1.8614852,1.9116486
1908,4.48306,3.6596487,1.948307,1.3480396,1.2520027,3.1058273,3.2956452,2.347426,1.8611298,1.9113908
1909,4.4846864,3.660911,1.9487977,1.3483963,1.2523334,3.1054878,3.295247,2.347059,1.8607736,1.9111326
1910,4.4863143,3.662174,1.9492886,1.3487527,1.2526652,3.1051483,3.2948487,2.3466938,1.8604183,1.9108744
1911,4.487943,3.663436,1.9497797,1.3491082,1.2529981,3.1048093,3.2944505,2.346331,1.860065,1.9106164
1912,4.4895725,3.664697,1.9502709,1.3494635,1.2533314,3.1044698,3.294052,2.3459678,1.8597121,1.9103577
1913,4.491202,3.6659586,1.9507623,1.349819,1.2536645,3.1041307,3.2936542,2.3456054,1.8593588,1.9100999
1914,4.4928303,3.66722,1.9512534,1.3501744,1.2539978,3.1037912,3.293256,2.3452418,1.8590057,1.909841
1915,4.494459,3.668482,1.9517448,1.3505299,1.2543309,3.1034522,3.2928584,2.3448796,1.8586526,1.9095829
1916,4.496089,3.669743,1.9522364,1.3508852,1.2546642,3.1031127,3.2924607,2.3445165,1.8582993,1.9093248
1917,4.497718,3.6710045,1.9527276,1.3512406,1.2549971,3.1027741,3.2920616,2.344154,1.8579459,1.9090662
1918,4.4993463,3.6722653,1.9532173,1.3515959,1.2553295,3.1024342,3.291663,2.3437905,1.8575923,1.9088081
1919,4.5009747,3.673526,1.953707,1.3519511,1.255661,3.1020947,3.2912645,2.3434274,1.8572385,1.9085494
1920,4.5026016,3.6747863,1.9541967,1.3523061,1.2559925,3.1017542,3.2908654,2.3430636,1.8568845,1.9082912
1921,4.50423,3.6760466,1.9546859,1.3526614,1.2563242,3.1014147,3.2904663,2.342701,1.85653,1.9080328
1922,4.5058403,3.6773036,1.9551797,1.3530233,1.2566518,3.1010785,3.2900732,2.3423383,1.8561788,1.9077748
1923,4.5074325,3.678557,1.9556763,1.35339,1.2569788,3.100747,3.2896848,2.341977,1.8558307,1.9075168
1924,4.509025,3.679811,1.9561727,1.3537562,1.2573057,3.1004148,3.289296,2.3416152,1.8554823,1.9072586
1925,4.510617,3.6810644,1.9566696,1.3541224,1.2576326,3.1000834,3.2889078,2.341254,1.8551345,1.907001
1926,4.512208,3.682318,1.9571657,1.3544891,1.2579595,3.099752,3.2885191,2.3408923,1.8547862,1.9067432
1927,4.5138016,3.6835675,1.9576645,1.3548536,1.258283,3.0994215,3.2881339,2.3405342,1.8544424,1.9064834
1928,4.515388,3.684813,1.9581602,1.3552172,1.2586051,3.099091,3.2877471,2.3401756,1.8540998,1.9062229
1929,4.5169754,3.6860576,1.9586554,1.3555801,1.2589276,3.0987606,3.2873614,2.3398175,1.8537569,1.9059627
1930,4.5185623,3.6873035,1.9591508,1.3559434,1.2592498,3.0984306,3.2869742,2.3394587,1.8534138,1.9057026
1931,4.5201488,3.6885486,1.9596462,1.3563066,1.259572,3.0981002,3.286588,2.3391006,1.8530712,1.9054419
1932,4.521736,3.6897936,1.9601417,1.3566699,1.2598941,3.0977697,3.2862015,2.3387423,1.8527288,1.9051819
1933,4.5233226,3.6910386,1.9606369,1.3570335,1.2602165,3.0974393,3.285816,2.3383837,1.852386,1.9049213
1934,4.5249095,3.692284,1.9611328,1.3573966,1.260539,3.0971084,3.2854295,2.3380256,1.8520432,1.9046613
1935,4.526497,3.6935294,1.961628,1.3577597,1.260861,3.0967784,3.2850428,2.3376672,1.8517001,1.904401
1936,4.5280833,3.694775,1.9621234,1.3581233,1.2611834,3.096448,3.2846563,2.337309,1.8513577,1.9041404
1937,4.52967,3.69602,1.9626191,1.3584864,1.2615058,3.096117,3.2842698,2.3369505,1.8510149,1.9038802
1938,4.5312567,3.6972656,1.9631145,1.3588498,1.261828,3.0957866,3.2838833,2.3365924,1.8506725,1.9036201
1939,4.5328436,3.69851,1.9636097,1.3592131,1.2621502,3.0954566,3.283497,2.3362339,1.8503294,1.9033598
1940,4.5344296,3.699756,1.9641051,1.3595765,1.2624723,3.0951266,3.2831106,2.3358753,1.849987,1.9030991
1941,4.5360174,3.7010007,1.9646006,1.3599396,1.2627947,3.0947962,3.282724,2.3355167,1.849644,1.902839
1942,4.5376043,3.7022462,1.965096,1.3603027,1.263117,3.0944653,3.2823377,2.3351586,1.8493016,1.9025785
1943,4.53919,3.7034917,1.9655914,1.360666,1.2634393,3.0941348,3.2819512,2.3348002,1.8489583,1.9023179
1944,4.540778,3.7047362,1.9660857,1.3610296,1.2637614,3.0938067,3.281566,2.3344438,1.8486159,1.9020587
1945,4.5423656,3.7059817,1.9665794,1.3613935,1.2640835,3.0934796,3.2811806,2.334088,1.848274,1.9018
1946,4.5439525,3.7072258,1.9670732,1.3617573,1.2644058,3.0931525,3.2807958,2.3337321,1.8479314,1.9015411
1947,4.54554,3.7084713,1.9675677,1.3621209,1.2647281,3.0928254,3.280411,2.333376,1.8475895,1.9012822
1948,4.547127,3.709716,1.9680614,1.3624845,1.2650503,3.0924978,3.2800257,2.3330207,1.8472474,1.9010228
1949,4.548716,3.7109628,1.9685552,1.3628478,1.2653743,3.0921693,3.2796395,2.3326643,1.846904,1.9007629
1950,4.550311,3.7122152,1.9690497,1.3632095,1.265704,3.0918393,3.2792494,2.3323054,1.8465586,1.9004997
1951,4.5519056,3.7134674,1.9695444,1.3635712,1.2660338,3.0915089,3.2788599,2.3319473,1.8462126,1.9002364
1952,4.5534997,3.7147193,1.9700394,1.3639326,1.2663637,3.091178,3.2784703,2.3315887,1.8458669,1.8999732
1953,4.555095,3.715973,1.9705338,1.3642943,1.2666938,3.0908465,3.2780795,2.3312304,1.8455215,1.8997097
1954,4.55669,3.7172248,1.9710283,1.3646557,1.2670236,3.090516,3.2776897,2.3308716,1.8451753,1.8994466
1955,4.558284,3.718476,1.9715233,1.3650177,1.2673534,3.0901852,3.2773,2.330514,1.8448298,1.8991829
1956,4.55988,3.7197292,1.9720178,1.3653793,1.2676833,3.0898552,3.27691,2.3301551,1.8444843,1.89892
1957,4.561472,3.7209618,1.9725168,1.3657467,1.2680166,3.0895295,3.2765281,2.3298035,1.8441465,1.8986598
1958,4.563063,3.7221837,1.9730184,1.3661184,1.2683522,3.0892081,3.27615,2.3294556,1.8438137,1.898403
1959,4.5646553,3.7234054,1.9735196,1.3664896,1.2686881,3.0888863,3.2757714,2.329108,1.8434815,1.8981457
1960,4.566248,3.7246265,1.9740212,1.3668611,1.2690238,3.0885649,3.2753932,2.3287604,1.843149,1.8978885
1961,4.5678396,3.725847,1.9745231,1.3672326,1.2693595,3.088243,3.2750156,2.3284128,1.8428161,1.8976314
1962,4.5694304,3.7270668,1.9750247,1.3676035,1.2696944,3.0879211,3.274637,2.328065,1.8424835,1.8973738
1963,4.571023,3.7282863,1.9755259,1.3679745,1.2700294,3.0875978,3.274258,2.327717,1.8421507,1.8971163
1964,4.5726147,3.7295058,1.9760277,1.3683455,1.2703644,3.087276,3.2738798,2.3273695,1.8418176,1.8968585
1965,4.5742073,3.730725,1.9765291,1.3687165,1.2706993,3.0869536,3.2735012,2.3270214,1.8414845,1.8966004
1966,4.5757947,3.7319407,1.9770312,1.3690867,1.2710286,3.0866327,3.273126,2.3266711,1.8411515,1.8963473
1967,4.5773797,3.7331543,1.9775338,1.3694568,1.2713544,3.0863132,3.272753,2.3263187,1.8408184,1.8960968
1968,4.578966,3.7343688,1.9780369,1.369827,1.2716798,3.0859933,3.27238,2.3259664,1.8404856,1.8958461
1969,4.580552,3.7355826,1.9785397,1.3701968,1.2720054,3.0856733,3.2720075,2.3256145,1.840152,1.8955954
1970,4.582138,3.7367966,1.979042,1.3705668,1.2723311,3.0853534,3.2716343,2.3252616,1.8398197,1.8953451
1971,4.5837235,3.7380104,1.9795449,1.3709369,1.2726566,3.085034,3.2712617,2.3249102,1.8394866,1.8950945
1972,4.585309,3.739224,1.9800475,1.3713071,1.2729822,3.084714,3.270889,2.3245573,1.8391533,1.8948444
1973,4.586896,3.7404394,1.9805503,1.3716748,1.2733049,3.084394,3.2705162,2.3242047,1.8388214,1.8945907
1974,4.5884852,3.7416532,1.9810534,1.3720405,1.2736245,3.084074,3.2701435,2.3238516,1.838489,1.8943352
1975,4.590065,3.7428617,1.9815495,1.3724031,1.2739469,3.083754,3.2697713,2.3234963,1.8381572,1.8940803
1976,4.591643,3.7440658,1.9820457,1.3727686,1.274271,3.083437,3.2694054,2.3231428,1.8378232,1.8938276
1977,4.593222,3.7452703,1.9825423,1.3731339,1.2745948,3.0831194,3.2690399,2.322789,1.8374891,1.8935757
1978,4.5948005,3.7464743,1.9830384,1.3734994,1.2749189,3.0828018,3.2686737,2.322435,1.8371553,1.8933233
1979,4.59638,3.747679,1.9835348,1.3738651,1.2752432,3.0824842,3.2683074,2.3220816,1.8368208,1.893071
1980,4.5979586,3.7488832,1.9840312,1.3742306,1.2755672,3.0821671,3.267942,2.321727,1.8364863,1.8928189
1981,4.5995374,3.7500868,1.9845276,1.3745961,1.2758912,3.08185,3.2675757,2.3213737,1.8361523,1.8925668
1982,4.601116,3.7512922,1.985024,1.3749616,1.2762152,3.0815325,3.2672098,2.32102,1.8358185,1.8923146
1983,4.602695,3.7524955,1.9855201,1.3753269,1.2765391,3.0812154,3.266844,2.3206654,1.8354847,1.892062
1984,4.6042733,3.7537007,1.9860165,1.3756926,1.2768632,3.0808978,3.2664778,2.3203118,1.8351505,1.8918098
1985,4.605852,3.7549047,1.9865129,1.3760583,1.2771875,3.0805807,3.2661119,2.3199577,1.8348162,1.8915575
1986,4.6074305,3.756109,1.987009,1.3764236,1.2775115,3.080264,3.2657464,2.3196042,1.8344824,1.8913056
1987,4.6090097,3.7573133,1.9875059,1.3767893,1.2778356,3.0799465,3.2653806,2.3192508,1.8341479,1.8910533
1988,4.6105886,3.7585182,1.9880023,1.3771546,1.2781596,3.079629,3.2650142,2.3188965,1.8338144,1.8908011
1989,4.6121674,3.759722,1.9884987,1.3775201,1.2784836,3.0793114,3.264649,2.3185427,1.8334799,1.8905491
1990,4.6137433,3.7609239,1.9889889,1.377877,1.2788112,3.078992,3.2642806,2.3181846,1.8331454,1.8902973
1991,4.6153183,3.7621257,1.9894776,1.3782322,1.2791394,3.0786734,3.263913,2.3178265,1.8328109,1.8900455
1992,4.616894,3.7633266,1.9899671,1.3785872,1.2794677,3.0783544,3.2635446,2.317468,1.8324752,1.889794
1993,4.618469,3.7645278,1.9904563,1.3789423,1.2797958,3.0780354,3.2631764,2.3171103,1.8321407,1.8895427
1994,4.6200457,3.7657294,1.990946,1.3792975,1.2801241,3.0777159,3.2628086,2.316752,1.831806,1.8892905
1995,4.621626,3.7669334,1.9914405,1.3796549,1.2804506,3.0773954,3.2624373,2.3163939,1.8314688,1.8890378
1996,4.623207,3.768136,1.991935,1.380012,1.2807771,3.0770755,3.2620666,2.3160362,1.8311331,1.888785
1997,4.624788,3.7693386,1.9924293,1.380369,1.2811036,3.076755,3.261696,2.3156784,1.830796,1.8885326
1998,4.6263685,3.7705417,1.9929245,1.3807263,1.28143,3.0764356,3.2613256,2.3153205,1.8304596,1.88828
1999,4.627949,3.7717452,1.9934185,1.3810833,1.2817565,3.0761151,3.260955,2.3149626,1.8301234,1.8880272
